{"id": 17597, "annotations": [{"id": 17700, "completed_by": 2, "result": [{"type": "labels", "value": {"end": 9, "text": "Operator", "start": 0, "labels": ["OPERATOR"]}, "origin": "manual", "to_name": "text", "from_name": "label-intro"}, {"type": "labels", "value": {"end": 43, "text": ": Gene Munster with Piper Jaffray.", "start": 10, "labels": ["INTRO"]}, "origin": "manual", "to_name": "text", "from_name": "label-intro"}, {"type": "labels", "value": {"end": 56, "text": "Gene Munster", "start": 43, "labels": ["ANALYST"]}, "origin": "manual", "to_name": "text", "from_name": "label-intro"}, {"type": "labels", "value": {"end": 590, "text": ": Good afternoon. Tim, you gave some nice data points around Apple Pay. Can you remind us? Is this a business that ultimately impacts the Services line in any measurable way, or is Apple Pay generally about selling iPhones? And separately, when you just take a step back and look at the proof point that the augmented reality [AR] theme has had with this whole Pok\u00e9mon phenomenon, how does it impact how you think about the future? I assume you think about it. I'm just curious what goes on in your mind when you see all that. Thanks.", "start": 57, "labels": ["QUESTION"]}, "origin": "manual", "to_name": "text", "from_name": "label-intro"}, {"type": "labels", "value": {"end": 610, "text": "Timothy Donald Cook", "start": 590, "labels": ["REPRESENTATIVE"]}, "origin": "manual", "to_name": "text", "from_name": "label-intro"}, {"type": "labels", "value": {"end": 1829, "text": ": On the Apple Pay side, the revenues from Apple Pay are in the Services line. The growth is astronomical, but the base is very small. And so for today, Apple Pay is very much about a great feature for our customers so that they can pay in a very simple, private, and secure way. In terms of AR and the Pok\u00e9mon phenomenon, it's incredible what has happened there. I think it's a testament to what happens with innovative apps and the whole ecosystem and the power of being a developer being able to press a button, so to speak, and offer their product around the world. And just a certain developer has elected not to go worldwide yet because of the pressure on their servers, et cetera, because of the demand. But I'm sure that they will over time. It also does show, as you point out, that AR can be really great. And we have been and continue to invest a lot in this. We are high on AR for the long run. We think there are great things for customers and a great commercial opportunity. And so we're investing, and the number one thing is to make sure our products work well with other developers' products like Pok\u00e9mon. And so that's the reason why you see so many iPhones out in the wild right now chasing Pok\u00e9mons.", "start": 611, "labels": ["ANSWER"]}, "origin": "manual", "to_name": "text", "from_name": "label-intro"}, {"type": "labels", "value": {"end": 1842, "text": "Gene Munster", "start": 1829, "labels": ["ANALYST"]}, "origin": "manual", "to_name": "text", "from_name": "label-intro"}, {"type": "labels", "value": {"end": 1914, "text": ": Would you say there's going to be a computing shift to AR longer term?", "start": 1843, "labels": ["QUESTION"]}, "origin": "manual", "to_name": "text", "from_name": "label-intro"}, {"type": "labels", "value": {"end": 1934, "text": "Timothy Donald Cook", "start": 1914, "labels": ["REPRESENTATIVE"]}, "origin": "manual", "to_name": "text", "from_name": "label-intro"}, {"type": "labels", "value": {"end": 2239, "text": ": I notice there are people that want to call it a new computer platform, and we'll see. I think there's a tendency in this industry to call everything new the next computer platform. However, that said, I think AR can be huge. So we'll see whether it's the next platform. But regardless, it will be huge.", "start": 1935, "labels": ["ANSWER"]}, "origin": "manual", "to_name": "text", "from_name": "label-intro"}, {"type": "labels", "value": {"end": 2252, "text": "Gene Munster", "start": 2239, "labels": ["ANALYST"]}, "origin": "manual", "to_name": "text", "from_name": "label-intro"}, {"type": "labels", "value": {"end": 2264, "text": ": Thank you.", "start": 2253, "labels": ["QUESTION"]}, "origin": "manual", "to_name": "text", "from_name": "label-intro"}, {"type": "labels", "value": {"end": 2277, "text": "Nancy Paxton", "start": 2264, "labels": ["ANALYST"]}, "origin": "manual", "to_name": "text", "from_name": "label-intro"}, {"type": "labels", "value": {"end": 2331, "text": ": Thanks, Gene. Can we have the next question, please?", "start": 2278, "labels": ["QUESTION"]}, "origin": "manual", "to_name": "text", "from_name": "label-intro"}], "was_cancelled": false, "ground_truth": true, "created_at": "2022-02-04T10:03:51.627100Z", "updated_at": "2022-02-04T10:03:51.627106Z", "lead_time": null, "prediction": {}, "result_count": 0, "task": 17597, "parent_prediction": null, "parent_annotation": null}], "data": {"year": 2016, "company": "AAPL", "my_text": "\nOperator: Gene Munster with Piper Jaffray.\nGene Munster: Good afternoon. Tim, you gave some nice data points around Apple Pay. Can you remind us? Is this a business that ultimately impacts the Services line in any measurable way, or is Apple Pay generally about selling iPhones? And separately, when you just take a step back and look at the proof point that the augmented reality [AR] theme has had with this whole Pok\u00e9mon phenomenon, how does it impact how you think about the future? I assume you think about it. I'm just curious what goes on in your mind when you see all that. Thanks.\nTimothy Donald Cook: On the Apple Pay side, the revenues from Apple Pay are in the Services line. The growth is astronomical, but the base is very small. And so for today, Apple Pay is very much about a great feature for our customers so that they can pay in a very simple, private, and secure way. In terms of AR and the Pok\u00e9mon phenomenon, it's incredible what has happened there. I think it's a testament to what happens with innovative apps and the whole ecosystem and the power of being a developer being able to press a button, so to speak, and offer their product around the world. And just a certain developer has elected not to go worldwide yet because of the pressure on their servers, et cetera, because of the demand. But I'm sure that they will over time. It also does show, as you point out, that AR can be really great. And we have been and continue to invest a lot in this. We are high on AR for the long run. We think there are great things for customers and a great commercial opportunity. And so we're investing, and the number one thing is to make sure our products work well with other developers' products like Pok\u00e9mon. And so that's the reason why you see so many iPhones out in the wild right now chasing Pok\u00e9mons.\nGene Munster: Would you say there's going to be a computing shift to AR longer term?\nTimothy Donald Cook: I notice there are people that want to call it a new computer platform, and we'll see. I think there's a tendency in this industry to call everything new the next computer platform. However, that said, I think AR can be huge. So we'll see whether it's the next platform. But regardless, it will be huge.\nGene Munster: Thank you.\nNancy Paxton: Thanks, Gene. Can we have the next question, please?", "quarter": 3}}