{"id": 18890, "annotations": [{"id": 18993, "completed_by": 2, "result": [{"type": "labels", "value": {"end": 9, "text": "Operator", "start": 0, "labels": ["OPERATOR"]}, "origin": "manual", "to_name": "text", "from_name": "label-intro"}, {"type": "labels", "value": {"end": 81, "text": ": Certainly, today that will come from Katy Huberty with Morgan Stanley.", "start": 10, "labels": ["INTRO"]}, "origin": "manual", "to_name": "text", "from_name": "label-intro"}, {"type": "labels", "value": {"end": 94, "text": "Katy Huberty", "start": 81, "labels": ["ANALYST"]}, "origin": "manual", "to_name": "text", "from_name": "label-intro"}, {"type": "labels", "value": {"end": 391, "text": ": Thank you. Good afternoon and congratulations on the quarter. iPhone revenue trajectory did improve, but it's still declined 9%. So can you talk about the drivers that will allow you to get that category back to growth? And if you think that's something that's realistic to expect in fiscal '20?", "start": 95, "labels": ["QUESTION"]}, "origin": "manual", "to_name": "text", "from_name": "label-intro"}, {"type": "labels", "value": {"end": 400, "text": "Tim Cook", "start": 391, "labels": ["REPRESENTATIVE"]}, "origin": "manual", "to_name": "text", "from_name": "label-intro"}, {"type": "labels", "value": {"end": 712, "text": ": Katy, it's Tim. We are very thrilled with what we're seeing in early going on iPhone 11 and iPhone 11 Pro and Pro Max. It's early but the trends look very good. So I don't want to make a long-range forecast here. We've put our current thinking in the guidance and you can tell from the guidance we are bullish.", "start": 401, "labels": ["ANSWER"]}, "origin": "manual", "to_name": "text", "from_name": "label-intro"}, {"type": "labels", "value": {"end": 725, "text": "Katy Huberty", "start": 712, "labels": ["ANALYST"]}, "origin": "manual", "to_name": "text", "from_name": "label-intro"}, {"type": "labels", "value": {"end": 1078, "text": ": Great. And Luca on margins guidance is consistent with September, but there is a lot going on under the covers; tariffs could expand in mid-December; there is some impact from the TV+ bundle; you have some big currency in commodity price move. So can you just talk about the gives and takes that land you at the December quarter gross margin guidance?", "start": 726, "labels": ["QUESTION"]}, "origin": "manual", "to_name": "text", "from_name": "label-intro"}, {"type": "labels", "value": {"end": 1091, "text": "Luca Maestri", "start": 1078, "labels": ["REPRESENTATIVE"]}, "origin": "manual", "to_name": "text", "from_name": "label-intro"}, {"type": "labels", "value": {"end": 1903, "text": ": Yes. Katy, of course. As you said, I mean at the midpoint of the range, we are essentially flat sequentially. On one side, we expect -- on the positive side, we expect leverage from higher revenue. On the other side, foreign exchange for us continues to be probably the biggest headwind that we've got right now is going to be negative 70 basis points on a sequential basis.Also keep in mind that during the holiday season, we have a higher mix of products revenue than we have in other quarters, and that obviously is dilutive to the company -- to the company margin.On a year-over-year basis, we are also about flat. And on one side, we've got better commodity pricing, the environment is better than it was a year ago, but foreign exchange is a negative impact of 120 basis points on a year-over-year basis.", "start": 1092, "labels": ["ANSWER"]}, "origin": "manual", "to_name": "text", "from_name": "label-intro"}, {"type": "labels", "value": {"end": 1916, "text": "Nancy Paxton", "start": 1903, "labels": ["REPRESENTATIVE"]}, "origin": "manual", "to_name": "text", "from_name": "label-intro"}, {"type": "labels", "value": {"end": 1972, "text": ": Thank you, Katy. Can we have the next question please?", "start": 1917, "labels": ["ANSWER"]}, "origin": "manual", "to_name": "text", "from_name": "label-intro"}], "was_cancelled": false, "ground_truth": true, "created_at": "2022-02-04T10:25:35.351030Z", "updated_at": "2022-02-04T10:25:35.351035Z", "lead_time": null, "prediction": {}, "result_count": 0, "task": 18890, "parent_prediction": null, "parent_annotation": null}], "data": {"year": 2019, "company": "AAPL", "my_text": "\nOperator: Certainly, today that will come from Katy Huberty with Morgan Stanley.\nKaty Huberty: Thank you. Good afternoon and congratulations on the quarter. iPhone revenue trajectory did improve, but it's still declined 9%. So can you talk about the drivers that will allow you to get that category back to growth? And if you think that's something that's realistic to expect in fiscal '20?\nTim Cook: Katy, it's Tim. We are very thrilled with what we're seeing in early going on iPhone 11 and iPhone 11 Pro and Pro Max. It's early but the trends look very good. So I don't want to make a long-range forecast here. We've put our current thinking in the guidance and you can tell from the guidance we are bullish.\nKaty Huberty: Great. And Luca on margins guidance is consistent with September, but there is a lot going on under the covers; tariffs could expand in mid-December; there is some impact from the TV+ bundle; you have some big currency in commodity price move. So can you just talk about the gives and takes that land you at the December quarter gross margin guidance?\nLuca Maestri: Yes. Katy, of course. As you said, I mean at the midpoint of the range, we are essentially flat sequentially. On one side, we expect -- on the positive side, we expect leverage from higher revenue. On the other side, foreign exchange for us continues to be probably the biggest headwind that we've got right now is going to be negative 70 basis points on a sequential basis.Also keep in mind that during the holiday season, we have a higher mix of products revenue than we have in other quarters, and that obviously is dilutive to the company -- to the company margin.On a year-over-year basis, we are also about flat. And on one side, we've got better commodity pricing, the environment is better than it was a year ago, but foreign exchange is a negative impact of 120 basis points on a year-over-year basis.\nNancy Paxton: Thank you, Katy. Can we have the next question please?", "quarter": 4}}