{"id": 20351, "annotations": [{"id": 20750, "completed_by": 2, "result": [{"type": "labels", "value": {"end": 9, "text": "Operator", "start": 0, "labels": ["OPERATOR"]}, "origin": "manual", "to_name": "text", "from_name": "label-intro"}, {"type": "labels", "value": {"end": 90, "text": ": Certainly. Our first question will come from Shannon Cross with Cross Research.", "start": 10, "labels": ["INTRO"]}, "origin": "manual", "to_name": "text", "from_name": "label-intro"}, {"type": "labels", "value": {"end": 104, "text": "Shannon Cross", "start": 90, "labels": ["ANALYST"]}, "origin": "manual", "to_name": "text", "from_name": "label-intro"}, {"type": "labels", "value": {"end": 483, "text": ": Thank you very much for taking my question. Tim, can you talk a bit more about what you're seeing in China? Clearly, it looks like things are improving sequentially. You also mentioned that last few weeks of the quarter, were stabilizing in emerging markets, I believe. So what are customers saying there and what are your partners saying in China? And then I have a follow-up.", "start": 105, "labels": ["QUESTION"]}, "origin": "manual", "to_name": "text", "from_name": "label-intro"}, {"type": "labels", "value": {"end": 492, "text": "Tim Cook", "start": 483, "labels": ["REPRESENTATIVE"]}, "origin": "manual", "to_name": "text", "from_name": "label-intro"}, {"type": "labels", "value": {"end": 1551, "text": ": Yeah. Thanks for the question, Shannon. We're seeing -- in the iPhone space, we saw a better year-over-year performance in the last weeks of the quarter as compared to the full quarter or November and December, which was sort of a -- it appears to be the trough. I think there's a set of reasons for this. One, we made some price adjustments essentially backing out the weaker currency effect and then some. There's stimulus programs that the government has executed including -- and this happened in early April, VAT being reduced from 16% to 13%, so they've been aggressive in the stimulus side. Three, our trade-in and financing programs that we\u2019ve implemented in our retail stores have been very well received there, and I'm happy with the results to date there. And then four, there's an improved trade dialog between the U.S. and China. And from our point of view, this has affected consumer confidence on the ground there in a positive way. And so, I think it's a set of all of these things and we certainly feel a lot better than we did 90 days ago.", "start": 493, "labels": ["ANSWER"]}, "origin": "manual", "to_name": "text", "from_name": "label-intro"}, {"type": "labels", "value": {"end": 1565, "text": "Shannon Cross", "start": 1551, "labels": ["ANALYST"]}, "origin": "manual", "to_name": "text", "from_name": "label-intro"}, {"type": "labels", "value": {"end": 2003, "text": ": Great. Thank you. And then, I'm sure you're probably expecting a question on Qualcomm settlement. So what would you like to say on this settlement? How are you thinking about your component providers going forward? And how should we think about this with regard to -- I don't know your development plans in the future because I'm sure you're not going to talk about when you're going to do 5G, but clearly it helps that path. Thank you.", "start": 1566, "labels": ["QUESTION"]}, "origin": "manual", "to_name": "text", "from_name": "label-intro"}, {"type": "labels", "value": {"end": 2012, "text": "Tim Cook", "start": 2003, "labels": ["REPRESENTATIVE"]}, "origin": "manual", "to_name": "text", "from_name": "label-intro"}, {"type": "labels", "value": {"end": 2373, "text": ": Yeah. Thank you, Shannon. We're glad to put the litigation behind us, and all the litigation around the world has been dismissed and settled. We're very happy to have a multi-year supply agreement, and we're happy that we have a direct license arrangement with Qualcomm, which was I know important for both companies, and so we feel good about the resolution.", "start": 2013, "labels": ["ANSWER"]}, "origin": "manual", "to_name": "text", "from_name": "label-intro"}, {"type": "labels", "value": {"end": 2386, "text": "Nancy Paxton", "start": 2373, "labels": ["REPRESENTATIVE"]}, "origin": "manual", "to_name": "text", "from_name": "label-intro"}, {"type": "labels", "value": {"end": 2446, "text": ": Thank you, Shannon. Can we have the next question, please?", "start": 2387, "labels": ["ANSWER"]}, "origin": "manual", "to_name": "text", "from_name": "label-intro"}], "was_cancelled": false, "ground_truth": true, "created_at": "2022-03-20T08:53:40.751090Z", "updated_at": "2022-03-20T08:53:40.751106Z", "lead_time": null, "prediction": {}, "result_count": 0, "task": 20351, "parent_prediction": null, "parent_annotation": null}], "data": {"year": 2019, "company": "AAPL", "my_text": "\nOperator: Certainly. Our first question will come from Shannon Cross with Cross Research.\nShannon Cross: Thank you very much for taking my question. Tim, can you talk a bit more about what you're seeing in China? Clearly, it looks like things are improving sequentially. You also mentioned that last few weeks of the quarter, were stabilizing in emerging markets, I believe. So what are customers saying there and what are your partners saying in China? And then I have a follow-up.\nTim Cook: Yeah. Thanks for the question, Shannon. We're seeing -- in the iPhone space, we saw a better year-over-year performance in the last weeks of the quarter as compared to the full quarter or November and December, which was sort of a -- it appears to be the trough. I think there's a set of reasons for this. One, we made some price adjustments essentially backing out the weaker currency effect and then some. There's stimulus programs that the government has executed including -- and this happened in early April, VAT being reduced from 16% to 13%, so they've been aggressive in the stimulus side. Three, our trade-in and financing programs that we\u2019ve implemented in our retail stores have been very well received there, and I'm happy with the results to date there. And then four, there's an improved trade dialog between the U.S. and China. And from our point of view, this has affected consumer confidence on the ground there in a positive way. And so, I think it's a set of all of these things and we certainly feel a lot better than we did 90 days ago.\nShannon Cross: Great. Thank you. And then, I'm sure you're probably expecting a question on Qualcomm settlement. So what would you like to say on this settlement? How are you thinking about your component providers going forward? And how should we think about this with regard to -- I don't know your development plans in the future because I'm sure you're not going to talk about when you're going to do 5G, but clearly it helps that path. Thank you.\nTim Cook: Yeah. Thank you, Shannon. We're glad to put the litigation behind us, and all the litigation around the world has been dismissed and settled. We're very happy to have a multi-year supply agreement, and we're happy that we have a direct license arrangement with Qualcomm, which was I know important for both companies, and so we feel good about the resolution.\nNancy Paxton: Thank you, Shannon. Can we have the next question, please?", "quarter": 2}}