{"id": 17575, "annotations": [{"id": 17678, "completed_by": 2, "result": [{"type": "labels", "value": {"end": 9, "text": "Operator", "start": 0, "labels": ["OPERATOR"]}, "origin": "manual", "to_name": "text", "from_name": "label-intro"}, {"type": "labels", "value": {"end": 106, "text": ": [Operator Instructions] Your first question will come from Simona Jankowski with Goldman Sachs.", "start": 10, "labels": ["INTRO"]}, "origin": "manual", "to_name": "text", "from_name": "label-intro"}, {"type": "labels", "value": {"end": 123, "text": "Simona Jankowski", "start": 106, "labels": ["ANALYST"]}, "origin": "manual", "to_name": "text", "from_name": "label-intro"}, {"type": "labels", "value": {"end": 664, "text": ": Hi, thank you very much. Just in terms of your March quarter guidance, it does imply a double-digit decline at the midpoint. Maybe if you can just clarify, first of all, what FX headwind is embedded in that? And then just going to the fundamental underpinning reasons for that, how much of it do you think has to do with international markets in terms of weakening demand and how much of that do you think is comps versus any other factors you might identify, such as a response to higher prices for the iPhone in certain overseas markets?", "start": 124, "labels": ["QUESTION"]}, "origin": "manual", "to_name": "text", "from_name": "label-intro"}, {"type": "labels", "value": {"end": 677, "text": "Luca Maestri", "start": 664, "labels": ["REPRESENTATIVE"]}, "origin": "manual", "to_name": "text", "from_name": "label-intro"}, {"type": "labels", "value": {"end": 2054, "text": ": Thank you, Simona. Let me take this one. In constant currency, when you look at it for the March quarter, revenue would be down between 5% and 10%. So, we are looking at a 400 basis point impact from foreign exchange for the March quarter. You talked about a number of issues that are, in fact, included in this guidance. In addition to lapping, of course, a very strong year ago quarter -- just remind you that revenue growth a year ago was up 27%, there's a number of things that we're facing. The macroeconomic environment is weakening. When you think about all the -- particularly all the commodity-driven economies, Brazil and Russia and emerging markets, but also Canada, Australia in developed markets, clearly the economy is significantly weaker than a year ago. We talked about the unfavorable FX, which again is 400 basis points. One of the things that we've done to respond to the foreign exchange situation has been to increase the price of some of our products in certain international markets. That has had the effect of protecting our margins, which you've seen have been very strong, both in the December quarter and in the guidance that we provide for the March quarter. But inevitably over time, higher prices affect demand and so we're capturing that in our guidance. So, I would say these are the major reasons and the drivers for the guidance on revenue.", "start": 678, "labels": ["ANSWER"]}, "origin": "manual", "to_name": "text", "from_name": "label-intro"}, {"type": "labels", "value": {"end": 2071, "text": "Simona Jankowski", "start": 2054, "labels": ["ANALYST"]}, "origin": "manual", "to_name": "text", "from_name": "label-intro"}, {"type": "labels", "value": {"end": 2083, "text": ": Thank you.", "start": 2072, "labels": ["QUESTION"]}, "origin": "manual", "to_name": "text", "from_name": "label-intro"}, {"type": "labels", "value": {"end": 2096, "text": "Nancy Paxton", "start": 2083, "labels": ["ANALYST"]}, "origin": "manual", "to_name": "text", "from_name": "label-intro"}, {"type": "labels", "value": {"end": 2156, "text": ": Thank you, Simona. Could we have the next question please?", "start": 2097, "labels": ["QUESTION"]}, "origin": "manual", "to_name": "text", "from_name": "label-intro"}], "was_cancelled": false, "ground_truth": true, "created_at": "2022-02-04T10:03:51.625059Z", "updated_at": "2022-02-04T10:03:51.625064Z", "lead_time": null, "prediction": {}, "result_count": 0, "task": 17575, "parent_prediction": null, "parent_annotation": null}], "data": {"year": 2016, "company": "AAPL", "my_text": "\nOperator: [Operator Instructions] Your first question will come from Simona Jankowski with Goldman Sachs.\nSimona Jankowski: Hi, thank you very much. Just in terms of your March quarter guidance, it does imply a double-digit decline at the midpoint. Maybe if you can just clarify, first of all, what FX headwind is embedded in that? And then just going to the fundamental underpinning reasons for that, how much of it do you think has to do with international markets in terms of weakening demand and how much of that do you think is comps versus any other factors you might identify, such as a response to higher prices for the iPhone in certain overseas markets?\nLuca Maestri: Thank you, Simona. Let me take this one. In constant currency, when you look at it for the March quarter, revenue would be down between 5% and 10%. So, we are looking at a 400 basis point impact from foreign exchange for the March quarter. You talked about a number of issues that are, in fact, included in this guidance. In addition to lapping, of course, a very strong year ago quarter -- just remind you that revenue growth a year ago was up 27%, there's a number of things that we're facing. The macroeconomic environment is weakening. When you think about all the -- particularly all the commodity-driven economies, Brazil and Russia and emerging markets, but also Canada, Australia in developed markets, clearly the economy is significantly weaker than a year ago. We talked about the unfavorable FX, which again is 400 basis points. One of the things that we've done to respond to the foreign exchange situation has been to increase the price of some of our products in certain international markets. That has had the effect of protecting our margins, which you've seen have been very strong, both in the December quarter and in the guidance that we provide for the March quarter. But inevitably over time, higher prices affect demand and so we're capturing that in our guidance. So, I would say these are the major reasons and the drivers for the guidance on revenue.\nSimona Jankowski: Thank you.\nNancy Paxton: Thank you, Simona. Could we have the next question please?", "quarter": 1}}