{"id": 17603, "annotations": [{"id": 17706, "completed_by": 2, "result": [{"type": "labels", "value": {"end": 9, "text": "Operator", "start": 0, "labels": ["OPERATOR"]}, "origin": "manual", "to_name": "text", "from_name": "label-intro"}, {"type": "labels", "value": {"end": 54, "text": ": We'll go to Toni Sacconaghi with Bernstein.", "start": 10, "labels": ["INTRO"]}, "origin": "manual", "to_name": "text", "from_name": "label-intro"}, {"type": "labels", "value": {"end": 76, "text": "Antonio M. Sacconaghi", "start": 54, "labels": ["ANALYST"]}, "origin": "manual", "to_name": "text", "from_name": "label-intro"}, {"type": "labels", "value": {"end": 976, "text": ": Yes. Thank you. I have a question and a follow-up, please. I guess a cynic could say Apple is benefiting from an extra week this quarter and is benefiting from Samsung being in complete disarray. And yet from your guidance, it's unclear that iPhone unit growth will be up or certainly not up more than low single-digits implied from your guidance. And I appreciate some of the issues around channel inventory build and the timing of the launch, but if I just stand back from that and say you have terrific new products, your major competitor's laying down, you have an enormous, you have a significant contribution from an extra week, arguably 7% or 8%, and yet the iPhone growth is sort of flattish, what does that really say about how investors should think about iPhone on a sustained basis growing forward? And is it reasonable to think that this is an ongoing growing business for the company?", "start": 77, "labels": ["QUESTION"]}, "origin": "manual", "to_name": "text", "from_name": "label-intro"}, {"type": "labels", "value": {"end": 989, "text": "Luca Maestri", "start": 976, "labels": ["REPRESENTATIVE"]}, "origin": "manual", "to_name": "text", "from_name": "label-intro"}, {"type": "labels", "value": {"end": 2110, "text": ": Toni, let me take this one. I think you mentioned a number of the things that are affecting us in the December quarter, and I went through them with Katy just a few minutes ago. You're right, we've got an extra few days. You know very well the launch timing is different. You know that we increased iPhone channel inventory by 3.3 million units a year ago. I mentioned two issues that affect us, the one-timer from a year ago that you obviously need to exclude from the compare and the FX that is the reality of our business right now. But maybe the most important element of this is the fact that we are supply constrained on 7 and 7 Plus. And so when you talk about other competitors, it's not particularly relevant to us right now because we are selling everything that we can produce. And so when we look at all these things in its totality, we think that for the total company of course, we believe that revenue's going to grow. You know that we don't get into specific product from a unit standpoint giving guidance, and so we feel very confident about the trajectory for the company and for iPhone going forward.", "start": 990, "labels": ["ANSWER"]}, "origin": "manual", "to_name": "text", "from_name": "label-intro"}, {"type": "labels", "value": {"end": 2132, "text": "Antonio M. Sacconaghi", "start": 2110, "labels": ["ANALYST"]}, "origin": "manual", "to_name": "text", "from_name": "label-intro"}, {"type": "labels", "value": {"end": 2712, "text": ": Okay. Tim, if I could ask you one, please. You've talked in the past about television being an area of intense interest. I was wondering if you could reaffirm that statement. Is that still the case? And then additionally, given what's happening with acquisitions, how broadly you think about the role of content. Apple has started creating on a very limited scale some of its own content and whether you think content creation and ownership is important to Apple, or whether Apple ultimately sees its place in the value chain as being more around the ecosystem and distribution.", "start": 2133, "labels": ["QUESTION"]}, "origin": "manual", "to_name": "text", "from_name": "label-intro"}, {"type": "labels", "value": {"end": 2732, "text": "Timothy Donald Cook", "start": 2712, "labels": ["REPRESENTATIVE"]}, "origin": "manual", "to_name": "text", "from_name": "label-intro"}, {"type": "labels", "value": {"end": 3162, "text": ": I would confirm that television has intense interest with me and many other people here. In terms of owning content and creating content, we have started with focusing on some original content, as you point out. We've got a few things going there that we've talked about. And I think it's a great opportunity for us both from a creation point of view and an ownership point of view. and so it's is an area that we're focused on.", "start": 2733, "labels": ["ANSWER"]}, "origin": "manual", "to_name": "text", "from_name": "label-intro"}, {"type": "labels", "value": {"end": 3175, "text": "Nancy Paxton", "start": 3162, "labels": ["ANALYST"]}, "origin": "manual", "to_name": "text", "from_name": "label-intro"}, {"type": "labels", "value": {"end": 3234, "text": ": Thank you, Toni. Could we have the next question, please?", "start": 3176, "labels": ["QUESTION"]}, "origin": "manual", "to_name": "text", "from_name": "label-intro"}], "was_cancelled": false, "ground_truth": true, "created_at": "2022-02-04T10:03:51.627684Z", "updated_at": "2022-02-04T10:03:51.627689Z", "lead_time": null, "prediction": {}, "result_count": 0, "task": 17603, "parent_prediction": null, "parent_annotation": null}], "data": {"year": 2016, "company": "AAPL", "my_text": "\nOperator: We'll go to Toni Sacconaghi with Bernstein.\nAntonio M. Sacconaghi: Yes. Thank you. I have a question and a follow-up, please. I guess a cynic could say Apple is benefiting from an extra week this quarter and is benefiting from Samsung being in complete disarray. And yet from your guidance, it's unclear that iPhone unit growth will be up or certainly not up more than low single-digits implied from your guidance. And I appreciate some of the issues around channel inventory build and the timing of the launch, but if I just stand back from that and say you have terrific new products, your major competitor's laying down, you have an enormous, you have a significant contribution from an extra week, arguably 7% or 8%, and yet the iPhone growth is sort of flattish, what does that really say about how investors should think about iPhone on a sustained basis growing forward? And is it reasonable to think that this is an ongoing growing business for the company?\nLuca Maestri: Toni, let me take this one. I think you mentioned a number of the things that are affecting us in the December quarter, and I went through them with Katy just a few minutes ago. You're right, we've got an extra few days. You know very well the launch timing is different. You know that we increased iPhone channel inventory by 3.3 million units a year ago. I mentioned two issues that affect us, the one-timer from a year ago that you obviously need to exclude from the compare and the FX that is the reality of our business right now. But maybe the most important element of this is the fact that we are supply constrained on 7 and 7 Plus. And so when you talk about other competitors, it's not particularly relevant to us right now because we are selling everything that we can produce. And so when we look at all these things in its totality, we think that for the total company of course, we believe that revenue's going to grow. You know that we don't get into specific product from a unit standpoint giving guidance, and so we feel very confident about the trajectory for the company and for iPhone going forward.\nAntonio M. Sacconaghi: Okay. Tim, if I could ask you one, please. You've talked in the past about television being an area of intense interest. I was wondering if you could reaffirm that statement. Is that still the case? And then additionally, given what's happening with acquisitions, how broadly you think about the role of content. Apple has started creating on a very limited scale some of its own content and whether you think content creation and ownership is important to Apple, or whether Apple ultimately sees its place in the value chain as being more around the ecosystem and distribution.\nTimothy Donald Cook: I would confirm that television has intense interest with me and many other people here. In terms of owning content and creating content, we have started with focusing on some original content, as you point out. We've got a few things going there that we've talked about. And I think it's a great opportunity for us both from a creation point of view and an ownership point of view. and so it's is an area that we're focused on.\nNancy Paxton: Thank you, Toni. Could we have the next question, please?", "quarter": 4}}