{"id": 17547, "annotations": [{"id": 17650, "completed_by": 2, "result": [{"type": "labels", "value": {"end": 9, "text": "Operator", "start": 0, "labels": ["OPERATOR"]}, "origin": "manual", "to_name": "text", "from_name": "label-intro"}, {"type": "labels", "value": {"end": 50, "text": ": We\u2019ll go to Benjamin Reitzes, Barclays.", "start": 10, "labels": ["INTRO"]}, "origin": "manual", "to_name": "text", "from_name": "label-intro"}, {"type": "labels", "value": {"end": 67, "text": "Benjamin Reitzes", "start": 50, "labels": ["ANALYST"]}, "origin": "manual", "to_name": "text", "from_name": "label-intro"}, {"type": "labels", "value": {"end": 539, "text": ": And Tim obviously a lot of good questions about the great iPhone number but I wanted to ask about the Apple Watch. Shifting in April, month or two later than I think you said originally obviously, probably not that big a deal, but what\u2019s going on with that product in a little more detail in terms of the timing and your excitement for it and maybe a little more color on other apps that could be available at launch? And any expectations you have for it would be great.", "start": 68, "labels": ["QUESTION"]}, "origin": "manual", "to_name": "text", "from_name": "label-intro"}, {"type": "labels", "value": {"end": 548, "text": "Tim Cook", "start": 539, "labels": ["REPRESENTATIVE"]}, "origin": "manual", "to_name": "text", "from_name": "label-intro"}, {"type": "labels", "value": {"end": 1285, "text": ": My expectations are very high on it. I'm using it every day and love it and I can\u2019t live without it. So I see that we\u2019re making great progress on the development of it. The number of developers that are writing apps more for it are impressive and we\u2019re seeing some incredible innovation coming out there. And just to clarify, what we had been saying was early 2015, and we sort of look at the year and think of early as the first four months, mid is the next four months and late is the final four months. And so to us it's sort of within the range and it\u2019s basically when we thought. We\u2019re going to -- but most importantly we\u2019re going to be thrilled to start shipping it, because we got a lot of customers that are wanting to get one.", "start": 549, "labels": ["ANSWER"]}, "origin": "manual", "to_name": "text", "from_name": "label-intro"}, {"type": "labels", "value": {"end": 1302, "text": "Benjamin Reitzes", "start": 1285, "labels": ["ANALYST"]}, "origin": "manual", "to_name": "text", "from_name": "label-intro"}, {"type": "labels", "value": {"end": 1511, "text": ": And then just a follow-up in terms of China. How do you feel the momentum there is in terms of sustainability versus some of the local competition, and as you navigate that market specifically going forward?", "start": 1303, "labels": ["QUESTION"]}, "origin": "manual", "to_name": "text", "from_name": "label-intro"}, {"type": "labels", "value": {"end": 1520, "text": "Tim Cook", "start": 1511, "labels": ["REPRESENTATIVE"]}, "origin": "manual", "to_name": "text", "from_name": "label-intro"}, {"type": "labels", "value": {"end": 2605, "text": ": The local competition was obviously there this quarter and has been there for many quarters before. And so the local competition is not new. I think we did really well there. I'm very proud of how we\u2019re doing. I was there right after the launch in October. And the excitement around the iPhone 6, iPhone 6 Plus were absolutely phenomenal. And you can see that in the results with Mainland China being up 100% year-on-year, despite not having a full quarter of sales since we launched in the second half of October. You can tell by that we\u2019re a big believer in China. We\u2019re looking at our investment. We\u2019re growing the number of stores. We\u2019ll hit 20 soon and we\u2019re doubling that by mid-2016 as Angela has said earlier and Luca said in his prepared comments as well. We\u2019re also growing the channel there. Our online store has expanded to over 350 cities now, and in fact our online revenues in China last quarter were more than the sum of the previous five years. And so it\u2019s an incredible market. I think people love Apple products and we are going to do our best to serve the market.", "start": 1521, "labels": ["ANSWER"]}, "origin": "manual", "to_name": "text", "from_name": "label-intro"}, {"type": "labels", "value": {"end": 2618, "text": "Nancy Paxton", "start": 2605, "labels": ["ANALYST"]}, "origin": "manual", "to_name": "text", "from_name": "label-intro"}, {"type": "labels", "value": {"end": 2659, "text": ": Could we have the next question please?", "start": 2619, "labels": ["QUESTION"]}, "origin": "manual", "to_name": "text", "from_name": "label-intro"}], "was_cancelled": false, "ground_truth": true, "created_at": "2022-02-04T10:03:51.622380Z", "updated_at": "2022-02-04T10:03:51.622385Z", "lead_time": null, "prediction": {}, "result_count": 0, "task": 17547, "parent_prediction": null, "parent_annotation": null}], "data": {"year": 2015, "company": "AAPL", "my_text": "\nOperator: We\u2019ll go to Benjamin Reitzes, Barclays.\nBenjamin Reitzes: And Tim obviously a lot of good questions about the great iPhone number but I wanted to ask about the Apple Watch. Shifting in April, month or two later than I think you said originally obviously, probably not that big a deal, but what\u2019s going on with that product in a little more detail in terms of the timing and your excitement for it and maybe a little more color on other apps that could be available at launch? And any expectations you have for it would be great.\nTim Cook: My expectations are very high on it. I'm using it every day and love it and I can\u2019t live without it. So I see that we\u2019re making great progress on the development of it. The number of developers that are writing apps more for it are impressive and we\u2019re seeing some incredible innovation coming out there. And just to clarify, what we had been saying was early 2015, and we sort of look at the year and think of early as the first four months, mid is the next four months and late is the final four months. And so to us it's sort of within the range and it\u2019s basically when we thought. We\u2019re going to -- but most importantly we\u2019re going to be thrilled to start shipping it, because we got a lot of customers that are wanting to get one.\nBenjamin Reitzes: And then just a follow-up in terms of China. How do you feel the momentum there is in terms of sustainability versus some of the local competition, and as you navigate that market specifically going forward?\nTim Cook: The local competition was obviously there this quarter and has been there for many quarters before. And so the local competition is not new. I think we did really well there. I'm very proud of how we\u2019re doing. I was there right after the launch in October. And the excitement around the iPhone 6, iPhone 6 Plus were absolutely phenomenal. And you can see that in the results with Mainland China being up 100% year-on-year, despite not having a full quarter of sales since we launched in the second half of October. You can tell by that we\u2019re a big believer in China. We\u2019re looking at our investment. We\u2019re growing the number of stores. We\u2019ll hit 20 soon and we\u2019re doubling that by mid-2016 as Angela has said earlier and Luca said in his prepared comments as well. We\u2019re also growing the channel there. Our online store has expanded to over 350 cities now, and in fact our online revenues in China last quarter were more than the sum of the previous five years. And so it\u2019s an incredible market. I think people love Apple products and we are going to do our best to serve the market.\nNancy Paxton: Could we have the next question please?", "quarter": 1}}