{"id": 18847, "annotations": [{"id": 18950, "completed_by": 2, "result": [{"type": "labels", "value": {"end": 9, "text": "Operator", "start": 0, "labels": ["OPERATOR"]}, "origin": "manual", "to_name": "text", "from_name": "label-intro"}, {"type": "labels", "value": {"end": 59, "text": ": Next, we\u2019ll go Katy Huberty with Morgan Stanley.", "start": 10, "labels": ["INTRO"]}, "origin": "manual", "to_name": "text", "from_name": "label-intro"}, {"type": "labels", "value": {"end": 72, "text": "Katy Huberty", "start": 59, "labels": ["ANALYST"]}, "origin": "manual", "to_name": "text", "from_name": "label-intro"}, {"type": "labels", "value": {"end": 663, "text": ": Growing double-digits of such a large revenue base is impressive in itself. But if I look at March quarter guidance, it does assume a slower average weekly growth in total revenue, as well as, I think on my math, iPhone shipments when you compare it to the December quarter. So just how should we read into a modest slowdown in average weekly growth as it relates to the last question around the decay of demand around the higher priced products? Or any impact that you might be seeing from the lower-priced battery replacements or anything else in the market? And then I have a follow-up.", "start": 73, "labels": ["QUESTION"]}, "origin": "manual", "to_name": "text", "from_name": "label-intro"}, {"type": "labels", "value": {"end": 676, "text": "Luca Maestri", "start": 663, "labels": ["REPRESENTATIVE"]}, "origin": "manual", "to_name": "text", "from_name": "label-intro"}, {"type": "labels", "value": {"end": 3213, "text": ": We are guiding to $62 billion. It's a strong double-digit growth, 13% to 17%. In context, it's $7 billion to $9 billion above last year. So when you put things in perspective and you add the $10 billion of growth that we had in the first quarter and the $7 billion to $9 billion that we're guiding to for the second quarter, you're talking about $17 billion to $19 billion of growth in six months. This is at the macro level. We typically don't go into this level of detail, but think it's important this quarter to give you additional color. And maybe the two most important messages are that we believe iPhone revenue will grow double digits as compared to last year, during the March quarter. And also and importantly that iPhone sell-through growth on a year-over-year basis will be actually accelerating during the March quarter as compared to the December quarter. Let me explain the factors that we took into consideration as we came up with our iPhone units and ASP that are embedded in our guidance. Historically, because the channel fill and the holiday season, our selling volume during the December quarter is generally higher than sell-through. This year, the difference was further magnified, because we shipped iPhone X in November rather than the September quarter. We had a very successful product ramp. We were able to reach supply/demand balance in December, which placed the entirety of our channel fill for iPhone X in Q1 and this will have an effect on both units and ASP in Q2. Now, for units, there is a second point to consider. We typically reduced channel inventory for our newest iPhones in Q2, because they enjoy very large demand in the initial weeks of sales, which are compounded by the holiday season in Q1. So we anticipate doing that in Q2 this year as well. For ASPs, there's also another element that we need to consider. As you know, our newest products this year have a higher ASP than they had in the past. And so as a result, as we reduce inventories of these newest products, the overall ASPs for iPhone in Q2 will naturally decline sequentially by a higher percentage than we have experienced historically. So in summary, our guidance for iPhone; we got double digit year-over-year growth and acceleration of sell-through growth on a year-over-year basis. For the balance of the Company, in the aggregate, we expect to grow strong double-digits year-over-year and particularly very strong performance in service and in wearables like we\u2019ve seen during the December quarter. I hope this helps.", "start": 677, "labels": ["ANSWER"]}, "origin": "manual", "to_name": "text", "from_name": "label-intro"}, {"type": "labels", "value": {"end": 3226, "text": "Katy Huberty", "start": 3213, "labels": ["ANALYST"]}, "origin": "manual", "to_name": "text", "from_name": "label-intro"}, {"type": "labels", "value": {"end": 3602, "text": ": Yes, that's great color. Just a follow-up on gross margin. Guidance for flat gross margin in March is pretty seasonal, but you do have the tailwind from currency. And so if you can just comment on how you think that flows into the model over the next couple of quarters, the weaker dollar. And what your outlook might be around component costs in the near future. Thank you.", "start": 3227, "labels": ["QUESTION"]}, "origin": "manual", "to_name": "text", "from_name": "label-intro"}, {"type": "labels", "value": {"end": 3615, "text": "Luca Maestri", "start": 3602, "labels": ["REPRESENTATIVE"]}, "origin": "manual", "to_name": "text", "from_name": "label-intro"}, {"type": "labels", "value": {"end": 4552, "text": ": Let me walk you through the sequential first. So we\u2019re guiding about flat sequentially in spite of the loss of leverage. That is the largest element that we need to take into account because of our typical seasonality. And we expect to offset the seasonality impact with cost improvements and with mix. FX on a sequential basis is fairly muted, because as you know, we've got a hedging program that protects us from the volatility of currencies in the short term. Certainly, weaker dollar in the long term, if it holds, will be a positive but it's not something that you're going to be seeing translating to gross margin tailwind quickly. And so I think we need to keep that in mind. We also need to keep in mind that we continue to experience a difficult memory pricing environment, which we think is going to start improving as we move into the second half of our fiscal year. But it still has a negative impact in the March quarter.", "start": 3616, "labels": ["ANSWER"]}, "origin": "manual", "to_name": "text", "from_name": "label-intro"}], "was_cancelled": false, "ground_truth": true, "created_at": "2022-02-04T10:25:35.346768Z", "updated_at": "2022-02-04T10:25:35.346773Z", "lead_time": null, "prediction": {}, "result_count": 0, "task": 18847, "parent_prediction": null, "parent_annotation": null}], "data": {"year": 2018, "company": "AAPL", "my_text": "\nOperator: Next, we\u2019ll go Katy Huberty with Morgan Stanley.\nKaty Huberty: Growing double-digits of such a large revenue base is impressive in itself. But if I look at March quarter guidance, it does assume a slower average weekly growth in total revenue, as well as, I think on my math, iPhone shipments when you compare it to the December quarter. So just how should we read into a modest slowdown in average weekly growth as it relates to the last question around the decay of demand around the higher priced products? Or any impact that you might be seeing from the lower-priced battery replacements or anything else in the market? And then I have a follow-up.\nLuca Maestri: We are guiding to $62 billion. It's a strong double-digit growth, 13% to 17%. In context, it's $7 billion to $9 billion above last year. So when you put things in perspective and you add the $10 billion of growth that we had in the first quarter and the $7 billion to $9 billion that we're guiding to for the second quarter, you're talking about $17 billion to $19 billion of growth in six months. This is at the macro level. We typically don't go into this level of detail, but think it's important this quarter to give you additional color. And maybe the two most important messages are that we believe iPhone revenue will grow double digits as compared to last year, during the March quarter. And also and importantly that iPhone sell-through growth on a year-over-year basis will be actually accelerating during the March quarter as compared to the December quarter. Let me explain the factors that we took into consideration as we came up with our iPhone units and ASP that are embedded in our guidance. Historically, because the channel fill and the holiday season, our selling volume during the December quarter is generally higher than sell-through. This year, the difference was further magnified, because we shipped iPhone X in November rather than the September quarter. We had a very successful product ramp. We were able to reach supply/demand balance in December, which placed the entirety of our channel fill for iPhone X in Q1 and this will have an effect on both units and ASP in Q2. Now, for units, there is a second point to consider. We typically reduced channel inventory for our newest iPhones in Q2, because they enjoy very large demand in the initial weeks of sales, which are compounded by the holiday season in Q1. So we anticipate doing that in Q2 this year as well. For ASPs, there's also another element that we need to consider. As you know, our newest products this year have a higher ASP than they had in the past. And so as a result, as we reduce inventories of these newest products, the overall ASPs for iPhone in Q2 will naturally decline sequentially by a higher percentage than we have experienced historically. So in summary, our guidance for iPhone; we got double digit year-over-year growth and acceleration of sell-through growth on a year-over-year basis. For the balance of the Company, in the aggregate, we expect to grow strong double-digits year-over-year and particularly very strong performance in service and in wearables like we\u2019ve seen during the December quarter. I hope this helps.\nKaty Huberty: Yes, that's great color. Just a follow-up on gross margin. Guidance for flat gross margin in March is pretty seasonal, but you do have the tailwind from currency. And so if you can just comment on how you think that flows into the model over the next couple of quarters, the weaker dollar. And what your outlook might be around component costs in the near future. Thank you.\nLuca Maestri: Let me walk you through the sequential first. So we\u2019re guiding about flat sequentially in spite of the loss of leverage. That is the largest element that we need to take into account because of our typical seasonality. And we expect to offset the seasonality impact with cost improvements and with mix. FX on a sequential basis is fairly muted, because as you know, we've got a hedging program that protects us from the volatility of currencies in the short term. Certainly, weaker dollar in the long term, if it holds, will be a positive but it's not something that you're going to be seeing translating to gross margin tailwind quickly. And so I think we need to keep that in mind. We also need to keep in mind that we continue to experience a difficult memory pricing environment, which we think is going to start improving as we move into the second half of our fiscal year. But it still has a negative impact in the March quarter.", "quarter": 1}}