{"id": 17566, "annotations": [{"id": 17669, "completed_by": 2, "result": [{"type": "labels", "value": {"end": 9, "text": "Operator", "start": 0, "labels": ["OPERATOR"]}, "origin": "manual", "to_name": "text", "from_name": "label-intro"}, {"type": "labels", "value": {"end": 67, "text": ": And that'll come from Shannon Cross with Cross Research.", "start": 10, "labels": ["INTRO"]}, "origin": "manual", "to_name": "text", "from_name": "label-intro"}, {"type": "labels", "value": {"end": 84, "text": "Shannon S. Cross", "start": 67, "labels": ["REPRESENTATIVE"]}, "origin": "manual", "to_name": "text", "from_name": "label-intro"}, {"type": "labels", "value": {"end": 457, "text": ": Thank you very much. I wanted to talk about FX but not necessarily from a direct impact. But what are you seeing in terms of demand as you've raised prices in various geographies and how are you thinking about it as you go into sort of the next iPhone cycle in terms of having to sort of normalize the pricing for what some of the currencies have done over the past year?", "start": 85, "labels": ["ANSWER"]}, "origin": "manual", "to_name": "text", "from_name": "label-intro"}, {"type": "labels", "value": {"end": 470, "text": "Luca Maestri", "start": 457, "labels": ["REPRESENTATIVE"]}, "origin": "manual", "to_name": "text", "from_name": "label-intro"}, {"type": "labels", "value": {"end": 1747, "text": ": Yes, Shannon. So obviously FX has been a significant hit in many ways, of course. I mean it reduces our growth rate. We would be 800 basis points higher this quarter from the 33% that we've reported if it wasn't for the movement in currencies around the world. And really when you look around the world, it's really if you exclude China, essentially every single currency has weakened against the dollar. We are pretty careful and thoughtful about where we increase prices and when and by how much during mid-cycle because it's not something that we particularly like to do. We've had circumstances around the world this year where frankly we didn't have many options because the currency movement was so large and so we've had to reprice. I have to say that it's been remarkable. Look, in the long run a strong US dollar is not a positive for our international business. It's normal to see a drop in demand when prices go up. That goes without saying. It has been remarkable so far to see that we did take prices in a few markets. But really remarkable to see how resilient iPhone sales have been, because we have increased, in spite of these price increases, we've increased sales and we've increased market share in all our geographies around the world, without exception.", "start": 471, "labels": ["ANSWER"]}, "origin": "manual", "to_name": "text", "from_name": "label-intro"}, {"type": "labels", "value": {"end": 1764, "text": "Shannon S. Cross", "start": 1747, "labels": ["REPRESENTATIVE"]}, "origin": "manual", "to_name": "text", "from_name": "label-intro"}, {"type": "labels", "value": {"end": 2111, "text": ": Great. And then can you talk a bit about linearity during the quarter on a geographic basis? Somewhat going back to the China question, I mean did you see it slow down toward the end of the quarter? Or was it solid through it? And just any other color you can give geographically with Europe and some of the other macro events that are going on.", "start": 1765, "labels": ["ANSWER"]}, "origin": "manual", "to_name": "text", "from_name": "label-intro"}, {"type": "labels", "value": {"end": 2127, "text": "Timothy D. Cook", "start": 2111, "labels": ["REPRESENTATIVE"]}, "origin": "manual", "to_name": "text", "from_name": "label-intro"}, {"type": "labels", "value": {"end": 2839, "text": ": Yeah, Shannon, it's Tim. Maybe the best way to talk about this is sort of at the product level. On the Watch, our June sales were higher than April or May. I realize that's very different than what some of the, is being written, but the June sales were the highest. And so the Watch had a more of a back-ended kind of a skewing. The phone itself followed what I would call a normal seasonal kind of pattern. And if you look at the \u2013 it sounds like you're honing in on the Greater China results themselves. There is no obvious impact from the last quarter in the Greater China numbers. And obviously with the aggregate or the consolidated number being 112%, it's hard to find a lot of bad things in the numbers.", "start": 2128, "labels": ["ANSWER"]}, "origin": "manual", "to_name": "text", "from_name": "label-intro"}, {"type": "labels", "value": {"end": 2852, "text": "Nancy Paxton", "start": 2839, "labels": ["ANALYST"]}, "origin": "manual", "to_name": "text", "from_name": "label-intro"}, {"type": "labels", "value": {"end": 2873, "text": ": Thank you, Shannon.", "start": 2853, "labels": ["QUESTION"]}, "origin": "manual", "to_name": "text", "from_name": "label-intro"}, {"type": "labels", "value": {"end": 2886, "text": "Nancy Paxton", "start": 2873, "labels": ["ANALYST"]}, "origin": "manual", "to_name": "text", "from_name": "label-intro"}, {"type": "labels", "value": {"end": 3482, "text": ": A replay of today's call will be available for two weeks as a podcast on the iTunes store, as a webcast on apple.com/investor, and via telephone. And the numbers for the telephone replay are 888-203-1112 or 719-457-0820 and please enter confirmation code 9957771. And these replays will be available by approximately 5:00 p.m. Pacific Time today. Members of the press with additional questions can contact Kristin Huguet at 408-974-2414 and financial analysts can contact Joan Hoover or me with additional questions. Joan is at 408-974-4570 and I'm at 408-974-5420. Thanks again for joining us.", "start": 2887, "labels": ["QUESTION"]}, "origin": "manual", "to_name": "text", "from_name": "label-intro"}], "was_cancelled": false, "ground_truth": true, "created_at": "2022-02-04T10:03:51.624172Z", "updated_at": "2022-02-04T10:03:51.624177Z", "lead_time": null, "prediction": {}, "result_count": 0, "task": 17566, "parent_prediction": null, "parent_annotation": null}], "data": {"year": 2015, "company": "AAPL", "my_text": "\nOperator: And that'll come from Shannon Cross with Cross Research.\nShannon S. Cross: Thank you very much. I wanted to talk about FX but not necessarily from a direct impact. But what are you seeing in terms of demand as you've raised prices in various geographies and how are you thinking about it as you go into sort of the next iPhone cycle in terms of having to sort of normalize the pricing for what some of the currencies have done over the past year?\nLuca Maestri: Yes, Shannon. So obviously FX has been a significant hit in many ways, of course. I mean it reduces our growth rate. We would be 800 basis points higher this quarter from the 33% that we've reported if it wasn't for the movement in currencies around the world. And really when you look around the world, it's really if you exclude China, essentially every single currency has weakened against the dollar. We are pretty careful and thoughtful about where we increase prices and when and by how much during mid-cycle because it's not something that we particularly like to do. We've had circumstances around the world this year where frankly we didn't have many options because the currency movement was so large and so we've had to reprice. I have to say that it's been remarkable. Look, in the long run a strong US dollar is not a positive for our international business. It's normal to see a drop in demand when prices go up. That goes without saying. It has been remarkable so far to see that we did take prices in a few markets. But really remarkable to see how resilient iPhone sales have been, because we have increased, in spite of these price increases, we've increased sales and we've increased market share in all our geographies around the world, without exception.\nShannon S. Cross: Great. And then can you talk a bit about linearity during the quarter on a geographic basis? Somewhat going back to the China question, I mean did you see it slow down toward the end of the quarter? Or was it solid through it? And just any other color you can give geographically with Europe and some of the other macro events that are going on.\nTimothy D. Cook: Yeah, Shannon, it's Tim. Maybe the best way to talk about this is sort of at the product level. On the Watch, our June sales were higher than April or May. I realize that's very different than what some of the, is being written, but the June sales were the highest. And so the Watch had a more of a back-ended kind of a skewing. The phone itself followed what I would call a normal seasonal kind of pattern. And if you look at the \u2013 it sounds like you're honing in on the Greater China results themselves. There is no obvious impact from the last quarter in the Greater China numbers. And obviously with the aggregate or the consolidated number being 112%, it's hard to find a lot of bad things in the numbers.\nNancy Paxton: Thank you, Shannon.\nNancy Paxton: A replay of today's call will be available for two weeks as a podcast on the iTunes store, as a webcast on apple.com/investor, and via telephone. And the numbers for the telephone replay are 888-203-1112 or 719-457-0820 and please enter confirmation code 9957771. And these replays will be available by approximately 5:00 p.m. Pacific Time today. Members of the press with additional questions can contact Kristin Huguet at 408-974-2414 and financial analysts can contact Joan Hoover or me with additional questions. Joan is at 408-974-4570 and I'm at 408-974-5420. Thanks again for joining us.", "quarter": 3}}