{"id": 18869, "annotations": [{"id": 18972, "completed_by": 2, "result": [{"type": "labels", "value": {"end": 9, "text": "Operator", "start": 0, "labels": ["OPERATOR"]}, "origin": "manual", "to_name": "text", "from_name": "label-intro"}, {"type": "labels", "value": {"end": 61, "text": ": Next we'll go to Katy Huberty with Morgan Stanley.", "start": 10, "labels": ["INTRO"]}, "origin": "manual", "to_name": "text", "from_name": "label-intro"}, {"type": "labels", "value": {"end": 82, "text": "Kathryn Lynn Huberty", "start": 61, "labels": ["ANALYST"]}, "origin": "manual", "to_name": "text", "from_name": "label-intro"}, {"type": "labels", "value": {"end": 378, "text": ": Thank you. Tim, given the current trade negotiations and broader geopolitical risk, do you have any plans to consider diversifying the supply chain? And if you were to do that, either on your own or sort of forced, do you think it would have significant impact on the business or profitability?", "start": 83, "labels": ["QUESTION"]}, "origin": "manual", "to_name": "text", "from_name": "label-intro"}, {"type": "labels", "value": {"end": 398, "text": "Timothy Donald Cook", "start": 378, "labels": ["REPRESENTATIVE"]}, "origin": "manual", "to_name": "text", "from_name": "label-intro"}, {"type": "labels", "value": {"end": 1592, "text": ": Katy, if you look at the products that we have created and are manufacturing, they're really manufactured everywhere. We have significant content from the U.S. market. We have content from Japan to Korea to many countries, and we have great content from China as well, and so there are many hands in the products. The vast majority or almost all of the R&D is in the United States, as well as a lot of the support organizations. And so, I think that that basic model where you look around the world and find the best in different areas, I don't expect that model to go out of style, so to speak. I think there's a reason why things have developed in that way and I think it's great for all countries and citizens of countries that are involved in that. And I'm still of the mindset that I feel very optimistic and positive that the discussions that are going will be fruitful. These relationships, these trade relationships are big and complex, and they clearly do need a level of focus and a level of updating and modernization. And so I'm optimistic that the countries, the U.S. and China and the U.S. and Europe and so forth, can work these things out and work for the benefit of everyone.", "start": 399, "labels": ["ANSWER"]}, "origin": "manual", "to_name": "text", "from_name": "label-intro"}, {"type": "labels", "value": {"end": 1613, "text": "Kathryn Lynn Huberty", "start": 1592, "labels": ["ANALYST"]}, "origin": "manual", "to_name": "text", "from_name": "label-intro"}, {"type": "labels", "value": {"end": 1808, "text": ": That's helpful color. And, Luca, as a follow-up, NAND prices fell significantly during the September quarter. Why aren't we seeing that flow through to margin expansion for the overall company?", "start": 1614, "labels": ["QUESTION"]}, "origin": "manual", "to_name": "text", "from_name": "label-intro"}, {"type": "labels", "value": {"end": 1821, "text": "Luca Maestri", "start": 1808, "labels": ["REPRESENTATIVE"]}, "origin": "manual", "to_name": "text", "from_name": "label-intro"}, {"type": "labels", "value": {"end": 1891, "text": ": You're referring to the guidance that we provided for Q1, I imagine.", "start": 1822, "labels": ["ANSWER"]}, "origin": "manual", "to_name": "text", "from_name": "label-intro"}, {"type": "labels", "value": {"end": 1912, "text": "Kathryn Lynn Huberty", "start": 1891, "labels": ["ANALYST"]}, "origin": "manual", "to_name": "text", "from_name": "label-intro"}, {"type": "labels", "value": {"end": 1918, "text": ": Yes.", "start": 1913, "labels": ["QUESTION"]}, "origin": "manual", "to_name": "text", "from_name": "label-intro"}, {"type": "labels", "value": {"end": 1931, "text": "Luca Maestri", "start": 1918, "labels": ["REPRESENTATIVE"]}, "origin": "manual", "to_name": "text", "from_name": "label-intro"}, {"type": "labels", "value": {"end": 2808, "text": ": Let me give you the puts and takes, Katy. You're correct. We are going to be getting some benefits from commodities in general and memory in particular. Memory on a sequential basis is about 30 basis points favorable for us going into the December quarter. And obviously, we're going to be benefiting from the leverage, which is typical of our seasonality in the December quarter. On the other hand, as I mentioned before, currencies have weakened against the U.S. dollar, and the impact that we expect at the gross margin level from foreign exchange is a 90 basis points headwind sequentially. And of course, at this point in the cycle, we also have higher cost structures because, as I said, we've launched so many new products in the last six weeks. So those are the puts and takes, leverage and commodity savings on one side and FX and the new products on the other side.", "start": 1932, "labels": ["ANSWER"]}, "origin": "manual", "to_name": "text", "from_name": "label-intro"}, {"type": "labels", "value": {"end": 2821, "text": "Nancy Paxton", "start": 2808, "labels": ["REPRESENTATIVE"]}, "origin": "manual", "to_name": "text", "from_name": "label-intro"}, {"type": "labels", "value": {"end": 2880, "text": ": Thank you, Katy. Could we have the next question, please?", "start": 2822, "labels": ["ANSWER"]}, "origin": "manual", "to_name": "text", "from_name": "label-intro"}], "was_cancelled": false, "ground_truth": true, "created_at": "2022-02-04T10:25:35.349111Z", "updated_at": "2022-02-04T10:25:35.349116Z", "lead_time": null, "prediction": {}, "result_count": 0, "task": 18869, "parent_prediction": null, "parent_annotation": null}], "data": {"year": 2018, "company": "AAPL", "my_text": "\nOperator: Next we'll go to Katy Huberty with Morgan Stanley.\nKathryn Lynn Huberty: Thank you. Tim, given the current trade negotiations and broader geopolitical risk, do you have any plans to consider diversifying the supply chain? And if you were to do that, either on your own or sort of forced, do you think it would have significant impact on the business or profitability?\nTimothy Donald Cook: Katy, if you look at the products that we have created and are manufacturing, they're really manufactured everywhere. We have significant content from the U.S. market. We have content from Japan to Korea to many countries, and we have great content from China as well, and so there are many hands in the products. The vast majority or almost all of the R&D is in the United States, as well as a lot of the support organizations. And so, I think that that basic model where you look around the world and find the best in different areas, I don't expect that model to go out of style, so to speak. I think there's a reason why things have developed in that way and I think it's great for all countries and citizens of countries that are involved in that. And I'm still of the mindset that I feel very optimistic and positive that the discussions that are going will be fruitful. These relationships, these trade relationships are big and complex, and they clearly do need a level of focus and a level of updating and modernization. And so I'm optimistic that the countries, the U.S. and China and the U.S. and Europe and so forth, can work these things out and work for the benefit of everyone.\nKathryn Lynn Huberty: That's helpful color. And, Luca, as a follow-up, NAND prices fell significantly during the September quarter. Why aren't we seeing that flow through to margin expansion for the overall company?\nLuca Maestri: You're referring to the guidance that we provided for Q1, I imagine.\nKathryn Lynn Huberty: Yes.\nLuca Maestri: Let me give you the puts and takes, Katy. You're correct. We are going to be getting some benefits from commodities in general and memory in particular. Memory on a sequential basis is about 30 basis points favorable for us going into the December quarter. And obviously, we're going to be benefiting from the leverage, which is typical of our seasonality in the December quarter. On the other hand, as I mentioned before, currencies have weakened against the U.S. dollar, and the impact that we expect at the gross margin level from foreign exchange is a 90 basis points headwind sequentially. And of course, at this point in the cycle, we also have higher cost structures because, as I said, we've launched so many new products in the last six weeks. So those are the puts and takes, leverage and commodity savings on one side and FX and the new products on the other side.\nNancy Paxton: Thank you, Katy. Could we have the next question, please?", "quarter": 4}}