{"id": 18830, "annotations": [{"id": 18933, "completed_by": 2, "result": [{"type": "labels", "value": {"end": 9, "text": "Operator", "start": 0, "labels": ["OPERATOR"]}, "origin": "manual", "to_name": "text", "from_name": "label-intro"}, {"type": "labels", "value": {"end": 77, "text": ": And that question will come from Katy Huberty with Morgan Stanley.", "start": 10, "labels": ["INTRO"]}, "origin": "manual", "to_name": "text", "from_name": "label-intro"}, {"type": "labels", "value": {"end": 98, "text": "Kathryn Lynn Huberty", "start": 77, "labels": ["ANALYST"]}, "origin": "manual", "to_name": "text", "from_name": "label-intro"}, {"type": "labels", "value": {"end": 469, "text": ": Yes, thanks. Good afternoon. Luca, first question for you, gross margin guidance is strong, but it did tick down from your June quarter guidance, and you also narrowed the range to 50 basis points. I wonder if you can just address. What is the driver of the sequential downtick, and what gives you confidence that you have more visibility than you did three months ago?", "start": 99, "labels": ["QUESTION"]}, "origin": "manual", "to_name": "text", "from_name": "label-intro"}, {"type": "labels", "value": {"end": 482, "text": "Luca Maestri", "start": 469, "labels": ["REPRESENTATIVE"]}, "origin": "manual", "to_name": "text", "from_name": "label-intro"}, {"type": "labels", "value": {"end": 1236, "text": ": Katy, sequentially from 38.5% that we just reported, typically we have product transition costs during the September quarter. That's the primary driver. This happens fairly regularly for us. We also have a more difficult memory pricing environment this year than a year ago. And we think that we're going to be able to partially offset this with the positive leverage. As you've seen, we guided up sequentially in revenue. So those are the major puts and takes. In terms of the range that we use for gross margins, we have a fairly good understanding on where we are with our hedging program, and that allows us to mitigate some of the volatility there. So we felt we could guide to a slightly narrower range, which we've done occasionally in the past.", "start": 483, "labels": ["ANSWER"]}, "origin": "manual", "to_name": "text", "from_name": "label-intro"}, {"type": "labels", "value": {"end": 1257, "text": "Kathryn Lynn Huberty", "start": 1236, "labels": ["ANALYST"]}, "origin": "manual", "to_name": "text", "from_name": "label-intro"}, {"type": "labels", "value": {"end": 1883, "text": ": Thank you, and maybe a question for both Tim and Luca. As you outlined on this call and at the Developer Conference in June, there is an unprecedented number of products that either ramped volume or launched in the back half of this year. So appreciating you only formally guide a quarter out, I wonder if there's any qualitative commentary you can provide to help us think about the back half of this calendar year and how all those new products that come into the model could impact either revenue seasonality versus past years or could impact just the costs associated with ramping that many products all at once. Thanks.", "start": 1258, "labels": ["QUESTION"]}, "origin": "manual", "to_name": "text", "from_name": "label-intro"}, {"type": "labels", "value": {"end": 1903, "text": "Timothy Donald Cook", "start": 1883, "labels": ["REPRESENTATIVE"]}, "origin": "manual", "to_name": "text", "from_name": "label-intro"}, {"type": "labels", "value": {"end": 2087, "text": ": Katy, as Luca mentioned, we did assume some transitional costs in our guidance for the quarter, as is typically the case. And we're looking very much forward to the product rollouts.", "start": 1904, "labels": ["ANSWER"]}, "origin": "manual", "to_name": "text", "from_name": "label-intro"}, {"type": "labels", "value": {"end": 2100, "text": "Nancy Paxton", "start": 2087, "labels": ["REPRESENTATIVE"]}, "origin": "manual", "to_name": "text", "from_name": "label-intro"}, {"type": "labels", "value": {"end": 2159, "text": ": Thank you, Katy. Could we have the next question, please?", "start": 2101, "labels": ["ANSWER"]}, "origin": "manual", "to_name": "text", "from_name": "label-intro"}], "was_cancelled": false, "ground_truth": true, "created_at": "2022-02-04T10:25:35.345180Z", "updated_at": "2022-02-04T10:25:35.345185Z", "lead_time": null, "prediction": {}, "result_count": 0, "task": 18830, "parent_prediction": null, "parent_annotation": null}], "data": {"year": 2017, "company": "AAPL", "my_text": "\nOperator: And that question will come from Katy Huberty with Morgan Stanley.\nKathryn Lynn Huberty: Yes, thanks. Good afternoon. Luca, first question for you, gross margin guidance is strong, but it did tick down from your June quarter guidance, and you also narrowed the range to 50 basis points. I wonder if you can just address. What is the driver of the sequential downtick, and what gives you confidence that you have more visibility than you did three months ago?\nLuca Maestri: Katy, sequentially from 38.5% that we just reported, typically we have product transition costs during the September quarter. That's the primary driver. This happens fairly regularly for us. We also have a more difficult memory pricing environment this year than a year ago. And we think that we're going to be able to partially offset this with the positive leverage. As you've seen, we guided up sequentially in revenue. So those are the major puts and takes. In terms of the range that we use for gross margins, we have a fairly good understanding on where we are with our hedging program, and that allows us to mitigate some of the volatility there. So we felt we could guide to a slightly narrower range, which we've done occasionally in the past.\nKathryn Lynn Huberty: Thank you, and maybe a question for both Tim and Luca. As you outlined on this call and at the Developer Conference in June, there is an unprecedented number of products that either ramped volume or launched in the back half of this year. So appreciating you only formally guide a quarter out, I wonder if there's any qualitative commentary you can provide to help us think about the back half of this calendar year and how all those new products that come into the model could impact either revenue seasonality versus past years or could impact just the costs associated with ramping that many products all at once. Thanks.\nTimothy Donald Cook: Katy, as Luca mentioned, we did assume some transitional costs in our guidance for the quarter, as is typically the case. And we're looking very much forward to the product rollouts.\nNancy Paxton: Thank you, Katy. Could we have the next question, please?", "quarter": 3}}