{"id": 18859, "annotations": [{"id": 18962, "completed_by": 2, "result": [{"type": "labels", "value": {"end": 9, "text": "Operator", "start": 0, "labels": ["OPERATOR"]}, "origin": "manual", "to_name": "text", "from_name": "label-intro"}, {"type": "labels", "value": {"end": 79, "text": ": Next we'll hear from Wamsi Mohan with Bank of America Merrill Lynch.", "start": 10, "labels": ["INTRO"]}, "origin": "manual", "to_name": "text", "from_name": "label-intro"}, {"type": "labels", "value": {"end": 91, "text": "Wamsi Mohan", "start": 79, "labels": ["ANALYST"]}, "origin": "manual", "to_name": "text", "from_name": "label-intro"}, {"type": "labels", "value": {"end": 408, "text": ": Thank you. Good afternoon. Tim, can you comment on the price elasticity of demand at the high end for iPhones, if that was in line with your expectations? Do you have a preference for unit growth versus ASP growth when it comes to maximizing that gross profit dollar growth? And I have a follow-up for Luca, please.", "start": 92, "labels": ["QUESTION"]}, "origin": "manual", "to_name": "text", "from_name": "label-intro"}, {"type": "labels", "value": {"end": 428, "text": "Timothy Donald Cook", "start": 408, "labels": ["REPRESENTATIVE"]}, "origin": "manual", "to_name": "text", "from_name": "label-intro"}, {"type": "labels", "value": {"end": 1226, "text": ": We price for the value that we're delivering, and iPhone X is the most innovative product on the market. And I've said a few times, we have there sort of jam-packed with technologies that really set up the smartphone for the next decade. And so that's how we priced it. We were surprised somewhat that through all of this period of time that the iPhone X winds up at the most selling, most popular for every week of the time since the launch. And so that's I think a powerful point. And it's number one in China, which is another powerful point. And so obviously at some point if those technologies move to lower price points and that there's probably more unit demand. But the way we think about it is trying to price a reasonable price for the value that we deliver and I feel that we did that.", "start": 429, "labels": ["ANSWER"]}, "origin": "manual", "to_name": "text", "from_name": "label-intro"}, {"type": "labels", "value": {"end": 1238, "text": "Wamsi Mohan", "start": 1226, "labels": ["ANALYST"]}, "origin": "manual", "to_name": "text", "from_name": "label-intro"}, {"type": "labels", "value": {"end": 1737, "text": ": Thank you, Tim. And, Luca, your gross margins have been very robust despite the headwinds that you absorbed on commodities, which you quantified, and frankly, also from the FX hedges that are limiting somewhat the FX upside that a lot of other companies are seeing. So as you, one, when do you expect these to turn into tailwinds? And when they do turn into tailwinds, would you consider reinvesting some of those into pricing or should we think about you flowing those through to the bottom line?", "start": 1239, "labels": ["QUESTION"]}, "origin": "manual", "to_name": "text", "from_name": "label-intro"}, {"type": "labels", "value": {"end": 1750, "text": "Luca Maestri", "start": 1737, "labels": ["REPRESENTATIVE"]}, "origin": "manual", "to_name": "text", "from_name": "label-intro"}, {"type": "labels", "value": {"end": 3345, "text": ": Well, Wamsi, I think, let me start with where we are right now. I think you're right. I think we've been able to navigate a difficult foreign exchange environment for a number of years and now, as you know, because we have this hedging program as the dollar has weakened a bit in recent months, although during the last week it's actually started to turn the other way again, we've got the hedging program that works both ways. And also on the memory front, we feel that for NAND, we're going to be turning the corner very soon. For DRAM, we also think that we are near the peak, possibly at the end of this year. And so that should provide some level of stability. As I said earlier this year, I think we are experiencing in total a more difficult cost environment and so hopefully that can turn into a positive for us. At the same time, it's very difficult for me to give you an indication of what is going to happen in the future because every product cycle is different, and as you know, we don't provide guidance past the current quarter. There are some elements that we understand quite well and we tend to manage well over the course of the cycle. For example, our cost structures that we are able to manage throughout the year. But there are also elements that are not entirely under our control like foreign exchange. And the mix of products and services that we sell to our customers also has an impact on the overall gross margin. Our primary consideration is always around maximizing gross margin dollars, and that is the approach that we take around for example pricing decisions.", "start": 1751, "labels": ["ANSWER"]}, "origin": "manual", "to_name": "text", "from_name": "label-intro"}, {"type": "labels", "value": {"end": 3358, "text": "Nancy Paxton", "start": 3345, "labels": ["REPRESENTATIVE"]}, "origin": "manual", "to_name": "text", "from_name": "label-intro"}, {"type": "labels", "value": {"end": 3418, "text": ": Thank you, Wamsi. Could we have the next question, please?", "start": 3359, "labels": ["ANSWER"]}, "origin": "manual", "to_name": "text", "from_name": "label-intro"}], "was_cancelled": false, "ground_truth": true, "created_at": "2022-02-04T10:25:35.348014Z", "updated_at": "2022-02-04T10:25:35.348019Z", "lead_time": null, "prediction": {}, "result_count": 0, "task": 18859, "parent_prediction": null, "parent_annotation": null}], "data": {"year": 2018, "company": "AAPL", "my_text": "\nOperator: Next we'll hear from Wamsi Mohan with Bank of America Merrill Lynch.\nWamsi Mohan: Thank you. Good afternoon. Tim, can you comment on the price elasticity of demand at the high end for iPhones, if that was in line with your expectations? Do you have a preference for unit growth versus ASP growth when it comes to maximizing that gross profit dollar growth? And I have a follow-up for Luca, please.\nTimothy Donald Cook: We price for the value that we're delivering, and iPhone X is the most innovative product on the market. And I've said a few times, we have there sort of jam-packed with technologies that really set up the smartphone for the next decade. And so that's how we priced it. We were surprised somewhat that through all of this period of time that the iPhone X winds up at the most selling, most popular for every week of the time since the launch. And so that's I think a powerful point. And it's number one in China, which is another powerful point. And so obviously at some point if those technologies move to lower price points and that there's probably more unit demand. But the way we think about it is trying to price a reasonable price for the value that we deliver and I feel that we did that.\nWamsi Mohan: Thank you, Tim. And, Luca, your gross margins have been very robust despite the headwinds that you absorbed on commodities, which you quantified, and frankly, also from the FX hedges that are limiting somewhat the FX upside that a lot of other companies are seeing. So as you, one, when do you expect these to turn into tailwinds? And when they do turn into tailwinds, would you consider reinvesting some of those into pricing or should we think about you flowing those through to the bottom line?\nLuca Maestri: Well, Wamsi, I think, let me start with where we are right now. I think you're right. I think we've been able to navigate a difficult foreign exchange environment for a number of years and now, as you know, because we have this hedging program as the dollar has weakened a bit in recent months, although during the last week it's actually started to turn the other way again, we've got the hedging program that works both ways. And also on the memory front, we feel that for NAND, we're going to be turning the corner very soon. For DRAM, we also think that we are near the peak, possibly at the end of this year. And so that should provide some level of stability. As I said earlier this year, I think we are experiencing in total a more difficult cost environment and so hopefully that can turn into a positive for us. At the same time, it's very difficult for me to give you an indication of what is going to happen in the future because every product cycle is different, and as you know, we don't provide guidance past the current quarter. There are some elements that we understand quite well and we tend to manage well over the course of the cycle. For example, our cost structures that we are able to manage throughout the year. But there are also elements that are not entirely under our control like foreign exchange. And the mix of products and services that we sell to our customers also has an impact on the overall gross margin. Our primary consideration is always around maximizing gross margin dollars, and that is the approach that we take around for example pricing decisions.\nNancy Paxton: Thank you, Wamsi. Could we have the next question, please?", "quarter": 2}}