{"id": 18865, "annotations": [{"id": 18968, "completed_by": 2, "result": [{"type": "labels", "value": {"end": 9, "text": "Operator", "start": 0, "labels": ["OPERATOR"]}, "origin": "manual", "to_name": "text", "from_name": "label-intro"}, {"type": "labels", "value": {"end": 69, "text": ": Next we'll take a question from Laura Martin from Needham.", "start": 10, "labels": ["INTRO"]}, "origin": "manual", "to_name": "text", "from_name": "label-intro"}, {"type": "labels", "value": {"end": 82, "text": "Laura Martin", "start": 69, "labels": ["ANALYST"]}, "origin": "manual", "to_name": "text", "from_name": "label-intro"}, {"type": "labels", "value": {"end": 111, "text": ": Yeah, can you hear me okay?", "start": 83, "labels": ["QUESTION"]}, "origin": "manual", "to_name": "text", "from_name": "label-intro"}, {"type": "labels", "value": {"end": 124, "text": "Nancy Paxton", "start": 111, "labels": ["REPRESENTATIVE"]}, "origin": "manual", "to_name": "text", "from_name": "label-intro"}, {"type": "labels", "value": {"end": 130, "text": ": Yes.", "start": 125, "labels": ["ANSWER"]}, "origin": "manual", "to_name": "text", "from_name": "label-intro"}, {"type": "labels", "value": {"end": 143, "text": "Luca Maestri", "start": 130, "labels": ["REPRESENTATIVE"]}, "origin": "manual", "to_name": "text", "from_name": "label-intro"}, {"type": "labels", "value": {"end": 149, "text": ": Yes.", "start": 144, "labels": ["ANSWER"]}, "origin": "manual", "to_name": "text", "from_name": "label-intro"}, {"type": "labels", "value": {"end": 162, "text": "Laura Martin", "start": 149, "labels": ["ANALYST"]}, "origin": "manual", "to_name": "text", "from_name": "label-intro"}, {"type": "labels", "value": {"end": 783, "text": ": Great. Okay. Super. So I'd like to focus on product roadmap and strategy. There is a war going on for the home, the connected home, over the Internet of Things. And with two products, the HomePod and Apple TV in the home, my question is strategically, how do you feel about the importance of being in the home and whether it threatens your dominance outside the home with your core business in the mobile devices if you sort of lose that battle? I'm just trying to figure out strategically when you think about where the puck is going, how important is it for you to have a beachhead in the home as well as out of home?", "start": 163, "labels": ["QUESTION"]}, "origin": "manual", "to_name": "text", "from_name": "label-intro"}, {"type": "labels", "value": {"end": 803, "text": "Timothy Donald Cook", "start": 783, "labels": ["REPRESENTATIVE"]}, "origin": "manual", "to_name": "text", "from_name": "label-intro"}, {"type": "labels", "value": {"end": 1788, "text": ": I think the home business, Laura, is bigger than the HomePod and Apple TV. They're both important products clearly, but everybody has their iPhone at home as well and everybody has their Mac at home and everyone has their iPad at home. And so in terms of the Siri access point, as you can tell from the 100 billion number I quoted in the script, there's an extraordinary amount of usage of these products that are used to perform home-related functions. I do that every day with controlling all my home automation and so on and so forth. Part of that is on HomePod but part of it is with the Apple Watch and the iPhone and the iPad, and so I think home is important. Home is important. Work is important. The movement between the two are important. Health is important. So the smartphone has become the repository that goes across the whole of your life, not something that is just meant for a portion of it and so I think all of those are important and we're focused on all of them.", "start": 804, "labels": ["ANSWER"]}, "origin": "manual", "to_name": "text", "from_name": "label-intro"}, {"type": "labels", "value": {"end": 1801, "text": "Laura Martin", "start": 1788, "labels": ["ANALYST"]}, "origin": "manual", "to_name": "text", "from_name": "label-intro"}, {"type": "labels", "value": {"end": 1840, "text": ": Okay. That's helpful, actually. Okay.", "start": 1802, "labels": ["QUESTION"]}, "origin": "manual", "to_name": "text", "from_name": "label-intro"}, {"type": "labels", "value": {"end": 1860, "text": "Timothy Donald Cook", "start": 1840, "labels": ["REPRESENTATIVE"]}, "origin": "manual", "to_name": "text", "from_name": "label-intro"}, {"type": "labels", "value": {"end": 1887, "text": ": Thanks for your question.", "start": 1861, "labels": ["ANSWER"]}, "origin": "manual", "to_name": "text", "from_name": "label-intro"}, {"type": "labels", "value": {"end": 1900, "text": "Laura Martin", "start": 1887, "labels": ["ANALYST"]}, "origin": "manual", "to_name": "text", "from_name": "label-intro"}, {"type": "labels", "value": {"end": 2470, "text": ": Yeah. Sort of. I mean I'll watch your product roadmap and be able to tell what the answer is. The other thing, the thing I get in fights with investors about the most is this and I'd love your insight on this. I love the expansion of the new products. The question I have is are they actually on-ramps into the Apple ecosystem, the Beats, the Watch, the AirPods, subscriptions, are they on-ramps into the ecosystem or is the on-ramp to the ecosystem the iPhone and then these new products add revenue per member once you get somebody into the ecosystem via the iPhone?", "start": 1901, "labels": ["QUESTION"]}, "origin": "manual", "to_name": "text", "from_name": "label-intro"}, {"type": "labels", "value": {"end": 2490, "text": "Timothy Donald Cook", "start": 2470, "labels": ["REPRESENTATIVE"]}, "origin": "manual", "to_name": "text", "from_name": "label-intro"}, {"type": "labels", "value": {"end": 3011, "text": ": A lot of people that buy Apple products buy for the whole ecosystem, even though they might not currently use all the different products. And so the way that I think about those products are they're products within the ecosystem itself. And there's the AirPods have really gone through the roof and the Apple Watch has hit an air pocket and has gone to a whole different level as I'd mentioned earlier with our overall wearables revenue. And so in my view, this is a part of the \u2013 they are a core part of the ecosystem.", "start": 2491, "labels": ["ANSWER"]}, "origin": "manual", "to_name": "text", "from_name": "label-intro"}, {"type": "labels", "value": {"end": 3024, "text": "Nancy Paxton", "start": 3011, "labels": ["REPRESENTATIVE"]}, "origin": "manual", "to_name": "text", "from_name": "label-intro"}, {"type": "labels", "value": {"end": 3043, "text": ": Thank you, Laura.", "start": 3025, "labels": ["ANSWER"]}, "origin": "manual", "to_name": "text", "from_name": "label-intro"}, {"type": "labels", "value": {"end": 3056, "text": "Laura Martin", "start": 3043, "labels": ["ANALYST"]}, "origin": "manual", "to_name": "text", "from_name": "label-intro"}, {"type": "labels", "value": {"end": 3150, "text": ": But do they attract people to the ecosystem or does the person have to have an iPhone first?", "start": 3057, "labels": ["QUESTION"]}, "origin": "manual", "to_name": "text", "from_name": "label-intro"}, {"type": "labels", "value": {"end": 3170, "text": "Timothy Donald Cook", "start": 3150, "labels": ["REPRESENTATIVE"]}, "origin": "manual", "to_name": "text", "from_name": "label-intro"}, {"type": "labels", "value": {"end": 3333, "text": ": It is, well, but on your point though, it is clear from communications I've had with users that some of them were attracted to iPhone because of the Apple Watch.", "start": 3171, "labels": ["ANSWER"]}, "origin": "manual", "to_name": "text", "from_name": "label-intro"}, {"type": "labels", "value": {"end": 3346, "text": "Laura Martin", "start": 3333, "labels": ["ANALYST"]}, "origin": "manual", "to_name": "text", "from_name": "label-intro"}, {"type": "labels", "value": {"end": 3358, "text": ": Oh, I see.", "start": 3347, "labels": ["QUESTION"]}, "origin": "manual", "to_name": "text", "from_name": "label-intro"}, {"type": "labels", "value": {"end": 3378, "text": "Timothy Donald Cook", "start": 3358, "labels": ["REPRESENTATIVE"]}, "origin": "manual", "to_name": "text", "from_name": "label-intro"}, {"type": "labels", "value": {"end": 3744, "text": ": So the Apple Watch led them to the iPhone. The reverse of that is also true, is that somebody got the iPhone and then decided I really want something to coach me in fitness and to curate some of the communications and so forth like the watch does so well and so it's not always a linear path. I see these things as being somewhat fluid and different for each user.", "start": 3379, "labels": ["ANSWER"]}, "origin": "manual", "to_name": "text", "from_name": "label-intro"}, {"type": "labels", "value": {"end": 3757, "text": "Nancy Paxton", "start": 3744, "labels": ["REPRESENTATIVE"]}, "origin": "manual", "to_name": "text", "from_name": "label-intro"}, {"type": "labels", "value": {"end": 3776, "text": ": Thank you, Laura.", "start": 3758, "labels": ["ANSWER"]}, "origin": "manual", "to_name": "text", "from_name": "label-intro"}, {"type": "labels", "value": {"end": 3789, "text": "Laura Martin", "start": 3776, "labels": ["ANALYST"]}, "origin": "manual", "to_name": "text", "from_name": "label-intro"}, {"type": "labels", "value": {"end": 3890, "text": ": So they're complementary and self-reinforcing? Okay. That makes sense. All right. Thanks very much.", "start": 3790, "labels": ["QUESTION"]}, "origin": "manual", "to_name": "text", "from_name": "label-intro"}, {"type": "labels", "value": {"end": 3910, "text": "Timothy Donald Cook", "start": 3890, "labels": ["REPRESENTATIVE"]}, "origin": "manual", "to_name": "text", "from_name": "label-intro"}, {"type": "labels", "value": {"end": 3961, "text": ": That's exactly right. Thank you for the question.", "start": 3911, "labels": ["ANSWER"]}, "origin": "manual", "to_name": "text", "from_name": "label-intro"}, {"type": "labels", "value": {"end": 3974, "text": "Laura Martin", "start": 3961, "labels": ["ANALYST"]}, "origin": "manual", "to_name": "text", "from_name": "label-intro"}, {"type": "labels", "value": {"end": 3986, "text": ": Thank you.", "start": 3975, "labels": ["QUESTION"]}, "origin": "manual", "to_name": "text", "from_name": "label-intro"}, {"type": "labels", "value": {"end": 3999, "text": "Nancy Paxton", "start": 3986, "labels": ["REPRESENTATIVE"]}, "origin": "manual", "to_name": "text", "from_name": "label-intro"}, {"type": "labels", "value": {"end": 4018, "text": ": Thank you, Laura.", "start": 4000, "labels": ["ANSWER"]}, "origin": "manual", "to_name": "text", "from_name": "label-intro"}, {"type": "labels", "value": {"end": 4031, "text": "Nancy Paxton", "start": 4018, "labels": ["REPRESENTATIVE"]}, "origin": "manual", "to_name": "text", "from_name": "label-intro"}, {"type": "labels", "value": {"end": 4600, "text": ": A replay of today's call will be available for two weeks on Apple Podcast, as a webcast on apple.com/investor and via telephone and the numbers for the telephone replay are 888-203-1112 or 719-457-0820. Please enter confirmation code 5838188 and these replays will be available by approximately 5 PM Pacific Time today. Members of the press with additional questions can contact Josh Rosenstock at 408-862-1142 and financial analysts can contact Matt Blake or me with additional questions. Matt is at 408-974-7406 and I'm at 408-974-5420. Thanks again for joining us.", "start": 4032, "labels": ["ANSWER"]}, "origin": "manual", "to_name": "text", "from_name": "label-intro"}], "was_cancelled": false, "ground_truth": true, "created_at": "2022-02-04T10:25:35.348687Z", "updated_at": "2022-02-04T10:25:35.348693Z", "lead_time": null, "prediction": {}, "result_count": 0, "task": 18865, "parent_prediction": null, "parent_annotation": null}], "data": {"year": 2018, "company": "AAPL", "my_text": "\nOperator: Next we'll take a question from Laura Martin from Needham.\nLaura Martin: Yeah, can you hear me okay?\nNancy Paxton: Yes.\nLuca Maestri: Yes.\nLaura Martin: Great. Okay. Super. So I'd like to focus on product roadmap and strategy. There is a war going on for the home, the connected home, over the Internet of Things. And with two products, the HomePod and Apple TV in the home, my question is strategically, how do you feel about the importance of being in the home and whether it threatens your dominance outside the home with your core business in the mobile devices if you sort of lose that battle? I'm just trying to figure out strategically when you think about where the puck is going, how important is it for you to have a beachhead in the home as well as out of home?\nTimothy Donald Cook: I think the home business, Laura, is bigger than the HomePod and Apple TV. They're both important products clearly, but everybody has their iPhone at home as well and everybody has their Mac at home and everyone has their iPad at home. And so in terms of the Siri access point, as you can tell from the 100 billion number I quoted in the script, there's an extraordinary amount of usage of these products that are used to perform home-related functions. I do that every day with controlling all my home automation and so on and so forth. Part of that is on HomePod but part of it is with the Apple Watch and the iPhone and the iPad, and so I think home is important. Home is important. Work is important. The movement between the two are important. Health is important. So the smartphone has become the repository that goes across the whole of your life, not something that is just meant for a portion of it and so I think all of those are important and we're focused on all of them.\nLaura Martin: Okay. That's helpful, actually. Okay.\nTimothy Donald Cook: Thanks for your question.\nLaura Martin: Yeah. Sort of. I mean I'll watch your product roadmap and be able to tell what the answer is. The other thing, the thing I get in fights with investors about the most is this and I'd love your insight on this. I love the expansion of the new products. The question I have is are they actually on-ramps into the Apple ecosystem, the Beats, the Watch, the AirPods, subscriptions, are they on-ramps into the ecosystem or is the on-ramp to the ecosystem the iPhone and then these new products add revenue per member once you get somebody into the ecosystem via the iPhone?\nTimothy Donald Cook: A lot of people that buy Apple products buy for the whole ecosystem, even though they might not currently use all the different products. And so the way that I think about those products are they're products within the ecosystem itself. And there's the AirPods have really gone through the roof and the Apple Watch has hit an air pocket and has gone to a whole different level as I'd mentioned earlier with our overall wearables revenue. And so in my view, this is a part of the \u2013 they are a core part of the ecosystem.\nNancy Paxton: Thank you, Laura.\nLaura Martin: But do they attract people to the ecosystem or does the person have to have an iPhone first?\nTimothy Donald Cook: It is, well, but on your point though, it is clear from communications I've had with users that some of them were attracted to iPhone because of the Apple Watch.\nLaura Martin: Oh, I see.\nTimothy Donald Cook: So the Apple Watch led them to the iPhone. The reverse of that is also true, is that somebody got the iPhone and then decided I really want something to coach me in fitness and to curate some of the communications and so forth like the watch does so well and so it's not always a linear path. I see these things as being somewhat fluid and different for each user.\nNancy Paxton: Thank you, Laura.\nLaura Martin: So they're complementary and self-reinforcing? Okay. That makes sense. All right. Thanks very much.\nTimothy Donald Cook: That's exactly right. Thank you for the question.\nLaura Martin: Thank you.\nNancy Paxton: Thank you, Laura.\nNancy Paxton: A replay of today's call will be available for two weeks on Apple Podcast, as a webcast on apple.com/investor and via telephone and the numbers for the telephone replay are 888-203-1112 or 719-457-0820. Please enter confirmation code 5838188 and these replays will be available by approximately 5 PM Pacific Time today. Members of the press with additional questions can contact Josh Rosenstock at 408-862-1142 and financial analysts can contact Matt Blake or me with additional questions. Matt is at 408-974-7406 and I'm at 408-974-5420. Thanks again for joining us.", "quarter": 3}}