{"id": 17574, "annotations": [{"id": 17677, "completed_by": 2, "result": [{"type": "labels", "value": {"end": 9, "text": "Operator", "start": 0, "labels": ["OPERATOR"]}, "origin": "manual", "to_name": "text", "from_name": "label-intro"}, {"type": "labels", "value": {"end": 46, "text": ": From JPMorgan we\u2019ll go to Rod Hall.", "start": 10, "labels": ["INTRO"]}, "origin": "manual", "to_name": "text", "from_name": "label-intro"}, {"type": "labels", "value": {"end": 55, "text": "Rod Hall", "start": 46, "labels": ["ANALYST"]}, "origin": "manual", "to_name": "text", "from_name": "label-intro"}, {"type": "labels", "value": {"end": 441, "text": ": Yes thanks for taking my question. I just wanted to ask Tim maybe if you could comment on the mix between iPhone 6 and iPhone 6s. And whether the mix of demand is any different than what you say for instance that the iPhone 5, 5s point whether there is more say iPhone 6, I know you highlighted that the iPhone 6 is a number one phone in China for example and then I have a follow up?", "start": 56, "labels": ["QUESTION"]}, "origin": "manual", "to_name": "text", "from_name": "label-intro"}, {"type": "labels", "value": {"end": 450, "text": "Tim Cook", "start": 441, "labels": ["REPRESENTATIVE"]}, "origin": "manual", "to_name": "text", "from_name": "label-intro"}, {"type": "labels", "value": {"end": 816, "text": ": The statement I made in China was about Q4 and the 6s was only available in China for two days last quarter. The iPhone 6s is the most popular iPhone that we currently sell. In terms of has there been a change. If you look at iPhone 6 today, and add iPhone 6 Plus and compare that to last year\u2019s 5s we are doing better, at that price point than we were previously.", "start": 451, "labels": ["ANSWER"]}, "origin": "manual", "to_name": "text", "from_name": "label-intro"}, {"type": "labels", "value": {"end": 825, "text": "Rod Hall", "start": 816, "labels": ["ANALYST"]}, "origin": "manual", "to_name": "text", "from_name": "label-intro"}, {"type": "labels", "value": {"end": 1173, "text": ": Okay, thank you. And then there\u2019s follow up for what you were doing on the upgrade program. I am wondering if can you envision a time ever made in the U.S. or elsewhere where you would not have to come into an Apple store to activate it or to take advantage of the upgrade you might be able to do that somewhere else, do you start now what your\u2026.", "start": 826, "labels": ["QUESTION"]}, "origin": "manual", "to_name": "text", "from_name": "label-intro"}, {"type": "labels", "value": {"end": 1182, "text": "Tim Cook", "start": 1173, "labels": ["REPRESENTATIVE"]}, "origin": "manual", "to_name": "text", "from_name": "label-intro"}, {"type": "labels", "value": {"end": 1791, "text": ": That\u2019s a really good question. We actually solved that problem back in 2007. But then quickly had to change it in order to scale in a major way. And so that is something that we would always -- sort of always in our mind that one day from a customer experience point of view we would like to make things as easy as possible for the customer. And to some degree you can already do that with buying online. But there are many different plans and search what the people buy, that they have to come in for several times we would love to have that automated and working with our partners, with service providers.", "start": 1183, "labels": ["ANSWER"]}, "origin": "manual", "to_name": "text", "from_name": "label-intro"}, {"type": "labels", "value": {"end": 1800, "text": "Rod Hall", "start": 1791, "labels": ["ANALYST"]}, "origin": "manual", "to_name": "text", "from_name": "label-intro"}, {"type": "labels", "value": {"end": 1829, "text": ": Great. Thank you very much.", "start": 1801, "labels": ["QUESTION"]}, "origin": "manual", "to_name": "text", "from_name": "label-intro"}, {"type": "labels", "value": {"end": 1838, "text": "Tim Cook", "start": 1829, "labels": ["REPRESENTATIVE"]}, "origin": "manual", "to_name": "text", "from_name": "label-intro"}, {"type": "labels", "value": {"end": 1844, "text": ": Yes.", "start": 1839, "labels": ["ANSWER"]}, "origin": "manual", "to_name": "text", "from_name": "label-intro"}, {"type": "labels", "value": {"end": 1857, "text": "Nancy Paxton", "start": 1844, "labels": ["ANALYST"]}, "origin": "manual", "to_name": "text", "from_name": "label-intro"}, {"type": "labels", "value": {"end": 2464, "text": ": Thank you, Rod. A replay of today's call will be available for two weeks as a podcast on the iTunes store, as a webcast on apple.com/investor, and via telephone. And the numbers for the telephone replay are 888-203-1112 or 719-457-0820 and please enter confirmation code 795707. And these replays will be available by approximately 5:00 p.m. Pacific Time today. Members of the press with additional questions can contact Kristin Huguet at 408-974-2414 and financial analysts can contact Joan Hoover or me with additional questions. Joan is at 408-974-4570 and at 408-974-5420. Thanks again for joining us.", "start": 1858, "labels": ["QUESTION"]}, "origin": "manual", "to_name": "text", "from_name": "label-intro"}], "was_cancelled": false, "ground_truth": true, "created_at": "2022-02-04T10:03:51.624980Z", "updated_at": "2022-02-04T10:03:51.624985Z", "lead_time": null, "prediction": {}, "result_count": 0, "task": 17574, "parent_prediction": null, "parent_annotation": null}], "data": {"year": 2015, "company": "AAPL", "my_text": "\nOperator: From JPMorgan we\u2019ll go to Rod Hall.\nRod Hall: Yes thanks for taking my question. I just wanted to ask Tim maybe if you could comment on the mix between iPhone 6 and iPhone 6s. And whether the mix of demand is any different than what you say for instance that the iPhone 5, 5s point whether there is more say iPhone 6, I know you highlighted that the iPhone 6 is a number one phone in China for example and then I have a follow up?\nTim Cook: The statement I made in China was about Q4 and the 6s was only available in China for two days last quarter. The iPhone 6s is the most popular iPhone that we currently sell. In terms of has there been a change. If you look at iPhone 6 today, and add iPhone 6 Plus and compare that to last year\u2019s 5s we are doing better, at that price point than we were previously.\nRod Hall: Okay, thank you. And then there\u2019s follow up for what you were doing on the upgrade program. I am wondering if can you envision a time ever made in the U.S. or elsewhere where you would not have to come into an Apple store to activate it or to take advantage of the upgrade you might be able to do that somewhere else, do you start now what your\u2026.\nTim Cook: That\u2019s a really good question. We actually solved that problem back in 2007. But then quickly had to change it in order to scale in a major way. And so that is something that we would always -- sort of always in our mind that one day from a customer experience point of view we would like to make things as easy as possible for the customer. And to some degree you can already do that with buying online. But there are many different plans and search what the people buy, that they have to come in for several times we would love to have that automated and working with our partners, with service providers.\nRod Hall: Great. Thank you very much.\nTim Cook: Yes.\nNancy Paxton: Thank you, Rod. A replay of today's call will be available for two weeks as a podcast on the iTunes store, as a webcast on apple.com/investor, and via telephone. And the numbers for the telephone replay are 888-203-1112 or 719-457-0820 and please enter confirmation code 795707. And these replays will be available by approximately 5:00 p.m. Pacific Time today. Members of the press with additional questions can contact Kristin Huguet at 408-974-2414 and financial analysts can contact Joan Hoover or me with additional questions. Joan is at 408-974-4570 and at 408-974-5420. Thanks again for joining us.", "quarter": 4}}