{"id": 17546, "annotations": [{"id": 17649, "completed_by": 2, "result": [{"id": "pZlRFxnvDe", "type": "labels", "value": {"end": 9, "text": "Operator", "start": 0, "labels": ["OPERATOR"]}, "origin": "manual", "to_name": "text", "from_name": "label-intro"}, {"id": "7YOAbBlrS6", "type": "labels", "value": {"end": 56, "text": " From Morgan Stanley we\u2019ll go to Katy Huberty.", "start": 10, "labels": ["INTRO"]}, "origin": "manual", "to_name": "text", "from_name": "label-intro"}, {"id": "R4pzfRV5kt", "type": "labels", "value": {"end": 69, "text": "Katy Huberty", "start": 56, "labels": ["ANALYST"]}, "origin": "manual", "to_name": "text", "from_name": "label-intro"}, {"id": "OjcLK07_mH", "type": "labels", "value": {"end": 370, "text": " So not to dilute the fantastic performance in December, but can you talk a little bit about how you think about the sustainability of this very strong iPhone demand into 2015, particularly given that most carriers had access to that product during the quarter? And then I have a follow up on margin?", "start": 70, "labels": ["QUESTION"]}, "origin": "manual", "to_name": "text", "from_name": "label-intro"}, {"id": "ll4imT4pGC", "type": "labels", "value": {"end": 379, "text": "Tim Cook", "start": 370, "labels": ["REPRESENTATIVE"]}, "origin": "manual", "to_name": "text", "from_name": "label-intro"}, {"id": "ocT_3nlte_", "type": "labels", "value": {"end": 1789, "text": " Sure Katy. It\u2019s Tim. You can see from the March guidance that we\u2019ve given, that we are incredibly bullish about iPhone going forward. We believe that it\u2019s the best smartphone in the world. Our customers are telling us that. The market is telling us that. We\u2019re doing well in virtually every corner of the world. And so we\u2019re very bullish that it does have legs. I would point out that only a small fraction of the installed base has upgraded. And so there is a lot more people within the installed base. But I would also point out that we had the highest number of customers new to iPhone last quarter than in any prior launch. And also that the current iPhone line up experienced the highest Android switcher rate in any of the last three launches in the three previous years. And we didn\u2019t look back to the other years. So I don\u2019t know about those. And so we see that we\u2019re appealing to new customers, both new to smartphone and new to iPhone and people switching. We\u2019re very bullish on the product and getting great feedback about the quality of the products we\u2019re shipping. And so we\u2019re very, very bullish. The emerging markets which has been a source to great questions over time, the growth was absolutely stunning, in Brazil and Mainland China more than doubling year-over-year which is 3x to 4x what those markets were doing according to IDC. And so we enter the quarter with quite a bit of momentum.", "start": 380, "labels": ["ANSWER"]}, "origin": "manual", "to_name": "text", "from_name": "label-intro"}, {"id": "QyHLkeqAPo", "type": "labels", "value": {"end": 1802, "text": "Katy Huberty", "start": 1789, "labels": ["ANALYST"]}, "origin": "manual", "to_name": "text", "from_name": "label-intro"}, {"id": "I3pRdpXggT", "type": "labels", "value": {"end": 2069, "text": " And Luca as you know, you typically enjoy component cost downs and yield improvements as you move through a product cycle. Is there anything other than currency that keeps you from potentially locking the gross margins higher over the course of the year? Thank you.", "start": 1803, "labels": ["QUESTION"]}, "origin": "manual", "to_name": "text", "from_name": "label-intro"}, {"id": "PC7jHE8LWz", "type": "labels", "value": {"end": 2082, "text": "Luca Maestri", "start": 2069, "labels": ["REPRESENTATIVE"]}, "origin": "manual", "to_name": "text", "from_name": "label-intro"}, {"id": "nyFsuSsio4", "type": "labels", "value": {"end": 2991, "text": " Katy, you\u2019re right. I mean on both fronts. We certainly expect more favorable cost in the March quarter than we\u2019ve seen in the December quarter. It goes with our product cycle. The foreign exchange headwinds as I was explaining to Shannon, they will be on a sequential basis a headwind of more than 100 basis points. So if you were to exclude that foreign exchange impact, we would actually be guiding to sequential increase in margins. The other element that is there and it\u2019s very seasonal, it\u2019s always there, it\u2019s the loss of leverage that we got from Q1 to Q2. When you look at our revenue guidance, we are guiding to a sequential decline between 26% and 30%. So you obviously have that loss of leverage, but without a doubt the biggest headwind that we got right now is foreign exchange. Having said all that guiding 38.5% to 39.5%, we feel slightly very good about where we are right now in the cycle.", "start": 2083, "labels": ["ANSWER"]}, "origin": "manual", "to_name": "text", "from_name": "label-intro"}, {"id": "7GRxibwvoX", "type": "labels", "value": {"end": 3004, "text": "Nancy Paxton", "start": 2991, "labels": ["ANALYST"]}, "origin": "manual", "to_name": "text", "from_name": "label-intro"}, {"id": "l7hwNIKGq_", "type": "labels", "value": {"end": 3051, "text": " Katie could we have the next question please?", "start": 3005, "labels": ["QUESTION"]}, "origin": "manual", "to_name": "text", "from_name": "label-intro"}], "was_cancelled": false, "ground_truth": true, "created_at": "2022-02-04T10:03:51.622291Z", "updated_at": "2022-04-10T10:33:54.473500Z", "lead_time": 678.905, "prediction": {}, "result_count": 0, "task": 17546, "parent_prediction": null, "parent_annotation": null}], "data": {"year": 2015, "company": "AAPL", "my_text": "\nOperator: From Morgan Stanley we\u2019ll go to Katy Huberty.\nKaty Huberty: So not to dilute the fantastic performance in December, but can you talk a little bit about how you think about the sustainability of this very strong iPhone demand into 2015, particularly given that most carriers had access to that product during the quarter? And then I have a follow up on margin?\nTim Cook: Sure Katy. It\u2019s Tim. You can see from the March guidance that we\u2019ve given, that we are incredibly bullish about iPhone going forward. We believe that it\u2019s the best smartphone in the world. Our customers are telling us that. The market is telling us that. We\u2019re doing well in virtually every corner of the world. And so we\u2019re very bullish that it does have legs. I would point out that only a small fraction of the installed base has upgraded. And so there is a lot more people within the installed base. But I would also point out that we had the highest number of customers new to iPhone last quarter than in any prior launch. And also that the current iPhone line up experienced the highest Android switcher rate in any of the last three launches in the three previous years. And we didn\u2019t look back to the other years. So I don\u2019t know about those. And so we see that we\u2019re appealing to new customers, both new to smartphone and new to iPhone and people switching. We\u2019re very bullish on the product and getting great feedback about the quality of the products we\u2019re shipping. And so we\u2019re very, very bullish. The emerging markets which has been a source to great questions over time, the growth was absolutely stunning, in Brazil and Mainland China more than doubling year-over-year which is 3x to 4x what those markets were doing according to IDC. And so we enter the quarter with quite a bit of momentum.\nKaty Huberty: And Luca as you know, you typically enjoy component cost downs and yield improvements as you move through a product cycle. Is there anything other than currency that keeps you from potentially locking the gross margins higher over the course of the year? Thank you.\nLuca Maestri: Katy, you\u2019re right. I mean on both fronts. We certainly expect more favorable cost in the March quarter than we\u2019ve seen in the December quarter. It goes with our product cycle. The foreign exchange headwinds as I was explaining to Shannon, they will be on a sequential basis a headwind of more than 100 basis points. So if you were to exclude that foreign exchange impact, we would actually be guiding to sequential increase in margins. The other element that is there and it\u2019s very seasonal, it\u2019s always there, it\u2019s the loss of leverage that we got from Q1 to Q2. When you look at our revenue guidance, we are guiding to a sequential decline between 26% and 30%. So you obviously have that loss of leverage, but without a doubt the biggest headwind that we got right now is foreign exchange. Having said all that guiding 38.5% to 39.5%, we feel slightly very good about where we are right now in the cycle.\nNancy Paxton: Katie could we have the next question please?", "quarter": 1}}