{"id": 18843, "annotations": [{"id": 18946, "completed_by": 2, "result": [{"type": "labels", "value": {"end": 9, "text": "Operator", "start": 0, "labels": ["OPERATOR"]}, "origin": "manual", "to_name": "text", "from_name": "label-intro"}, {"type": "labels", "value": {"end": 43, "text": ": That is Jim Suva with Citigroup.", "start": 10, "labels": ["INTRO"]}, "origin": "manual", "to_name": "text", "from_name": "label-intro"}, {"type": "labels", "value": {"end": 52, "text": "Jim Suva", "start": 43, "labels": ["ANALYST"]}, "origin": "manual", "to_name": "text", "from_name": "label-intro"}, {"type": "labels", "value": {"end": 940, "text": ": Thanks very much. And I'll ask my original question and follow-up at the same time because they're slightly different topics. But you'd mentioned great success in India. I believe, Tim, in your prepared comments you mentioned, I think, India doubled year over year. Based upon market analysis, it looks like Apple's still just a relatively small sliver of the pie there. So Tim, what would it take be even more successful in India? Is it a manufacturing footprint there? Is it partners? Is it more physical stores? Is it lower price points? Is it the bandwidth that has now caught up to many other countries, or how should we think about that? And then the follow-up question is on the AR/VR, where will it really show up in your income statement? Are you hoping more for hardware sales or services through the apps or where the excitement will then monetize it within Apple? Thank you.", "start": 53, "labels": ["QUESTION"]}, "origin": "manual", "to_name": "text", "from_name": "label-intro"}, {"type": "labels", "value": {"end": 956, "text": "Timothy D. Cook", "start": 940, "labels": ["REPRESENTATIVE"]}, "origin": "manual", "to_name": "text", "from_name": "label-intro"}, {"type": "labels", "value": {"end": 2734, "text": ": In terms of India, many of the things that you mentioned are correct. Growing a market like India is a result of all of those things and doing them all well. And so it's analogous to the many years that we put into China. It's building stores. It's building channels. It's building markets. It's building the developer ecosystem. It's having the right product lineup for the market. And I feel like we're making good progress there and are gaining understanding of the market, but we still have a long way to go, which I sort of see as an opportunity instead of a problem. And I do feel great about the growth rate. And so that's India. I think it's all of those things. As you know, as I think we talked about before, we started manufacturing the iPhone SE there six, nine months ago so. And the majority of the iPhone SEs that we sold in the domestic market last quarter were manufactured there. And so we also have that going and are hoping that that winds up saving some amount of money over time and avoiding some of the compounding of taxes, et cetera. The bandwidth issue has also been an issue, but as you point out, it is being addressed and between the large carriers there with Bharti and now Jio investing the way they are, the service in India is materially better than it was just 12 months ago. So there's been a sea change there in a short period of time. So I feel good about all that, but we have a long way to go. In terms of the monetization question on AR/VR, we tend to focus first and foremost on customer experience. And so we're all about making sure the experience is great. And we think that if we get the experience right, that revenues and profits will be a result of getting that right. And so we're very much focused on the experience right now.", "start": 957, "labels": ["ANSWER"]}, "origin": "manual", "to_name": "text", "from_name": "label-intro"}, {"type": "labels", "value": {"end": 2747, "text": "Nancy Paxton", "start": 2734, "labels": ["REPRESENTATIVE"]}, "origin": "manual", "to_name": "text", "from_name": "label-intro"}, {"type": "labels", "value": {"end": 2764, "text": ": Thank you, Jim.", "start": 2748, "labels": ["ANSWER"]}, "origin": "manual", "to_name": "text", "from_name": "label-intro"}, {"type": "labels", "value": {"end": 2773, "text": "Jim Suva", "start": 2764, "labels": ["ANALYST"]}, "origin": "manual", "to_name": "text", "from_name": "label-intro"}, {"type": "labels", "value": {"end": 2821, "text": ": Thank you so much for your details. Thank you.", "start": 2774, "labels": ["QUESTION"]}, "origin": "manual", "to_name": "text", "from_name": "label-intro"}, {"type": "labels", "value": {"end": 2834, "text": "Nancy Paxton", "start": 2821, "labels": ["REPRESENTATIVE"]}, "origin": "manual", "to_name": "text", "from_name": "label-intro"}, {"type": "labels", "value": {"end": 2874, "text": ": Can we have the next question, please?", "start": 2835, "labels": ["ANSWER"]}, "origin": "manual", "to_name": "text", "from_name": "label-intro"}], "was_cancelled": false, "ground_truth": true, "created_at": "2022-02-04T10:25:35.346379Z", "updated_at": "2022-02-04T10:25:35.346384Z", "lead_time": null, "prediction": {}, "result_count": 0, "task": 18843, "parent_prediction": null, "parent_annotation": null}], "data": {"year": 2017, "company": "AAPL", "my_text": "\nOperator: That is Jim Suva with Citigroup.\nJim Suva: Thanks very much. And I'll ask my original question and follow-up at the same time because they're slightly different topics. But you'd mentioned great success in India. I believe, Tim, in your prepared comments you mentioned, I think, India doubled year over year. Based upon market analysis, it looks like Apple's still just a relatively small sliver of the pie there. So Tim, what would it take be even more successful in India? Is it a manufacturing footprint there? Is it partners? Is it more physical stores? Is it lower price points? Is it the bandwidth that has now caught up to many other countries, or how should we think about that? And then the follow-up question is on the AR/VR, where will it really show up in your income statement? Are you hoping more for hardware sales or services through the apps or where the excitement will then monetize it within Apple? Thank you.\nTimothy D. Cook: In terms of India, many of the things that you mentioned are correct. Growing a market like India is a result of all of those things and doing them all well. And so it's analogous to the many years that we put into China. It's building stores. It's building channels. It's building markets. It's building the developer ecosystem. It's having the right product lineup for the market. And I feel like we're making good progress there and are gaining understanding of the market, but we still have a long way to go, which I sort of see as an opportunity instead of a problem. And I do feel great about the growth rate. And so that's India. I think it's all of those things. As you know, as I think we talked about before, we started manufacturing the iPhone SE there six, nine months ago so. And the majority of the iPhone SEs that we sold in the domestic market last quarter were manufactured there. And so we also have that going and are hoping that that winds up saving some amount of money over time and avoiding some of the compounding of taxes, et cetera. The bandwidth issue has also been an issue, but as you point out, it is being addressed and between the large carriers there with Bharti and now Jio investing the way they are, the service in India is materially better than it was just 12 months ago. So there's been a sea change there in a short period of time. So I feel good about all that, but we have a long way to go. In terms of the monetization question on AR/VR, we tend to focus first and foremost on customer experience. And so we're all about making sure the experience is great. And we think that if we get the experience right, that revenues and profits will be a result of getting that right. And so we're very much focused on the experience right now.\nNancy Paxton: Thank you, Jim.\nJim Suva: Thank you so much for your details. Thank you.\nNancy Paxton: Can we have the next question, please?", "quarter": 4}}