{"id": 18868, "annotations": [{"id": 18971, "completed_by": 2, "result": [{"type": "labels", "value": {"end": 9, "text": "Operator", "start": 0, "labels": ["OPERATOR"]}, "origin": "manual", "to_name": "text", "from_name": "label-intro"}, {"type": "labels", "value": {"end": 70, "text": ": Our next question comes from Mike Olson with Piper Jaffray.", "start": 10, "labels": ["INTRO"]}, "origin": "manual", "to_name": "text", "from_name": "label-intro"}, {"type": "labels", "value": {"end": 84, "text": "Mike J. Olson", "start": 70, "labels": ["ANALYST"]}, "origin": "manual", "to_name": "text", "from_name": "label-intro"}, {"type": "labels", "value": {"end": 425, "text": ": Thanks very much and good afternoon. With the staggered iPhone launch, were you able to discern any impact on the XS and XS Max from buyers potentially waiting for the XR, and what if anything can we take away from the December quarter guidance related to what you're seeing for early demand of the XR? And then I have a follow-up, thanks.", "start": 85, "labels": ["QUESTION"]}, "origin": "manual", "to_name": "text", "from_name": "label-intro"}, {"type": "labels", "value": {"end": 445, "text": "Timothy Donald Cook", "start": 425, "labels": ["REPRESENTATIVE"]}, "origin": "manual", "to_name": "text", "from_name": "label-intro"}, {"type": "labels", "value": {"end": 884, "text": ": Mike, it's Tim. The XS and XS Max got off to a really great start and we've only been selling for a few weeks. The XR, we've only had out there for I guess five days or so at this point, and so we have very, very little data there. Usually there is some amount of wait until another product shows up and look, but in looking at the data, on the sales data for XS and XS Max, there's not obvious evidence of that in the data, as I see it.", "start": 446, "labels": ["ANSWER"]}, "origin": "manual", "to_name": "text", "from_name": "label-intro"}, {"type": "labels", "value": {"end": 898, "text": "Mike J. Olson", "start": 884, "labels": ["ANALYST"]}, "origin": "manual", "to_name": "text", "from_name": "label-intro"}, {"type": "labels", "value": {"end": 1419, "text": ": Got it, and you mentioned record levels for various components of the services business. As we look forward, if growth of services is to maintain something close to the recent pace, what are the components of services that you're particularly excited about that could drive that and be the strongest drivers? And maybe an offshoot to that, it seems like the news flow around augmented reality has slowed a little bit in recent months. Is that potentially a materially contributor to services in the near future? Thanks.", "start": 899, "labels": ["QUESTION"]}, "origin": "manual", "to_name": "text", "from_name": "label-intro"}, {"type": "labels", "value": {"end": 1432, "text": "Luca Maestri", "start": 1419, "labels": ["REPRESENTATIVE"]}, "origin": "manual", "to_name": "text", "from_name": "label-intro"}, {"type": "labels", "value": {"end": 2701, "text": ": Mike, as we said, during the September quarter, we set new records for many, many services categories, right, from Apple Music to cloud services to the App Store to AppleCare and Apple Pay really has an exponential trajectory right now. When we look at our services business, we think about the fact that we have a very large and growing installed base. The installed base of all our major product categories is at an all-time high and has been growing over the last several quarters, so the opportunity for us to monetize our services business continues to grow over time. Of course, we're also improving the quality of the services that we provide and if you look back during the last three years, we've added new services to our portfolio. We added Apple Pay, we added Apple Music. We added this advertising business on our App Store. And clearly, we will want to continue to offer new services over time, so there are a number of vectors that allow us to continue to grow the business over time. We have stated that we want to double the size of the services business from the level that we had in fiscal 2016 by 2020. We are well on pace to achieve that, and we feel very, very confident about the future and the opportunities that we have in the services space.", "start": 1433, "labels": ["ANSWER"]}, "origin": "manual", "to_name": "text", "from_name": "label-intro"}, {"type": "labels", "value": {"end": 2721, "text": "Timothy Donald Cook", "start": 2701, "labels": ["REPRESENTATIVE"]}, "origin": "manual", "to_name": "text", "from_name": "label-intro"}, {"type": "labels", "value": {"end": 3642, "text": ": Mike, in terms of your question on AR, I have a different view than you do on this one. Just a year ago, practically a year ago, we came out with ARKit 1. Six months or so after that we came out with 1.5. We then recently came out with ARKit 2. The number of things that you can do are growing significantly. The number of developers that either have done something, or even more the case, that are working on things that I've seen are growing tremendously. There's a lot of interest out there and the number of categories that I'm seeing from gaming to shopping, to I was in China a few weeks ago and saw AR in an art sense, in an art exhibit. I was in Berlin last week and saw it being used in a historical educational kind of sense. I'm seeing it sort of everywhere I go now, and so I think we are in the early days, and it'll keep getting better and better, but I'm really happy with where things are at the moment.", "start": 2722, "labels": ["ANSWER"]}, "origin": "manual", "to_name": "text", "from_name": "label-intro"}, {"type": "labels", "value": {"end": 3655, "text": "Nancy Paxton", "start": 3642, "labels": ["REPRESENTATIVE"]}, "origin": "manual", "to_name": "text", "from_name": "label-intro"}, {"type": "labels", "value": {"end": 3711, "text": ": Thank you, Mike. Can we have the next question please?", "start": 3656, "labels": ["ANSWER"]}, "origin": "manual", "to_name": "text", "from_name": "label-intro"}], "was_cancelled": false, "ground_truth": true, "created_at": "2022-02-04T10:25:35.349014Z", "updated_at": "2022-02-04T10:25:35.349019Z", "lead_time": null, "prediction": {}, "result_count": 0, "task": 18868, "parent_prediction": null, "parent_annotation": null}], "data": {"year": 2018, "company": "AAPL", "my_text": "\nOperator: Our next question comes from Mike Olson with Piper Jaffray.\nMike J. Olson: Thanks very much and good afternoon. With the staggered iPhone launch, were you able to discern any impact on the XS and XS Max from buyers potentially waiting for the XR, and what if anything can we take away from the December quarter guidance related to what you're seeing for early demand of the XR? And then I have a follow-up, thanks.\nTimothy Donald Cook: Mike, it's Tim. The XS and XS Max got off to a really great start and we've only been selling for a few weeks. The XR, we've only had out there for I guess five days or so at this point, and so we have very, very little data there. Usually there is some amount of wait until another product shows up and look, but in looking at the data, on the sales data for XS and XS Max, there's not obvious evidence of that in the data, as I see it.\nMike J. Olson: Got it, and you mentioned record levels for various components of the services business. As we look forward, if growth of services is to maintain something close to the recent pace, what are the components of services that you're particularly excited about that could drive that and be the strongest drivers? And maybe an offshoot to that, it seems like the news flow around augmented reality has slowed a little bit in recent months. Is that potentially a materially contributor to services in the near future? Thanks.\nLuca Maestri: Mike, as we said, during the September quarter, we set new records for many, many services categories, right, from Apple Music to cloud services to the App Store to AppleCare and Apple Pay really has an exponential trajectory right now. When we look at our services business, we think about the fact that we have a very large and growing installed base. The installed base of all our major product categories is at an all-time high and has been growing over the last several quarters, so the opportunity for us to monetize our services business continues to grow over time. Of course, we're also improving the quality of the services that we provide and if you look back during the last three years, we've added new services to our portfolio. We added Apple Pay, we added Apple Music. We added this advertising business on our App Store. And clearly, we will want to continue to offer new services over time, so there are a number of vectors that allow us to continue to grow the business over time. We have stated that we want to double the size of the services business from the level that we had in fiscal 2016 by 2020. We are well on pace to achieve that, and we feel very, very confident about the future and the opportunities that we have in the services space.\nTimothy Donald Cook: Mike, in terms of your question on AR, I have a different view than you do on this one. Just a year ago, practically a year ago, we came out with ARKit 1. Six months or so after that we came out with 1.5. We then recently came out with ARKit 2. The number of things that you can do are growing significantly. The number of developers that either have done something, or even more the case, that are working on things that I've seen are growing tremendously. There's a lot of interest out there and the number of categories that I'm seeing from gaming to shopping, to I was in China a few weeks ago and saw AR in an art sense, in an art exhibit. I was in Berlin last week and saw it being used in a historical educational kind of sense. I'm seeing it sort of everywhere I go now, and so I think we are in the early days, and it'll keep getting better and better, but I'm really happy with where things are at the moment.\nNancy Paxton: Thank you, Mike. Can we have the next question please?", "quarter": 4}}