{"id": 18896, "annotations": [{"id": 18999, "completed_by": 2, "result": [{"id": "3q-EwsNAnO", "type": "labels", "value": {"end": 9, "text": "Operator", "start": 0, "labels": ["OPERATOR"]}, "origin": "manual", "to_name": "text", "from_name": "label-intro"}, {"id": "5YKVOnpvJn", "type": "labels", "value": {"end": 60, "text": " That will be from Samik Chatterjee with JPMorgan.", "start": 10, "labels": ["INTRO"]}, "origin": "manual", "to_name": "text", "from_name": "label-intro"}, {"id": "obZNYfTDJ9", "type": "labels", "value": {"end": 77, "text": "Samik Chatterjee", "start": 60, "labels": ["ANALYST"]}, "origin": "manual", "to_name": "text", "from_name": "label-intro"}, {"id": "_mkm7WB_hG", "type": "labels", "value": {"end": 504, "text": " Hi. Good afternoon. Thanks for taking my question. I just wanted to start off with one of the new services Apple Arcade, and if you have any insights in terms of what you're seeing for engagement or retention of customers beyond the initial trial period also how your partnerships with developers progressing there. How does the pipeline look like than any early projections of what that business longer term might look like?", "start": 78, "labels": ["QUESTION"]}, "origin": "manual", "to_name": "text", "from_name": "label-intro"}, {"id": "5Y9MhZSNm-", "type": "labels", "value": {"end": 513, "text": "Tim Cook", "start": 504, "labels": ["REPRESENTATIVE"]}, "origin": "manual", "to_name": "text", "from_name": "label-intro"}, {"id": "Jo6JMVOCge", "type": "labels", "value": {"end": 1018, "text": " We're not going to give out projections on it, but I would tell you that we were really pleased with the number of people that enter the trial period. People are just coming out of the 30-day trial period in the last few days or week or so. And so it's really too early to tell what the conversion rate will be.But I feel like we're off to a good start and the - most important of everything. The customer feedback to date has really been incredible and we're very excited for the future of the service.", "start": 514, "labels": ["ANSWER"]}, "origin": "manual", "to_name": "text", "from_name": "label-intro"}, {"id": "cpaAjekGAz", "type": "labels", "value": {"end": 1035, "text": "Samik Chatterjee", "start": 1018, "labels": ["ANALYST"]}, "origin": "manual", "to_name": "text", "from_name": "label-intro"}, {"id": "i5fC8pqgps", "type": "labels", "value": {"end": 1349, "text": " Great. As a follow-up if I can, trying to attack the Wearables question within the angle, what are you seeing in terms of -- I believe consumer behavior in upgrading Wearables like Apple Watch AirPods and how are you thinking about your ability to accelerate some of that replacement cycle by driving innovation?", "start": 1036, "labels": ["QUESTION"]}, "origin": "manual", "to_name": "text", "from_name": "label-intro"}, {"id": "_O6heV0MAG", "type": "labels", "value": {"end": 1358, "text": "Tim Cook", "start": 1349, "labels": ["REPRESENTATIVE"]}, "origin": "manual", "to_name": "text", "from_name": "label-intro"}, {"id": "lEreT4m-2s", "type": "labels", "value": {"end": 2107, "text": " I think we, because the Watch is relatively young. We haven't seen enough upgrade cycles to really establish a pattern as yet. And as I've mentioned before, 3 out of 4 customers buying an Apple Watch currently or last quarter I should say were buying an Apple Watch for the first time. And so there is still a very, very large new to Apple Watch in this regard.I do think the upgrade market will look at larger over time, but just don't have a current view as to -- how often and so forth. On the AirPods we're anxious to see the customers for the new AirPods Pro.But I would guess that one particularly in the early going will be people that have AirPods today and want to have -- also have a pair for the times that they need noise cancellation.", "start": 1359, "labels": ["ANSWER"]}, "origin": "manual", "to_name": "text", "from_name": "label-intro"}, {"id": "vErVoOZDdN", "type": "labels", "value": {"end": 2120, "text": "Nancy Paxton", "start": 2107, "labels": ["REPRESENTATIVE"]}, "origin": "manual", "to_name": "text", "from_name": "label-intro"}, {"id": "etoz81N5sB", "type": "labels", "value": {"end": 2713, "text": " Thank you. Samik. A replay of today\u2019s call will be available for two weeks on Apple Podcasts, as a webcast on apple.com/investor, and via telephone. And the numbers to the telephone replay are 888-203-1112, or 719-457-0820. Please enter confirmation code 433-1479. These replays will be available by approximately 5:00 PM Pacific Time today.Members of the press with additional questions can contact Kristin Huguet at 408-974-2414, and financial analysts can contact Tejas Gala or me with additional questions. Tejas is at 669-227-2402, and I am at 408-974-5420. Thanks again for joining us.", "start": 2121, "labels": ["ANSWER"]}, "origin": "manual", "to_name": "text", "from_name": "label-intro"}], "was_cancelled": false, "ground_truth": true, "created_at": "2022-02-04T10:25:35.351625Z", "updated_at": "2022-06-09T16:21:49.367049Z", "lead_time": 4650.813, "prediction": {}, "result_count": 0, "task": 18896, "parent_prediction": null, "parent_annotation": null}], "data": {"year": 2019, "company": "AAPL", "my_text": "\nOperator: That will be from Samik Chatterjee with JPMorgan.\nSamik Chatterjee: Hi. Good afternoon. Thanks for taking my question. I just wanted to start off with one of the new services Apple Arcade, and if you have any insights in terms of what you're seeing for engagement or retention of customers beyond the initial trial period also how your partnerships with developers progressing there. How does the pipeline look like than any early projections of what that business longer term might look like?\nTim Cook: We're not going to give out projections on it, but I would tell you that we were really pleased with the number of people that enter the trial period. People are just coming out of the 30-day trial period in the last few days or week or so. And so it's really too early to tell what the conversion rate will be.But I feel like we're off to a good start and the - most important of everything. The customer feedback to date has really been incredible and we're very excited for the future of the service.\nSamik Chatterjee: Great. As a follow-up if I can, trying to attack the Wearables question within the angle, what are you seeing in terms of -- I believe consumer behavior in upgrading Wearables like Apple Watch AirPods and how are you thinking about your ability to accelerate some of that replacement cycle by driving innovation?\nTim Cook: I think we, because the Watch is relatively young. We haven't seen enough upgrade cycles to really establish a pattern as yet. And as I've mentioned before, 3 out of 4 customers buying an Apple Watch currently or last quarter I should say were buying an Apple Watch for the first time. And so there is still a very, very large new to Apple Watch in this regard.I do think the upgrade market will look at larger over time, but just don't have a current view as to -- how often and so forth. On the AirPods we're anxious to see the customers for the new AirPods Pro.But I would guess that one particularly in the early going will be people that have AirPods today and want to have -- also have a pair for the times that they need noise cancellation.\nNancy Paxton: Thank you. Samik. A replay of today\u2019s call will be available for two weeks on Apple Podcasts, as a webcast on apple.com/investor, and via telephone. And the numbers to the telephone replay are 888-203-1112, or 719-457-0820. Please enter confirmation code 433-1479. These replays will be available by approximately 5:00 PM Pacific Time today.Members of the press with additional questions can contact Kristin Huguet at 408-974-2414, and financial analysts can contact Tejas Gala or me with additional questions. Tejas is at 669-227-2402, and I am at 408-974-5420. Thanks again for joining us.", "quarter": 4}}