{"id": 18837, "annotations": [{"id": 18940, "completed_by": 2, "result": [{"type": "labels", "value": {"end": 9, "text": "Operator", "start": 0, "labels": ["OPERATOR"]}, "origin": "manual", "to_name": "text", "from_name": "label-intro"}, {"type": "labels", "value": {"end": 55, "text": ": That will come from Brian White with Drexel.", "start": 10, "labels": ["INTRO"]}, "origin": "manual", "to_name": "text", "from_name": "label-intro"}, {"type": "labels", "value": {"end": 70, "text": "Brian J. White", "start": 55, "labels": ["ANALYST"]}, "origin": "manual", "to_name": "text", "from_name": "label-intro"}, {"type": "labels", "value": {"end": 549, "text": ": Yes. Tim, growth in the smartphone market is now crawling along at about a low single digit percentage. I know iPhone grew about 2% year over year this quarter, and it looks like you had about a mid-teens market share in units in 2016. So as we look forward maybe three to four years, do you think Apple can expand its unit market share? And if so, what will be the drivers be? And my second question is just about India, general thoughts about India in the quarter. Thank you.", "start": 71, "labels": ["QUESTION"]}, "origin": "manual", "to_name": "text", "from_name": "label-intro"}, {"type": "labels", "value": {"end": 569, "text": "Timothy Donald Cook", "start": 549, "labels": ["REPRESENTATIVE"]}, "origin": "manual", "to_name": "text", "from_name": "label-intro"}, {"type": "labels", "value": {"end": 1833, "text": ": The answer to your first question is yes. I do think that we can grow both in units and market share. We don't predict those things, but yes, if you ask me what I think, that's what I think. And so what are the drivers? The installed base is growing. It's still growing very strongly. That will generate more upgrades over time. I feel good about our ability to convince people to switch. And where the developed markets the first-time buyer rates are down other than places like Japan perhaps, the emerging markets, we haven't even gotten started yet, really. From a revenue point of view, we had very strong growth there. Emerging markets ex-China were up 18% year on year. It was a record for us, so we see a lot of opportunity in these markets. We are investing in India. As you mentioned in your second point, we've already launched an app accelerator center. That's on top of working with the channel and looking at expanding our go-to-market in general. And we began to produce the iPhone SE there during the quarter, and we're really happy with how that's going. And so we're bringing all of our energies to bear there. I see a lot of similarities to where China was several years ago. And so I'm very, very bullish and very, very optimistic about India.", "start": 570, "labels": ["ANSWER"]}, "origin": "manual", "to_name": "text", "from_name": "label-intro"}, {"type": "labels", "value": {"end": 1848, "text": "Brian J. White", "start": 1833, "labels": ["ANALYST"]}, "origin": "manual", "to_name": "text", "from_name": "label-intro"}, {"type": "labels", "value": {"end": 1867, "text": ": Great, thank you.", "start": 1849, "labels": ["QUESTION"]}, "origin": "manual", "to_name": "text", "from_name": "label-intro"}, {"type": "labels", "value": {"end": 1880, "text": "Nancy Paxton", "start": 1867, "labels": ["REPRESENTATIVE"]}, "origin": "manual", "to_name": "text", "from_name": "label-intro"}, {"type": "labels", "value": {"end": 2496, "text": ": Thanks very much, Brian. A replay of today's call will be available for two weeks as a podcast on the iTunes Store, as a webcast on apple.com/investor, and via telephone. And the numbers to the telephone replay are 888-203-1112 or 719-457-0820. Please enter confirmation code 6376964. And these replays will be available by approximately 5:00 PM Pacific Time today. Members of the press with additional questions can contact Kristen Huguet at 408-974-2414. And financial analysts can contact Joan Hoover or me with additional questions. Joan is at 408-974-4570 and I'm at 408-974-5420. Thanks again for joining us.", "start": 1881, "labels": ["ANSWER"]}, "origin": "manual", "to_name": "text", "from_name": "label-intro"}], "was_cancelled": false, "ground_truth": true, "created_at": "2022-02-04T10:25:35.345812Z", "updated_at": "2022-02-04T10:25:35.345818Z", "lead_time": null, "prediction": {}, "result_count": 0, "task": 18837, "parent_prediction": null, "parent_annotation": null}], "data": {"year": 2017, "company": "AAPL", "my_text": "\nOperator: That will come from Brian White with Drexel.\nBrian J. White: Yes. Tim, growth in the smartphone market is now crawling along at about a low single digit percentage. I know iPhone grew about 2% year over year this quarter, and it looks like you had about a mid-teens market share in units in 2016. So as we look forward maybe three to four years, do you think Apple can expand its unit market share? And if so, what will be the drivers be? And my second question is just about India, general thoughts about India in the quarter. Thank you.\nTimothy Donald Cook: The answer to your first question is yes. I do think that we can grow both in units and market share. We don't predict those things, but yes, if you ask me what I think, that's what I think. And so what are the drivers? The installed base is growing. It's still growing very strongly. That will generate more upgrades over time. I feel good about our ability to convince people to switch. And where the developed markets the first-time buyer rates are down other than places like Japan perhaps, the emerging markets, we haven't even gotten started yet, really. From a revenue point of view, we had very strong growth there. Emerging markets ex-China were up 18% year on year. It was a record for us, so we see a lot of opportunity in these markets. We are investing in India. As you mentioned in your second point, we've already launched an app accelerator center. That's on top of working with the channel and looking at expanding our go-to-market in general. And we began to produce the iPhone SE there during the quarter, and we're really happy with how that's going. And so we're bringing all of our energies to bear there. I see a lot of similarities to where China was several years ago. And so I'm very, very bullish and very, very optimistic about India.\nBrian J. White: Great, thank you.\nNancy Paxton: Thanks very much, Brian. A replay of today's call will be available for two weeks as a podcast on the iTunes Store, as a webcast on apple.com/investor, and via telephone. And the numbers to the telephone replay are 888-203-1112 or 719-457-0820. Please enter confirmation code 6376964. And these replays will be available by approximately 5:00 PM Pacific Time today. Members of the press with additional questions can contact Kristen Huguet at 408-974-2414. And financial analysts can contact Joan Hoover or me with additional questions. Joan is at 408-974-4570 and I'm at 408-974-5420. Thanks again for joining us.", "quarter": 3}}