{"id": 17569, "annotations": [{"id": 17672, "completed_by": 2, "result": [{"type": "labels", "value": {"end": 9, "text": "Operator", "start": 0, "labels": ["OPERATOR"]}, "origin": "manual", "to_name": "text", "from_name": "label-intro"}, {"type": "labels", "value": {"end": 69, "text": ": Moving on, we'll hear from Toni Sacconaghi with Bernstein.", "start": 10, "labels": ["INTRO"]}, "origin": "manual", "to_name": "text", "from_name": "label-intro"}, {"type": "labels", "value": {"end": 85, "text": "Toni Sacconaghi", "start": 69, "labels": ["ANALYST"]}, "origin": "manual", "to_name": "text", "from_name": "label-intro"}, {"type": "labels", "value": {"end": 899, "text": ": Yes. Thank you. Tim, I appreciated the color that you provided on the drivers of iPhone growth in Q1. I think the investor concern is that Q1 will benefit at least on a year over year basis from three extra weeks of availability in China. And it will also benefit from more of those initial launch days that only two of them were in the September quarter and the remainder will be in the December quarter. And so I guess the investor concern is December is a structurally advantaged quarter in the sense of benefiting from both of those tailwinds on a year-over-year basis. But if we look out beyond December, wouldn't that point to notably lower seasonal growth than the March quarter. And how do we think about the factors affecting unit growth beyond the December quarter? And then I have a follow-up, please.", "start": 86, "labels": ["QUESTION"]}, "origin": "manual", "to_name": "text", "from_name": "label-intro"}, {"type": "labels", "value": {"end": 908, "text": "Tim Cook", "start": 899, "labels": ["REPRESENTATIVE"]}, "origin": "manual", "to_name": "text", "from_name": "label-intro"}, {"type": "labels", "value": {"end": 1915, "text": ": We don't guide beyond December, as you know Toni. I do think that the sort of the macro things that I spoke about earlier, the upgrade programs, the Android Switcher rate, the iPhone momentum in the emerging markets and the LTE penetration in these markets these trends are not one quarter things. These are longer term things. The same \u2013 my same response applies and I think we'll do quite good in iPhone. I do believe we'll grow this quarter as we put in our guidance that when you start with a number in the low 30s in terms of the percentage of the installed base that\u2019s upgraded that had a phone pre the iPhone 6 and 6 Plus, that number still likely to leave a lot of headroom beyond December. So that's how I look at that. In terms of your first comment, you didn't asked me to comment on that, but just to be clear, our forecasting doesn't work like you articulated it. I recognize that people can have their own models and so forth, but just to make it clear that I'm not agreeing with your point.", "start": 909, "labels": ["ANSWER"]}, "origin": "manual", "to_name": "text", "from_name": "label-intro"}, {"type": "labels", "value": {"end": 1931, "text": "Toni Sacconaghi", "start": 1915, "labels": ["ANALYST"]}, "origin": "manual", "to_name": "text", "from_name": "label-intro"}, {"type": "labels", "value": {"end": 2630, "text": ": Okay. And then just on the follow-up, the reported gains from currency hedging in fiscal year 2015 were significant, several billion dollar contribution to the company. And again, this is not an Apple's specific issue, Luca as you pointed out several times, but how do we think about this notion of currency hedges effectively rolling off and being replaced with hedges that are likely have less of an impact. How do we think about that impact the P&L on a go forward basis, perhaps starting with Q1, but then qualitatively or directionally over the course of the year? And what is some of kinds of things that you've undertaken or planning to undertake that could mitigate some of those concerns?", "start": 1932, "labels": ["QUESTION"]}, "origin": "manual", "to_name": "text", "from_name": "label-intro"}, {"type": "labels", "value": {"end": 2643, "text": "Luca Maestri", "start": 2630, "labels": ["REPRESENTATIVE"]}, "origin": "manual", "to_name": "text", "from_name": "label-intro"}, {"type": "labels", "value": {"end": 4180, "text": ": Yes. I think, Toni, it\u2019s a very good point, I mean, what's going to happen in practice is that we got this portfolio of hedge comp such that over time provides protection to our margins and to our results, but that protection diminishes as we go through the year and so we should expect that in over time during the course of fiscal 2016 that protection will come off assuming that the dollar stays at current levels. Keep in mind, there are some currencies around the world that where we cannot economically hedge and so those currencies are bit excluded from what we're talking about right now. I think my conclusion is that the guidance that we're providing for the first quarter that 39% to 40% it actually an incredible level of guidance given the foreign exchange headwinds that we're dealing with. How do we deal with that? We continue to hedge, so our program continues on an ongoing basis and we will continue to provide some level of protection to foreign exchange movement. In some cases we have realign prices particularly when we launch new products. We tend to do that in a number of countries where the foreign exchange moves have been particularly extreme, and so we tend to recover that through pricing. And then finally, of course we are putting in place a number of cost initiatives that would allow us to deal with the foreign exchange situation. So, overall we feel very strong guidance for the first quarter. And beyond the first quarter as you know we're not guiding and so we'll see over the course of the year.", "start": 2644, "labels": ["ANSWER"]}, "origin": "manual", "to_name": "text", "from_name": "label-intro"}, {"type": "labels", "value": {"end": 4196, "text": "Toni Sacconaghi", "start": 4180, "labels": ["ANALYST"]}, "origin": "manual", "to_name": "text", "from_name": "label-intro"}, {"type": "labels", "value": {"end": 4208, "text": ": Thank you.", "start": 4197, "labels": ["QUESTION"]}, "origin": "manual", "to_name": "text", "from_name": "label-intro"}, {"type": "labels", "value": {"end": 4221, "text": "Nancy Paxton", "start": 4208, "labels": ["ANALYST"]}, "origin": "manual", "to_name": "text", "from_name": "label-intro"}, {"type": "labels", "value": {"end": 4277, "text": ": Thanks, Toni. Could we have the next question, please?", "start": 4222, "labels": ["QUESTION"]}, "origin": "manual", "to_name": "text", "from_name": "label-intro"}], "was_cancelled": false, "ground_truth": true, "created_at": "2022-02-04T10:03:51.624487Z", "updated_at": "2022-02-04T10:03:51.624492Z", "lead_time": null, "prediction": {}, "result_count": 0, "task": 17569, "parent_prediction": null, "parent_annotation": null}], "data": {"year": 2015, "company": "AAPL", "my_text": "\nOperator: Moving on, we'll hear from Toni Sacconaghi with Bernstein.\nToni Sacconaghi: Yes. Thank you. Tim, I appreciated the color that you provided on the drivers of iPhone growth in Q1. I think the investor concern is that Q1 will benefit at least on a year over year basis from three extra weeks of availability in China. And it will also benefit from more of those initial launch days that only two of them were in the September quarter and the remainder will be in the December quarter. And so I guess the investor concern is December is a structurally advantaged quarter in the sense of benefiting from both of those tailwinds on a year-over-year basis. But if we look out beyond December, wouldn't that point to notably lower seasonal growth than the March quarter. And how do we think about the factors affecting unit growth beyond the December quarter? And then I have a follow-up, please.\nTim Cook: We don't guide beyond December, as you know Toni. I do think that the sort of the macro things that I spoke about earlier, the upgrade programs, the Android Switcher rate, the iPhone momentum in the emerging markets and the LTE penetration in these markets these trends are not one quarter things. These are longer term things. The same \u2013 my same response applies and I think we'll do quite good in iPhone. I do believe we'll grow this quarter as we put in our guidance that when you start with a number in the low 30s in terms of the percentage of the installed base that\u2019s upgraded that had a phone pre the iPhone 6 and 6 Plus, that number still likely to leave a lot of headroom beyond December. So that's how I look at that. In terms of your first comment, you didn't asked me to comment on that, but just to be clear, our forecasting doesn't work like you articulated it. I recognize that people can have their own models and so forth, but just to make it clear that I'm not agreeing with your point.\nToni Sacconaghi: Okay. And then just on the follow-up, the reported gains from currency hedging in fiscal year 2015 were significant, several billion dollar contribution to the company. And again, this is not an Apple's specific issue, Luca as you pointed out several times, but how do we think about this notion of currency hedges effectively rolling off and being replaced with hedges that are likely have less of an impact. How do we think about that impact the P&L on a go forward basis, perhaps starting with Q1, but then qualitatively or directionally over the course of the year? And what is some of kinds of things that you've undertaken or planning to undertake that could mitigate some of those concerns?\nLuca Maestri: Yes. I think, Toni, it\u2019s a very good point, I mean, what's going to happen in practice is that we got this portfolio of hedge comp such that over time provides protection to our margins and to our results, but that protection diminishes as we go through the year and so we should expect that in over time during the course of fiscal 2016 that protection will come off assuming that the dollar stays at current levels. Keep in mind, there are some currencies around the world that where we cannot economically hedge and so those currencies are bit excluded from what we're talking about right now. I think my conclusion is that the guidance that we're providing for the first quarter that 39% to 40% it actually an incredible level of guidance given the foreign exchange headwinds that we're dealing with. How do we deal with that? We continue to hedge, so our program continues on an ongoing basis and we will continue to provide some level of protection to foreign exchange movement. In some cases we have realign prices particularly when we launch new products. We tend to do that in a number of countries where the foreign exchange moves have been particularly extreme, and so we tend to recover that through pricing. And then finally, of course we are putting in place a number of cost initiatives that would allow us to deal with the foreign exchange situation. So, overall we feel very strong guidance for the first quarter. And beyond the first quarter as you know we're not guiding and so we'll see over the course of the year.\nToni Sacconaghi: Thank you.\nNancy Paxton: Thanks, Toni. Could we have the next question, please?", "quarter": 4}}