{"id": 18389, "annotations": [{"id": 18492, "completed_by": 2, "result": [{"type": "labels", "value": {"end": 9, "text": "Operator", "start": 0, "labels": ["OPERATOR"]}, "origin": "manual", "to_name": "text", "from_name": "label-intro"}, {"type": "labels", "value": {"end": 177, "text": ": At this time, we will now open the call up for questions. Our first question comes from the line of Justin Post from Merrill Lynch. Please proceed with your question.", "start": 10, "labels": ["INTRO"]}, "origin": "manual", "to_name": "text", "from_name": "label-intro"}, {"type": "labels", "value": {"end": 189, "text": "Justin Post", "start": 177, "labels": ["ANALYST"]}, "origin": "manual", "to_name": "text", "from_name": "label-intro"}, {"type": "labels", "value": {"end": 523, "text": ": Great. Thank you. I guess, the standout metric of the quarter was the profitability and the margins. Both U.S. and International have improved year-over-year. Could you talk about (03:04) was it better than your expectations for the quarter? And then maybe reasons for the ad business to accelerate within the other line? Thank you.", "start": 190, "labels": ["QUESTION"]}, "origin": "manual", "to_name": "text", "from_name": "label-intro"}, {"type": "labels", "value": {"end": 541, "text": "Brian T. Olsavsky", "start": 523, "labels": ["REPRESENTATIVE"]}, "origin": "manual", "to_name": "text", "from_name": "label-intro"}, {"type": "labels", "value": {"end": 2191, "text": ": Sure, yeah. Thanks, Justin. Yeah, for the quarter, so it was a strong quarter. We had \u2013 what I attribute it to is continued strength in our \u2013 some of our most profitable areas. AWS had its third consecutive quarter of accelerating growth, 49% FX-neutral growth. Advertising also had strong growth. Elsewhere we saw probably better than expected efficiencies in operations, our infrastructure costs, and generally all of our fixed costs. You'll note that in the first half of the year capital leases were flat year-over-year, although we're up 20% for the full trailing 12 months, in the last 6 months it's been pretty flat as the team has really worked well to plan our data centers run our data centers more efficiently, even to meet again increasing usage at our customers; usage rates are exceeding our growth rate. So that's what I would point to. Internationally, a lot of the same factors hold. I would say that, in addition to the operating efficiencies, advertising is also starting to make an impact on gross profit, although advertising is smaller in International segment than it's in North America, it's growing at a same rapid clip year-over-year. Even while in International, we're continuing to invest in a lot of areas, we continue to frontload Prime benefits for the newer geographies, we continue to launch new countries as we launch Prime in Australia recently. We've launched devices in multiple countries, Echo and Alexa were launched in France. Echo Spot was launched in India and Japan in the last quarter. So continued \u2013 it's a mix of operating efficiencies as we grow, and then also continuing to invest on a lot of fronts.", "start": 542, "labels": ["ANSWER"]}, "origin": "manual", "to_name": "text", "from_name": "label-intro"}], "was_cancelled": false, "ground_truth": true, "created_at": "2022-02-04T10:25:34.064403Z", "updated_at": "2022-02-04T10:25:34.064408Z", "lead_time": null, "prediction": {}, "result_count": 0, "task": 18389, "parent_prediction": null, "parent_annotation": null}], "data": {"year": 2018, "company": "AMZN", "my_text": "\nOperator: At this time, we will now open the call up for questions. Our first question comes from the line of Justin Post from Merrill Lynch. Please proceed with your question.\nJustin Post: Great. Thank you. I guess, the standout metric of the quarter was the profitability and the margins. Both U.S. and International have improved year-over-year. Could you talk about (03:04) was it better than your expectations for the quarter? And then maybe reasons for the ad business to accelerate within the other line? Thank you.\nBrian T. Olsavsky: Sure, yeah. Thanks, Justin. Yeah, for the quarter, so it was a strong quarter. We had \u2013 what I attribute it to is continued strength in our \u2013 some of our most profitable areas. AWS had its third consecutive quarter of accelerating growth, 49% FX-neutral growth. Advertising also had strong growth. Elsewhere we saw probably better than expected efficiencies in operations, our infrastructure costs, and generally all of our fixed costs. You'll note that in the first half of the year capital leases were flat year-over-year, although we're up 20% for the full trailing 12 months, in the last 6 months it's been pretty flat as the team has really worked well to plan our data centers run our data centers more efficiently, even to meet again increasing usage at our customers; usage rates are exceeding our growth rate. So that's what I would point to. Internationally, a lot of the same factors hold. I would say that, in addition to the operating efficiencies, advertising is also starting to make an impact on gross profit, although advertising is smaller in International segment than it's in North America, it's growing at a same rapid clip year-over-year. Even while in International, we're continuing to invest in a lot of areas, we continue to frontload Prime benefits for the newer geographies, we continue to launch new countries as we launch Prime in Australia recently. We've launched devices in multiple countries, Echo and Alexa were launched in France. Echo Spot was launched in India and Japan in the last quarter. So continued \u2013 it's a mix of operating efficiencies as we grow, and then also continuing to invest on a lot of fronts.", "quarter": 2}}