{"id": 17352, "annotations": [{"id": 17455, "completed_by": 2, "result": [{"type": "labels", "value": {"end": 9, "text": "Operator", "start": 0, "labels": ["OPERATOR"]}, "origin": "manual", "to_name": "text", "from_name": "label-intro"}, {"type": "labels", "value": {"end": 130, "text": ": Thank you. Our next question comes from the line of Brian Nowak with Morgan Stanley. Please proceed with your question.", "start": 10, "labels": ["INTRO"]}, "origin": "manual", "to_name": "text", "from_name": "label-intro"}, {"type": "labels", "value": {"end": 142, "text": "Brian Nowak", "start": 130, "labels": ["ANALYST"]}, "origin": "manual", "to_name": "text", "from_name": "label-intro"}, {"type": "labels", "value": {"end": 735, "text": ": Thanks for taking my questions. I've got two. The first one is just on gross margins. I think they were down of about 200 basis points sequentially. It's the biggest fall in the fourth quarter in quite sometime. Anything you call out there, is the devices are more - sortation center, is anything pressuring gross margins we should think about in the fourth quarter? And then on the fulfillment line, you mentioned FBA being a big driver of the growth in the fulfillment costs. Anything else you would call out leading to incremental fulfillment costs, maybe India or something else? Thanks.", "start": 143, "labels": ["QUESTION"]}, "origin": "manual", "to_name": "text", "from_name": "label-intro"}, {"type": "labels", "value": {"end": 750, "text": "Brian Olsavsky", "start": 735, "labels": ["REPRESENTATIVE"]}, "origin": "manual", "to_name": "text", "from_name": "label-intro"}, {"type": "labels", "value": {"end": 1750, "text": ": No. And again, keep in mind that the fulfillment as a percent of revenue is impacted by the calculation of FBA revenue being a net number as opposed to a full revenue number. But our fulfillment costs per unit actually decreased year-over-year. It just we are now shipping more and more of our, other demand out of our warehouses, because of the strength in retail and FBA. On gross margin, I would - first I'll caution you and say, we would encourage you to look at free cash flow, which was \u2013 grew at minimum of $4 billion on each of the metrics that we point out and our profit which was up 88% year-over-year. If you look sequentially, also keep in mind that in Q3 when it was up 500 basis points year-over-year, that was lapping the write-down of our Amazon phone [ph] inventory the prior year. So there is a little bit of noise in the Q3 number. But generally, again, we're happy with the ability to service customers, the reaction of customers in Q4, and the bottom line results that we had.", "start": 751, "labels": ["ANSWER"]}, "origin": "manual", "to_name": "text", "from_name": "label-intro"}], "was_cancelled": false, "ground_truth": true, "created_at": "2022-02-04T10:03:51.607385Z", "updated_at": "2022-02-04T10:03:51.607390Z", "lead_time": null, "prediction": {}, "result_count": 0, "task": 17352, "parent_prediction": null, "parent_annotation": null}], "data": {"year": 2015, "company": "AMZN", "my_text": "\nOperator: Thank you. Our next question comes from the line of Brian Nowak with Morgan Stanley. Please proceed with your question.\nBrian Nowak: Thanks for taking my questions. I've got two. The first one is just on gross margins. I think they were down of about 200 basis points sequentially. It's the biggest fall in the fourth quarter in quite sometime. Anything you call out there, is the devices are more - sortation center, is anything pressuring gross margins we should think about in the fourth quarter? And then on the fulfillment line, you mentioned FBA being a big driver of the growth in the fulfillment costs. Anything else you would call out leading to incremental fulfillment costs, maybe India or something else? Thanks.\nBrian Olsavsky: No. And again, keep in mind that the fulfillment as a percent of revenue is impacted by the calculation of FBA revenue being a net number as opposed to a full revenue number. But our fulfillment costs per unit actually decreased year-over-year. It just we are now shipping more and more of our, other demand out of our warehouses, because of the strength in retail and FBA. On gross margin, I would - first I'll caution you and say, we would encourage you to look at free cash flow, which was \u2013 grew at minimum of $4 billion on each of the metrics that we point out and our profit which was up 88% year-over-year. If you look sequentially, also keep in mind that in Q3 when it was up 500 basis points year-over-year, that was lapping the write-down of our Amazon phone [ph] inventory the prior year. So there is a little bit of noise in the Q3 number. But generally, again, we're happy with the ability to service customers, the reaction of customers in Q4, and the bottom line results that we had.", "quarter": 4}}