{"id": 17314, "annotations": [{"id": 17417, "completed_by": 2, "result": [{"type": "labels", "value": {"end": 9, "text": "Operator", "start": 0, "labels": ["OPERATOR"]}, "origin": "manual", "to_name": "text", "from_name": "label-intro"}, {"type": "labels", "value": {"end": 82, "text": ": Our next question comes from Mark Miller with William Blair and Company", "start": 10, "labels": ["INTRO"]}, "origin": "manual", "to_name": "text", "from_name": "label-intro"}, {"type": "labels", "value": {"end": 94, "text": "Mark Miller", "start": 82, "labels": ["ANALYST"]}, "origin": "manual", "to_name": "text", "from_name": "label-intro"}, {"type": "labels", "value": {"end": 527, "text": ": Hi, good afternoon. Looking at the service sales less the AWS revenues you've got a $4 billion in fees mostly coming from the marketplace off a strong mid-30%. Help us think about the cost that go against those marketplace fees and specifically within fulfillment if you could help us understand how much of the cost is going against 3P are basically FBA fulfillment, perhaps percent of units part of the FC's that are going to 3P?", "start": 95, "labels": ["QUESTION"]}, "origin": "manual", "to_name": "text", "from_name": "label-intro"}, {"type": "labels", "value": {"end": 539, "text": "Tom Szkutak", "start": 527, "labels": ["REPRESENTATIVE"]}, "origin": "manual", "to_name": "text", "from_name": "label-intro"}, {"type": "labels", "value": {"end": 1045, "text": ": So Mark, I can't comment on the derive number, but I can say that FBA continues to grow really well, it\u2019s become a bigger and bigger part of our third party mix over the years. I think we gave you an update in Q4 that it was more than 40% of our third party units. Obviously in the fulfillment line there is cost associated with that as well, as our other third party units as well I think like payment processing and other cost that we incur. So I don\u2019t know if there is much more we can say about that.", "start": 540, "labels": ["ANSWER"]}, "origin": "manual", "to_name": "text", "from_name": "label-intro"}, {"type": "labels", "value": {"end": 1057, "text": "Mark Miller", "start": 1045, "labels": ["ANALYST"]}, "origin": "manual", "to_name": "text", "from_name": "label-intro"}, {"type": "labels", "value": {"end": 1322, "text": ": If I can insert a second question, given the upside and profitability in the first quarter, the guidance for the second quarter quite a bit lower. What are the factors you see that are negatives or I guess otherwise people can I think you are sandbagging? Thanks.", "start": 1058, "labels": ["QUESTION"]}, "origin": "manual", "to_name": "text", "from_name": "label-intro"}, {"type": "labels", "value": {"end": 1334, "text": "Tom Szkutak", "start": 1322, "labels": ["REPRESENTATIVE"]}, "origin": "manual", "to_name": "text", "from_name": "label-intro"}, {"type": "labels", "value": {"end": 1841, "text": ": Let's take a look at the guidance that we gave, again, we gave as we have in previous quarters, we gave the wide range and from a consolidate segment operating standpoint we gave a 100 to 650, the implied margin at the lower end, the higher end is approximately 50 basis points upwards to 2.9%. This quarter in Q1 we were up 60 basis points year-over-year in total at the upper end of that forecast implied would be up 80 basis points, so again, that\u2019s the range and we think its appropriate range for Q2.", "start": 1335, "labels": ["ANSWER"]}, "origin": "manual", "to_name": "text", "from_name": "label-intro"}], "was_cancelled": false, "ground_truth": true, "created_at": "2022-02-04T10:03:51.604590Z", "updated_at": "2022-02-04T10:03:51.604595Z", "lead_time": null, "prediction": {}, "result_count": 0, "task": 17314, "parent_prediction": null, "parent_annotation": null}], "data": {"year": 2015, "company": "AMZN", "my_text": "\nOperator: Our next question comes from Mark Miller with William Blair and Company\nMark Miller: Hi, good afternoon. Looking at the service sales less the AWS revenues you've got a $4 billion in fees mostly coming from the marketplace off a strong mid-30%. Help us think about the cost that go against those marketplace fees and specifically within fulfillment if you could help us understand how much of the cost is going against 3P are basically FBA fulfillment, perhaps percent of units part of the FC's that are going to 3P?\nTom Szkutak: So Mark, I can't comment on the derive number, but I can say that FBA continues to grow really well, it\u2019s become a bigger and bigger part of our third party mix over the years. I think we gave you an update in Q4 that it was more than 40% of our third party units. Obviously in the fulfillment line there is cost associated with that as well, as our other third party units as well I think like payment processing and other cost that we incur. So I don\u2019t know if there is much more we can say about that.\nMark Miller: If I can insert a second question, given the upside and profitability in the first quarter, the guidance for the second quarter quite a bit lower. What are the factors you see that are negatives or I guess otherwise people can I think you are sandbagging? Thanks.\nTom Szkutak: Let's take a look at the guidance that we gave, again, we gave as we have in previous quarters, we gave the wide range and from a consolidate segment operating standpoint we gave a 100 to 650, the implied margin at the lower end, the higher end is approximately 50 basis points upwards to 2.9%. This quarter in Q1 we were up 60 basis points year-over-year in total at the upper end of that forecast implied would be up 80 basis points, so again, that\u2019s the range and we think its appropriate range for Q2.", "quarter": 1}}