{"id": 17357, "annotations": [{"id": 17460, "completed_by": 2, "result": [{"type": "labels", "value": {"end": 9, "text": "Operator", "start": 0, "labels": ["OPERATOR"]}, "origin": "manual", "to_name": "text", "from_name": "label-intro"}, {"type": "labels", "value": {"end": 117, "text": ": Thank you. Our next question comes from the line of Mark May with Citi. Please proceed with your question.", "start": 10, "labels": ["INTRO"]}, "origin": "manual", "to_name": "text", "from_name": "label-intro"}, {"type": "labels", "value": {"end": 126, "text": "Mark May", "start": 117, "labels": ["ANALYST"]}, "origin": "manual", "to_name": "text", "from_name": "label-intro"}, {"type": "labels", "value": {"end": 756, "text": ": Thanks. Brian, question on international retail business. I think you added well over a billion in revenue year-on-year in the quarter, but from a CSOI perspective, you really didn't see any improvement there. I'm sure there is, there are a lot of different things going on. I just wondered if you could unpack that a little bit and give us a sense of, you know, what profitability looks like maybe in some of your more mature, established countries and regions, relative to the investments you were making in other countries, so that we can kind of get a better picture of what's actually going on under the hood there? Thanks.", "start": 127, "labels": ["QUESTION"]}, "origin": "manual", "to_name": "text", "from_name": "label-intro"}, {"type": "labels", "value": {"end": 771, "text": "Brian Olsavsky", "start": 756, "labels": ["REPRESENTATIVE"]}, "origin": "manual", "to_name": "text", "from_name": "label-intro"}, {"type": "labels", "value": {"end": 2165, "text": ": Sure, Mark. Thanks for your question. We are very pleased by the international growth, 22% FX neutral, was up 1000 basis points year-over-year. We saw that the - we told you the Prime growth, Prime membership growth of 50% in-- excuse me, 51% globally, 47% in the US means that the international Prime programs grew at a faster clip than that. So very pleased with the up-tick. We rolled out a lot of additional Prime features internationally as well this year, from FREE Same-Day to Prime Now to Prime Music and Prime Video in Japan, to name a few. So very happy with that. But in general, if I step back, our investments in national are twofold. First, there's the Prime platform and all the features that I just mentioned, including the fulfillment, adding more fulfillment resources to handle higher and higher retail volumes and very strong FBA program as well. And then the remainder - the biggest other investment area is obviously India. And we like \u2013 we continue to see, like what we see in India. In Q4 Amazon India was the top e-commerce site in India throughout the very busy diwali shopping season, including the shopping season, according to comScore. And sales by sellers in Q4 were greater than all of 2014 combined in Q4. So seeing great progress with downloads, innovations for sellers and customers alike. And we like the ramp there and we're continuing to invest in India.", "start": 772, "labels": ["ANSWER"]}, "origin": "manual", "to_name": "text", "from_name": "label-intro"}], "was_cancelled": false, "ground_truth": true, "created_at": "2022-02-04T10:03:51.607727Z", "updated_at": "2022-02-04T10:03:51.607732Z", "lead_time": null, "prediction": {}, "result_count": 0, "task": 17357, "parent_prediction": null, "parent_annotation": null}], "data": {"year": 2015, "company": "AMZN", "my_text": "\nOperator: Thank you. Our next question comes from the line of Mark May with Citi. Please proceed with your question.\nMark May: Thanks. Brian, question on international retail business. I think you added well over a billion in revenue year-on-year in the quarter, but from a CSOI perspective, you really didn't see any improvement there. I'm sure there is, there are a lot of different things going on. I just wondered if you could unpack that a little bit and give us a sense of, you know, what profitability looks like maybe in some of your more mature, established countries and regions, relative to the investments you were making in other countries, so that we can kind of get a better picture of what's actually going on under the hood there? Thanks.\nBrian Olsavsky: Sure, Mark. Thanks for your question. We are very pleased by the international growth, 22% FX neutral, was up 1000 basis points year-over-year. We saw that the - we told you the Prime growth, Prime membership growth of 50% in-- excuse me, 51% globally, 47% in the US means that the international Prime programs grew at a faster clip than that. So very pleased with the up-tick. We rolled out a lot of additional Prime features internationally as well this year, from FREE Same-Day to Prime Now to Prime Music and Prime Video in Japan, to name a few. So very happy with that. But in general, if I step back, our investments in national are twofold. First, there's the Prime platform and all the features that I just mentioned, including the fulfillment, adding more fulfillment resources to handle higher and higher retail volumes and very strong FBA program as well. And then the remainder - the biggest other investment area is obviously India. And we like \u2013 we continue to see, like what we see in India. In Q4 Amazon India was the top e-commerce site in India throughout the very busy diwali shopping season, including the shopping season, according to comScore. And sales by sellers in Q4 were greater than all of 2014 combined in Q4. So seeing great progress with downloads, innovations for sellers and customers alike. And we like the ramp there and we're continuing to invest in India.", "quarter": 4}}