{"id": 17398, "annotations": [{"id": 17501, "completed_by": 2, "result": [{"type": "labels", "value": {"end": 9, "text": "Operator", "start": 0, "labels": ["OPERATOR"]}, "origin": "manual", "to_name": "text", "from_name": "label-intro"}, {"type": "labels", "value": {"end": 167, "text": ": At this time, we will now open up the call for questions. Thank you. Our first question comes from Douglas Anmuth with JPMorgan. Please state your question.", "start": 10, "labels": ["INTRO"]}, "origin": "manual", "to_name": "text", "from_name": "label-intro"}, {"type": "labels", "value": {"end": 185, "text": "Douglas T. Anmuth", "start": 167, "labels": ["ANALYST"]}, "origin": "manual", "to_name": "text", "from_name": "label-intro"}, {"type": "labels", "value": {"end": 507, "text": ": Thanks for taking the question. The International retail segment margin was the lowest we've seen in quite a while. I was hoping you could provide some of the key drivers there in terms of the drag and any color on how to think about the incremental international investment that might be impacting the 4Q guide. Thanks.", "start": 186, "labels": ["QUESTION"]}, "origin": "manual", "to_name": "text", "from_name": "label-intro"}, {"type": "labels", "value": {"end": 525, "text": "Brian T. Olsavsky", "start": 507, "labels": ["REPRESENTATIVE"]}, "origin": "manual", "to_name": "text", "from_name": "label-intro"}, {"type": "labels", "value": {"end": 1024, "text": ": Sure. Thanks, Doug. Yes, specifically to International, we are seeing expansion to support selection, expansion at fulfillment network increases. We're also investing in digital content and additional Prime benefits, fresh location Prime Now. But by far the biggest individual thing is the investment in India that we continue to make and very excited about it, the initial reaction in India from both the customers and also sellers. So that is essentially the International margin guidance in Q4.", "start": 526, "labels": ["ANSWER"]}, "origin": "manual", "to_name": "text", "from_name": "label-intro"}, {"type": "labels", "value": {"end": 1042, "text": "Douglas T. Anmuth", "start": 1024, "labels": ["ANALYST"]}, "origin": "manual", "to_name": "text", "from_name": "label-intro"}, {"type": "labels", "value": {"end": 1054, "text": ": Thank you.", "start": 1043, "labels": ["QUESTION"]}, "origin": "manual", "to_name": "text", "from_name": "label-intro"}], "was_cancelled": false, "ground_truth": true, "created_at": "2022-02-04T10:03:51.610844Z", "updated_at": "2022-02-04T10:03:51.610849Z", "lead_time": null, "prediction": {}, "result_count": 0, "task": 17398, "parent_prediction": null, "parent_annotation": null}], "data": {"year": 2016, "company": "AMZN", "my_text": "\nOperator: At this time, we will now open up the call for questions. Thank you. Our first question comes from Douglas Anmuth with JPMorgan. Please state your question.\nDouglas T. Anmuth: Thanks for taking the question. The International retail segment margin was the lowest we've seen in quite a while. I was hoping you could provide some of the key drivers there in terms of the drag and any color on how to think about the incremental international investment that might be impacting the 4Q guide. Thanks.\nBrian T. Olsavsky: Sure. Thanks, Doug. Yes, specifically to International, we are seeing expansion to support selection, expansion at fulfillment network increases. We're also investing in digital content and additional Prime benefits, fresh location Prime Now. But by far the biggest individual thing is the investment in India that we continue to make and very excited about it, the initial reaction in India from both the customers and also sellers. So that is essentially the International margin guidance in Q4.\nDouglas T. Anmuth: Thank you.", "quarter": 3}}