{"id": 17351, "annotations": [{"id": 17454, "completed_by": 2, "result": [{"type": "labels", "value": {"end": 9, "text": "Operator", "start": 0, "labels": ["OPERATOR"]}, "origin": "manual", "to_name": "text", "from_name": "label-intro"}, {"type": "labels", "value": {"end": 117, "text": ": Thank you. Our next question is from Aram Rubinson with Wolfe Research. Please proceed with your question.", "start": 10, "labels": ["INTRO"]}, "origin": "manual", "to_name": "text", "from_name": "label-intro"}, {"type": "labels", "value": {"end": 131, "text": "Aram Rubinson", "start": 117, "labels": ["ANALYST"]}, "origin": "manual", "to_name": "text", "from_name": "label-intro"}, {"type": "labels", "value": {"end": 549, "text": ": Hey. Thanks very much. Two questions both on the logistics side. It seems pretty clear that you guys are trafficking in some old world assets, like truck trailers and ship lanes and air fields. Can you help give us a sense as to maybe what we're trying to accomplish with that, if it's defensive to protect your service to your existing customers or if you're looking to maybe start new businesses with those assets?", "start": 132, "labels": ["QUESTION"]}, "origin": "manual", "to_name": "text", "from_name": "label-intro"}, {"type": "labels", "value": {"end": 564, "text": "Brian Olsavsky", "start": 549, "labels": ["REPRESENTATIVE"]}, "origin": "manual", "to_name": "text", "from_name": "label-intro"}, {"type": "labels", "value": {"end": 1236, "text": ": Sure, Aram. Thanks for your question. I would say what we've found is in order to serve \u2013 properly serve our customers at peak. We've needed to add more of our own logistics to supplement our existing partners. That's not meant to replace them. And those carriers are just not - no longer able to handle all of our capacity that we need at peak. They have been and continue to be great partners. And we look forward to working with them in the future. It's just we've had to add some resources on our own. You mentioned trucks. The Amazon trucks, we did invest in those - this past year. We use those primarily for movement between our warehouses and our source centers.", "start": 565, "labels": ["ANSWER"]}, "origin": "manual", "to_name": "text", "from_name": "label-intro"}], "was_cancelled": false, "ground_truth": true, "created_at": "2022-02-04T10:03:51.607312Z", "updated_at": "2022-02-04T10:03:51.607319Z", "lead_time": null, "prediction": {}, "result_count": 0, "task": 17351, "parent_prediction": null, "parent_annotation": null}], "data": {"year": 2015, "company": "AMZN", "my_text": "\nOperator: Thank you. Our next question is from Aram Rubinson with Wolfe Research. Please proceed with your question.\nAram Rubinson: Hey. Thanks very much. Two questions both on the logistics side. It seems pretty clear that you guys are trafficking in some old world assets, like truck trailers and ship lanes and air fields. Can you help give us a sense as to maybe what we're trying to accomplish with that, if it's defensive to protect your service to your existing customers or if you're looking to maybe start new businesses with those assets?\nBrian Olsavsky: Sure, Aram. Thanks for your question. I would say what we've found is in order to serve \u2013 properly serve our customers at peak. We've needed to add more of our own logistics to supplement our existing partners. That's not meant to replace them. And those carriers are just not - no longer able to handle all of our capacity that we need at peak. They have been and continue to be great partners. And we look forward to working with them in the future. It's just we've had to add some resources on our own. You mentioned trucks. The Amazon trucks, we did invest in those - this past year. We use those primarily for movement between our warehouses and our source centers.", "quarter": 4}}