{"id": 17336, "annotations": [{"id": 17439, "completed_by": 2, "result": [{"id": "9ko0hhWhKO", "type": "labels", "value": {"end": 9, "text": "Operator", "start": 0, "labels": ["OPERATOR"]}, "origin": "manual", "to_name": "text", "from_name": "label-intro"}, {"id": "GfQhcRD8Vf", "type": "labels", "value": {"end": 87, "text": " Our next question comes from Justin Post with Bank of America Merrill Lynch.", "start": 10, "labels": ["INTRO"]}, "origin": "manual", "to_name": "text", "from_name": "label-intro"}, {"id": "vqvaTkOyQB", "type": "labels", "value": {"end": 99, "text": "Justin Post", "start": 87, "labels": ["ANALYST"]}, "origin": "manual", "to_name": "text", "from_name": "label-intro"}, {"id": "zH0abprPRw", "type": "labels", "value": {"end": 419, "text": " Thank you. We did see the acceleration in EGM. Just wondering if some of the local delivery and Prime Now is driving that acceleration. Is that having a big impact on your business? And down the road, do you think the delivery infrastructure will be valuable in maybe delivering third party and other units? Thank you.", "start": 100, "labels": ["QUESTION"]}, "origin": "manual", "to_name": "text", "from_name": "label-intro"}, {"id": "85GkokG9z-", "type": "labels", "value": {"end": 431, "text": "Phil Hardin", "start": 419, "labels": ["REPRESENTATIVE"]}, "origin": "manual", "to_name": "text", "from_name": "label-intro"}, {"id": "oJoCoyZQHQ", "type": "labels", "value": {"end": 1379, "text": " This is Phil. So it's still pretty early for a lot of the really expedited delivery options. We've been working on our network for about 20 years to be able to enable some of the really fast delivery with things like Prime Now. But at this point, we're in a relatively small list of cities, but it's expanding pretty fast. I think we launched a couple more Prime Now cities just today, so that brings us up to about 17 across the globe. On the next day or same day, here in the U.S., we continue to expand that as well, but we think that those fast options add us to the consideration set of a customer's purchase on some purchases that we might not otherwise be included in. But at this point, we're still working on that and kind of getting it up to speed. So nothing specific to call out on that. On the other part of your question, we continue to work on the network around the world, but I can't respond to any of the rumors and speculation.", "start": 432, "labels": ["ANSWER"]}, "origin": "manual", "to_name": "text", "from_name": "label-intro"}], "was_cancelled": false, "ground_truth": true, "created_at": "2022-02-04T10:03:51.606214Z", "updated_at": "2022-04-14T14:21:40.496198Z", "lead_time": 833.267, "prediction": {}, "result_count": 0, "task": 17336, "parent_prediction": null, "parent_annotation": null}], "data": {"year": 2015, "company": "AMZN", "my_text": "\nOperator: Our next question comes from Justin Post with Bank of America Merrill Lynch.\nJustin Post: Thank you. We did see the acceleration in EGM. Just wondering if some of the local delivery and Prime Now is driving that acceleration. Is that having a big impact on your business? And down the road, do you think the delivery infrastructure will be valuable in maybe delivering third party and other units? Thank you.\nPhil Hardin: This is Phil. So it's still pretty early for a lot of the really expedited delivery options. We've been working on our network for about 20 years to be able to enable some of the really fast delivery with things like Prime Now. But at this point, we're in a relatively small list of cities, but it's expanding pretty fast. I think we launched a couple more Prime Now cities just today, so that brings us up to about 17 across the globe. On the next day or same day, here in the U.S., we continue to expand that as well, but we think that those fast options add us to the consideration set of a customer's purchase on some purchases that we might not otherwise be included in. But at this point, we're still working on that and kind of getting it up to speed. So nothing specific to call out on that. On the other part of your question, we continue to work on the network around the world, but I can't respond to any of the rumors and speculation.", "quarter": 3}}