{"id": 18454, "annotations": [{"id": 18557, "completed_by": 2, "result": [{"type": "labels", "value": {"end": 9, "text": "Operator", "start": 0, "labels": ["OPERATOR"]}, "origin": "manual", "to_name": "text", "from_name": "label-intro"}, {"type": "labels", "value": {"end": 117, "text": ": Thank you. Our next question comes from the line of Jason Helfstein with Oppenheimer & Co. Please proceed.", "start": 10, "labels": ["INTRO"]}, "origin": "manual", "to_name": "text", "from_name": "label-intro"}, {"type": "labels", "value": {"end": 133, "text": "Jason Helfstein", "start": 117, "labels": ["ANALYST"]}, "origin": "manual", "to_name": "text", "from_name": "label-intro"}, {"type": "labels", "value": {"end": 517, "text": ": Thanks. Just to ask about AWS again. I mean, the investors have become, I guess, recently concerned just about again the slowing AWS revenue and margin and whether it's a function of increased competition. So, maybe just talk about how you're reacting. You did talk about spending on sales and price cuts, but just any more you can talk about the competitive environment? Thank you.", "start": 134, "labels": ["QUESTION"]}, "origin": "manual", "to_name": "text", "from_name": "label-intro"}, {"type": "labels", "value": {"end": 532, "text": "Brian Olsavsky", "start": 517, "labels": ["REPRESENTATIVE"]}, "origin": "manual", "to_name": "text", "from_name": "label-intro"}, {"type": "labels", "value": {"end": 1298, "text": ": Sure. I would probably argue a bit with the growth comments. As we see it here, we grew from a $30 billion revenue run rate at the end of 2018 to a $40 billion revenue run rate at the end of 2019. So, we continue to be happy with our top line growth. The -- in dollar terms as opposed to percentages, we had a larger dollar increase in revenue both year-over-year and quarter-over-quarter. So, we're very happy with the progress of the revenue and our adoption and acceptance by customers. As far as competitive set is concerned, we -- again, we think that we have -- start with a very big lead in this space because of our many years of investment not only in capacity, but also in services and features that we provide to customers. We've learned from customers.", "start": 533, "labels": ["ANSWER"]}, "origin": "manual", "to_name": "text", "from_name": "label-intro"}], "was_cancelled": false, "ground_truth": true, "created_at": "2022-02-04T10:25:34.069050Z", "updated_at": "2022-02-04T10:25:34.069055Z", "lead_time": null, "prediction": {}, "result_count": 0, "task": 18454, "parent_prediction": null, "parent_annotation": null}], "data": {"year": 2019, "company": "AMZN", "my_text": "\nOperator: Thank you. Our next question comes from the line of Jason Helfstein with Oppenheimer & Co. Please proceed.\nJason Helfstein: Thanks. Just to ask about AWS again. I mean, the investors have become, I guess, recently concerned just about again the slowing AWS revenue and margin and whether it's a function of increased competition. So, maybe just talk about how you're reacting. You did talk about spending on sales and price cuts, but just any more you can talk about the competitive environment? Thank you.\nBrian Olsavsky: Sure. I would probably argue a bit with the growth comments. As we see it here, we grew from a $30 billion revenue run rate at the end of 2018 to a $40 billion revenue run rate at the end of 2019. So, we continue to be happy with our top line growth. The -- in dollar terms as opposed to percentages, we had a larger dollar increase in revenue both year-over-year and quarter-over-quarter. So, we're very happy with the progress of the revenue and our adoption and acceptance by customers. As far as competitive set is concerned, we -- again, we think that we have -- start with a very big lead in this space because of our many years of investment not only in capacity, but also in services and features that we provide to customers. We've learned from customers.", "quarter": 4}}