{"id": 17390, "annotations": [{"id": 17493, "completed_by": 2, "result": [{"type": "labels", "value": {"end": 9, "text": "Operator", "start": 0, "labels": ["OPERATOR"]}, "origin": "manual", "to_name": "text", "from_name": "label-intro"}, {"type": "labels", "value": {"end": 71, "text": ": Next question is from Mark Mahaney from RBC Capital Markets.", "start": 10, "labels": ["INTRO"]}, "origin": "manual", "to_name": "text", "from_name": "label-intro"}, {"type": "labels", "value": {"end": 84, "text": "Mark Mahaney", "start": 71, "labels": ["ANALYST"]}, "origin": "manual", "to_name": "text", "from_name": "label-intro"}, {"type": "labels", "value": {"end": 630, "text": ": Okay. Hey, Brian, could you give us some wise as to the revenue growth acceleration that you're seeing, a little more color about the revenue growth acceleration in North American retail and in international retail? I remember last quarter you called out really starting to see, kind of I don't know, critical mass tipping point, whatever the buzzword is, from Prime and from FBA in international markets. Is that what's continuing, I assume, to kind of drive that re-acceleration? And any geographic country comments behind that? Thanks a lot.", "start": 85, "labels": ["QUESTION"]}, "origin": "manual", "to_name": "text", "from_name": "label-intro"}, {"type": "labels", "value": {"end": 648, "text": "Brian T. Olsavsky", "start": 630, "labels": ["REPRESENTATIVE"]}, "origin": "manual", "to_name": "text", "from_name": "label-intro"}, {"type": "labels", "value": {"end": 1625, "text": ": Sure. Yeah, I have the same buzzwords for you, Mark. It's really the flywheel of Prime is definitely working. It's simple as that. The low prices, vast selection and convenience continue to resonate with customers. Prime membership increases and selection through FBA makes Prime more valuable. So it's a bit as simple as that in the consumer business in North America and international, we are seeing great acceptance of Prime and usage of Prime benefits. We continue to expand the list of Prime benefits for customers to make it more valuable, and none is more valuable than FBA, which we've talked a lot about the value of Prime to FBA and vice-versa. FBA is bringing more Prime-eligible selection to Prime and then the growth of Prime and the type of customers that utilize Prime and their buying behavior is a great traction for other FBA sellers. So that is essentially what we're seeing, and we're certainly pleased with the customer response to those offers globally.", "start": 649, "labels": ["ANSWER"]}, "origin": "manual", "to_name": "text", "from_name": "label-intro"}], "was_cancelled": false, "ground_truth": true, "created_at": "2022-02-04T10:03:51.610271Z", "updated_at": "2022-02-04T10:03:51.610276Z", "lead_time": null, "prediction": {}, "result_count": 0, "task": 17390, "parent_prediction": null, "parent_annotation": null}], "data": {"year": 2016, "company": "AMZN", "my_text": "\nOperator: Next question is from Mark Mahaney from RBC Capital Markets.\nMark Mahaney: Okay. Hey, Brian, could you give us some wise as to the revenue growth acceleration that you're seeing, a little more color about the revenue growth acceleration in North American retail and in international retail? I remember last quarter you called out really starting to see, kind of I don't know, critical mass tipping point, whatever the buzzword is, from Prime and from FBA in international markets. Is that what's continuing, I assume, to kind of drive that re-acceleration? And any geographic country comments behind that? Thanks a lot.\nBrian T. Olsavsky: Sure. Yeah, I have the same buzzwords for you, Mark. It's really the flywheel of Prime is definitely working. It's simple as that. The low prices, vast selection and convenience continue to resonate with customers. Prime membership increases and selection through FBA makes Prime more valuable. So it's a bit as simple as that in the consumer business in North America and international, we are seeing great acceptance of Prime and usage of Prime benefits. We continue to expand the list of Prime benefits for customers to make it more valuable, and none is more valuable than FBA, which we've talked a lot about the value of Prime to FBA and vice-versa. FBA is bringing more Prime-eligible selection to Prime and then the growth of Prime and the type of customers that utilize Prime and their buying behavior is a great traction for other FBA sellers. So that is essentially what we're seeing, and we're certainly pleased with the customer response to those offers globally.", "quarter": 2}}