{"id": 17302, "annotations": [{"id": 17405, "completed_by": 2, "result": [{"id": "ncyN5BYHrb", "type": "labels", "value": {"end": 10, "text": "Operator:", "start": 1, "labels": ["OPERATOR"]}, "origin": "manual", "to_name": "text", "from_name": "label-intro"}, {"id": "FQ0j84FSmQ", "type": "labels", "value": {"end": 102, "text": "Ross Sandler:", "start": 89, "labels": ["ANALYST"]}, "origin": "manual", "to_name": "text", "from_name": "label-intro"}, {"id": "oEuYrNZGjk", "type": "labels", "value": {"end": 1755, "text": "Ross Sandler:", "start": 1742, "labels": ["ANALYST"]}, "origin": "manual", "to_name": "text", "from_name": "label-intro"}, {"id": "nyOoxpG3fd", "type": "labels", "value": {"end": 1157, "text": "Tom Szkutak:", "start": 1145, "labels": ["REPRESENTATIVE"]}, "origin": "manual", "to_name": "text", "from_name": "label-intro"}, {"id": "cfVEH6AgVA", "type": "labels", "value": {"end": 602, "text": "Brian Olsavsky", "start": 587, "labels": ["REPRESENTATIVE"]}, "origin": "manual", "to_name": "text", "from_name": "label-intro"}, {"id": "PazXIUpw2i", "type": "labels", "value": {"end": 88, "text": "Our next question comes from Ross Sandler with Deutsche Bank. Please proceed.", "start": 11, "labels": ["QUESTION"]}, "origin": "manual", "to_name": "text", "from_name": "label-intro"}, {"id": "HVOnNR-o7M", "type": "labels", "value": {"end": 424, "text": "Great. Thanks for the new disclosure guys, really helpful. I guess, just speaking, you know, now a little bit we all understand the investments you are guys are making on international, retail, and maybe with our margins been declining. Can you give us a little color on what's driving up the North America retail segment margin and I guess in the context of that, just talk about the impact that Prime is having on the retail margin for both North America and International? Thanks.", "start": 103, "labels": ["QUESTION"]}, "origin": "manual", "to_name": "text", "from_name": "label-intro"}, {"id": "dovS0Uv4s6", "type": "labels", "value": {"end": 1775, "text": "Great. Thanks guys.", "start": 1756, "labels": ["QUESTION"]}, "origin": "manual", "to_name": "text", "from_name": "label-intro"}, {"id": "YbyS8KO4i1", "type": "labels", "value": {"end": 1144, "text": "Yes, sure. So North America operating margin up a 120 basis points year-over-year to 3.9%. Lot of good cost efficiency, but again we're continuing to invest so actively as we build the Prime platform and that we have customers. So you'll see lot of invention definitely to see the Prime platform, which things like Video Content, Prime Music, as we talk about Prime Now devices that will continue to build fulfillment centers for selection and expansion in FBA. So that\u2019s \u2013 its generally what's driving the operating margin in North America.", "start": 603, "labels": ["ANSWER"]}, "origin": "manual", "to_name": "text", "from_name": "label-intro"}, {"id": "1rRLq7cORc", "type": "labels", "value": {"end": 1741, "text": "And just to add on to that, we're \u2013 we gave metrics last quarter about Prime. It\u2019s growing very fast. As Brian said, we're feeding the platform and certainly common thing with category expansion, new FCs, original content, Prime Instant Video devices, Prime Now. The common theme is they are all really intertwined with Prime and inextricably to our consumer business in Prime. So it\u2019s just we're happy to do it. And the last quarter we gave an indication of the growth rates after being added for 10 year. So we're super excited to have the platform and to continue to invest in it.", "start": 1158, "labels": ["ANSWER"]}, "origin": "manual", "to_name": "text", "from_name": "label-intro"}], "was_cancelled": false, "ground_truth": true, "created_at": "2022-02-04T10:03:51.603615Z", "updated_at": "2022-04-23T11:18:34.833069Z", "lead_time": 3571.0, "prediction": {}, "result_count": 0, "task": 17302, "parent_prediction": null, "parent_annotation": null}], "data": {"year": 2015, "company": "AMZN", "my_text": "\nOperator: Our next question comes from Ross Sandler with Deutsche Bank. Please proceed.\nRoss Sandler: Great. Thanks for the new disclosure guys, really helpful. I guess, just speaking, you know, now a little bit we all understand the investments you are guys are making on international, retail, and maybe with our margins been declining. Can you give us a little color on what's driving up the North America retail segment margin and I guess in the context of that, just talk about the impact that Prime is having on the retail margin for both North America and International? Thanks.\nBrian Olsavsky: Yes, sure. So North America operating margin up a 120 basis points year-over-year to 3.9%. Lot of good cost efficiency, but again we're continuing to invest so actively as we build the Prime platform and that we have customers. So you'll see lot of invention definitely to see the Prime platform, which things like Video Content, Prime Music, as we talk about Prime Now devices that will continue to build fulfillment centers for selection and expansion in FBA. So that\u2019s \u2013 its generally what's driving the operating margin in North America.\nTom Szkutak: And just to add on to that, we're \u2013 we gave metrics last quarter about Prime. It\u2019s growing very fast. As Brian said, we're feeding the platform and certainly common thing with category expansion, new FCs, original content, Prime Instant Video devices, Prime Now. The common theme is they are all really intertwined with Prime and inextricably to our consumer business in Prime. So it\u2019s just we're happy to do it. And the last quarter we gave an indication of the growth rates after being added for 10 year. So we're super excited to have the platform and to continue to invest in it.\nRoss Sandler: Great. Thanks guys.", "quarter": 1}}