{"id": 17374, "annotations": [{"id": 17477, "completed_by": 2, "result": [{"type": "labels", "value": {"end": 9, "text": "Operator", "start": 0, "labels": ["OPERATOR"]}, "origin": "manual", "to_name": "text", "from_name": "label-intro"}, {"type": "labels", "value": {"end": 92, "text": ": Our next question comes from Brian Pitz of Jefferies. Please state your question.", "start": 10, "labels": ["INTRO"]}, "origin": "manual", "to_name": "text", "from_name": "label-intro"}, {"type": "labels", "value": {"end": 106, "text": "Brian J. Pitz", "start": 92, "labels": ["ANALYST"]}, "origin": "manual", "to_name": "text", "from_name": "label-intro"}, {"type": "labels", "value": {"end": 341, "text": ": Thanks for the question. Any comments on your business in India? How is that market ramping up? And maybe on the competitive front there, any sense of where the local incumbents may actually have some advantage in the region? Thanks.", "start": 107, "labels": ["QUESTION"]}, "origin": "manual", "to_name": "text", "from_name": "label-intro"}, {"type": "labels", "value": {"end": 359, "text": "Brian T. Olsavsky", "start": 341, "labels": ["REPRESENTATIVE"]}, "origin": "manual", "to_name": "text", "from_name": "label-intro"}, {"type": "labels", "value": {"end": 1646, "text": ": Yeah, sure. Thanks. Actually, I just returned from India where I spent a week with our teams in Bangalore and Hyderabad. We're breaking ground on a new 10-acre campus there. So we are solidifying and increasing our investment in India on all fronts. I had a chance to see firsthand the level of invention going on with both customers and sellers, making deliveries to customers, seeing the I Have Space program we have with merchants. It's a very exciting time in India and again, the invention is off the charts. We are inventing things in India that do not exist in other parts of the country \u2013 excuse me, parts of the world. And the team there is one of our best. You can see it in some of the external commentary as well. For the second year in a row customers selected Amazon India as Amazon's most trusted online shopping brand. During the quarter, we rolled out a feature called Tatkal which is a studio on wheels that we go to the sellers to help them sign up. We let them do registration, imaging, catalog, uploads and basic seller training. So we're taking it to the sellers, taking the business to the sellers. We've already reached sellers in 25 cities and we're really helping them expand their business not only within their home region, but throughout the whole country.", "start": 360, "labels": ["ANSWER"]}, "origin": "manual", "to_name": "text", "from_name": "label-intro"}], "was_cancelled": false, "ground_truth": true, "created_at": "2022-02-04T10:03:51.609047Z", "updated_at": "2022-02-04T10:03:51.609053Z", "lead_time": null, "prediction": {}, "result_count": 0, "task": 17374, "parent_prediction": null, "parent_annotation": null}], "data": {"year": 2016, "company": "AMZN", "my_text": "\nOperator: Our next question comes from Brian Pitz of Jefferies. Please state your question.\nBrian J. Pitz: Thanks for the question. Any comments on your business in India? How is that market ramping up? And maybe on the competitive front there, any sense of where the local incumbents may actually have some advantage in the region? Thanks.\nBrian T. Olsavsky: Yeah, sure. Thanks. Actually, I just returned from India where I spent a week with our teams in Bangalore and Hyderabad. We're breaking ground on a new 10-acre campus there. So we are solidifying and increasing our investment in India on all fronts. I had a chance to see firsthand the level of invention going on with both customers and sellers, making deliveries to customers, seeing the I Have Space program we have with merchants. It's a very exciting time in India and again, the invention is off the charts. We are inventing things in India that do not exist in other parts of the country \u2013 excuse me, parts of the world. And the team there is one of our best. You can see it in some of the external commentary as well. For the second year in a row customers selected Amazon India as Amazon's most trusted online shopping brand. During the quarter, we rolled out a feature called Tatkal which is a studio on wheels that we go to the sellers to help them sign up. We let them do registration, imaging, catalog, uploads and basic seller training. So we're taking it to the sellers, taking the business to the sellers. We've already reached sellers in 25 cities and we're really helping them expand their business not only within their home region, but throughout the whole country.", "quarter": 1}}