{"id": 18416, "annotations": [{"id": 18519, "completed_by": 2, "result": [{"type": "labels", "value": {"end": 9, "text": "Operator", "start": 0, "labels": ["OPERATOR"]}, "origin": "manual", "to_name": "text", "from_name": "label-intro"}, {"type": "labels", "value": {"end": 97, "text": ": Thank you. Our next question comes from the line of Lloyd Walmsley with Deutsche Bank.", "start": 10, "labels": ["INTRO"]}, "origin": "manual", "to_name": "text", "from_name": "label-intro"}, {"type": "labels", "value": {"end": 112, "text": "Lloyd Walmsley", "start": 97, "labels": ["ANALYST"]}, "origin": "manual", "to_name": "text", "from_name": "label-intro"}, {"type": "labels", "value": {"end": 735, "text": ": Thanks. Two if I can. First, just on the advertising side, we hear a lot of positive feedback from customers, but also we hear suggestions of their supply constraints. So, how do you guys see inventory growth versus pricing growth as a driver in that business and are there things you can do to grow inventory? And then secondly, there have been some reports, your Amazon shipping effort is kind of expanding beyond some test markets. So wondering if you can give us a sense for what you've seen in this test markets and how you think about expanding your shipping efforts on that productized basis going forward? Thanks.", "start": 113, "labels": ["QUESTION"]}, "origin": "manual", "to_name": "text", "from_name": "label-intro"}, {"type": "labels", "value": {"end": 750, "text": "Brian Olsavsky", "start": 735, "labels": ["REPRESENTATIVE"]}, "origin": "manual", "to_name": "text", "from_name": "label-intro"}, {"type": "labels", "value": {"end": 1720, "text": ": Yeah. Lloyd, thanks for the questions. I'll take the advertising piece first. I mean, I think as I talked before, we're working on the improving usability of tools. I mean, our priorities in the space, that's certainly one of them looking for ways to make smarter recommendations, addressing the needs of brands, automating activities, incenting new products and I think in all those regards in those priorities, we think there's some good growth to continue to come both in advertising for on our own properties, but also potentially beyond, over the longer term, so, but even as we look for advertising opportunities on places like Amazon.com, we think there's a lot of opportunity and a lot of experimentation. I think we're learning and are a very data interested company and working with a lot of great brands to be able to develop better toolkits for them, understand what types of metrics they want to make them more successful based on what they're telling us.", "start": 751, "labels": ["ANSWER"]}, "origin": "manual", "to_name": "text", "from_name": "label-intro"}, {"type": "labels", "value": {"end": 1732, "text": "Dave Fildes", "start": 1720, "labels": ["REPRESENTATIVE"]}, "origin": "manual", "to_name": "text", "from_name": "label-intro"}, {"type": "labels", "value": {"end": 2403, "text": ": Yeah. And on transportation, I assume you're just talking about our expansion of Amazon deliveries and Amazon logistics. Again, we have great partners in place for our business and support globally, what we do is add capacity where we feel we need to speed up service or ensure demand, particularly at peak. So we will continue to build out our DSP and flex and chip with Amazon programs. So during the quarter, it was a much bigger presence obviously year-over-year, so we're happy with that, both from a performance standpoint, the delivery estimate accuracy as we call it was very strong on our self-delivered products and also the cost profile is very good as well.", "start": 1733, "labels": ["ANSWER"]}, "origin": "manual", "to_name": "text", "from_name": "label-intro"}], "was_cancelled": false, "ground_truth": true, "created_at": "2022-02-04T10:25:34.066324Z", "updated_at": "2022-02-04T10:25:34.066329Z", "lead_time": null, "prediction": {}, "result_count": 0, "task": 18416, "parent_prediction": null, "parent_annotation": null}], "data": {"year": 2018, "company": "AMZN", "my_text": "\nOperator: Thank you. Our next question comes from the line of Lloyd Walmsley with Deutsche Bank.\nLloyd Walmsley: Thanks. Two if I can. First, just on the advertising side, we hear a lot of positive feedback from customers, but also we hear suggestions of their supply constraints. So, how do you guys see inventory growth versus pricing growth as a driver in that business and are there things you can do to grow inventory? And then secondly, there have been some reports, your Amazon shipping effort is kind of expanding beyond some test markets. So wondering if you can give us a sense for what you've seen in this test markets and how you think about expanding your shipping efforts on that productized basis going forward? Thanks.\nBrian Olsavsky: Yeah. Lloyd, thanks for the questions. I'll take the advertising piece first. I mean, I think as I talked before, we're working on the improving usability of tools. I mean, our priorities in the space, that's certainly one of them looking for ways to make smarter recommendations, addressing the needs of brands, automating activities, incenting new products and I think in all those regards in those priorities, we think there's some good growth to continue to come both in advertising for on our own properties, but also potentially beyond, over the longer term, so, but even as we look for advertising opportunities on places like Amazon.com, we think there's a lot of opportunity and a lot of experimentation. I think we're learning and are a very data interested company and working with a lot of great brands to be able to develop better toolkits for them, understand what types of metrics they want to make them more successful based on what they're telling us.\nDave Fildes: Yeah. And on transportation, I assume you're just talking about our expansion of Amazon deliveries and Amazon logistics. Again, we have great partners in place for our business and support globally, what we do is add capacity where we feel we need to speed up service or ensure demand, particularly at peak. So we will continue to build out our DSP and flex and chip with Amazon programs. So during the quarter, it was a much bigger presence obviously year-over-year, so we're happy with that, both from a performance standpoint, the delivery estimate accuracy as we call it was very strong on our self-delivered products and also the cost profile is very good as well.", "quarter": 4}}