{"id": 18456, "annotations": [{"id": 18559, "completed_by": 2, "result": [{"type": "labels", "value": {"end": 9, "text": "Operator", "start": 0, "labels": ["OPERATOR"]}, "origin": "manual", "to_name": "text", "from_name": "label-intro"}, {"type": "labels", "value": {"end": 111, "text": ": Thank you. Our next question comes from the line of Brian Nowak with Morgan Stanley. Please proceed.", "start": 10, "labels": ["INTRO"]}, "origin": "manual", "to_name": "text", "from_name": "label-intro"}, {"type": "labels", "value": {"end": 123, "text": "Brian Nowak", "start": 111, "labels": ["ANALYST"]}, "origin": "manual", "to_name": "text", "from_name": "label-intro"}, {"type": "labels", "value": {"end": 810, "text": ": Thanks for taking my question. I have two. Just, the first one Brian, I think on one of the media interviews, you talked about how you're becoming more efficient with one-day and you continue -- with next-day delivery and continue to do so and talked about $1 billion of cost in that current quarter. Maybe just sort of talk to us about some of the largest qualitative fix in variable costs sort of still associated with one-day and the processes and the opportunities for efficiency to really get that number down as we go throughout 2020. And then, maybe any specific product categories or good categories where you've seen an acceleration in demand from one day that you\u2019d call out?", "start": 124, "labels": ["QUESTION"]}, "origin": "manual", "to_name": "text", "from_name": "label-intro"}, {"type": "labels", "value": {"end": 825, "text": "Brian Olsavsky", "start": 810, "labels": ["REPRESENTATIVE"]}, "origin": "manual", "to_name": "text", "from_name": "label-intro"}, {"type": "labels", "value": {"end": 2102, "text": ": Sure. Let me make sure the numbers are understood. We had talked about last year about an initial step up in cost of close to $800 million in the second quarter. We -- that carried into Q3-- was slightly higher in Q3. And then in Q4, last time on this call I mentioned that we estimated Q4 would be $1.5 billion penalty. It was slightly under that despite the higher volumes and revenue growth than was in our guidance. And looking ahead to Q1, we estimate approximately $1 billion of additional costs year-over-year. And again, in Q2, we'll start to lap this. And that doesn't mean the delta goes to zero. It means that there'll be a step up as we grow and expand on a volume basis and then we'll see where our rates are on actually delivering and fulfilling one day. So, I will keep you posted on our results and guide in the future as to where we see those costs going. If you look at the efficiency or the -- first the cost, they generally fall into a few buckets. It's obviously transportation where you're building out new transportation modes, you're adding new deliveries. Partners are adding new routes. Many times they start with subscale volumes and you build them out, you get more efficient, you get more volume, more package density and that creates efficiency.", "start": 826, "labels": ["ANSWER"]}, "origin": "manual", "to_name": "text", "from_name": "label-intro"}], "was_cancelled": false, "ground_truth": true, "created_at": "2022-02-04T10:25:34.069177Z", "updated_at": "2022-02-04T10:25:34.069182Z", "lead_time": null, "prediction": {}, "result_count": 0, "task": 18456, "parent_prediction": null, "parent_annotation": null}], "data": {"year": 2019, "company": "AMZN", "my_text": "\nOperator: Thank you. Our next question comes from the line of Brian Nowak with Morgan Stanley. Please proceed.\nBrian Nowak: Thanks for taking my question. I have two. Just, the first one Brian, I think on one of the media interviews, you talked about how you're becoming more efficient with one-day and you continue -- with next-day delivery and continue to do so and talked about $1 billion of cost in that current quarter. Maybe just sort of talk to us about some of the largest qualitative fix in variable costs sort of still associated with one-day and the processes and the opportunities for efficiency to really get that number down as we go throughout 2020. And then, maybe any specific product categories or good categories where you've seen an acceleration in demand from one day that you\u2019d call out?\nBrian Olsavsky: Sure. Let me make sure the numbers are understood. We had talked about last year about an initial step up in cost of close to $800 million in the second quarter. We -- that carried into Q3-- was slightly higher in Q3. And then in Q4, last time on this call I mentioned that we estimated Q4 would be $1.5 billion penalty. It was slightly under that despite the higher volumes and revenue growth than was in our guidance. And looking ahead to Q1, we estimate approximately $1 billion of additional costs year-over-year. And again, in Q2, we'll start to lap this. And that doesn't mean the delta goes to zero. It means that there'll be a step up as we grow and expand on a volume basis and then we'll see where our rates are on actually delivering and fulfilling one day. So, I will keep you posted on our results and guide in the future as to where we see those costs going. If you look at the efficiency or the -- first the cost, they generally fall into a few buckets. It's obviously transportation where you're building out new transportation modes, you're adding new deliveries. Partners are adding new routes. Many times they start with subscale volumes and you build them out, you get more efficient, you get more volume, more package density and that creates efficiency.", "quarter": 4}}