{"id": 17309, "annotations": [{"id": 17412, "completed_by": 2, "result": [{"type": "labels", "value": {"end": 9, "text": "Operator", "start": 0, "labels": ["OPERATOR"]}, "origin": "manual", "to_name": "text", "from_name": "label-intro"}, {"type": "labels", "value": {"end": 71, "text": ": Our next question comes from Justin Post with Merrill Lynch.", "start": 10, "labels": ["INTRO"]}, "origin": "manual", "to_name": "text", "from_name": "label-intro"}, {"type": "labels", "value": {"end": 83, "text": "Justin Post", "start": 71, "labels": ["ANALYST"]}, "origin": "manual", "to_name": "text", "from_name": "label-intro"}, {"type": "labels", "value": {"end": 618, "text": ": Hey, couple of questions on margins. First on AWS a think those are higher than most of us were thinking. Appreciate the disclosure. What is driving your margin versus your pricing decision? How do you think about passenger cost efficiencies or potential margin growth through your customers. And then secondly on international margins you know, clearly below history, below the US, what kind of things need to happen to get those at least to where the US is today much less back to where they were six or seven years ago? Thank you.", "start": 84, "labels": ["QUESTION"]}, "origin": "manual", "to_name": "text", "from_name": "label-intro"}, {"type": "labels", "value": {"end": 630, "text": "Tom Szkutak", "start": 618, "labels": ["REPRESENTATIVE"]}, "origin": "manual", "to_name": "text", "from_name": "label-intro"}, {"type": "labels", "value": {"end": 1089, "text": ": Justin I'll take the AWS portion of the question first. So our model over the long-term really has been to innovate and to use our scale and position to be able to pass savings along to customers. And so we've had 48 price decreases since we launched. As I talked about earlier, that\u2019s one factor customers save a lot of money, but the primary motivator is really around the innovation that AWS enables and the ability for developers to move really quickly.", "start": 631, "labels": ["ANSWER"]}, "origin": "manual", "to_name": "text", "from_name": "label-intro"}, {"type": "labels", "value": {"end": 1104, "text": "Brian Olsavsky", "start": 1089, "labels": ["REPRESENTATIVE"]}, "origin": "manual", "to_name": "text", "from_name": "label-intro"}, {"type": "labels", "value": {"end": 1788, "text": ": And in terms of international, again as you mentioned Justin, we are investing a lot right now which impacts the margins there again ex-exchange think of it as approximately breakeven for the quarter. And so again, we're continuing to invest. We're investing in all the things that we talked about related to the platform, continue invest in some emerging geographies, most notably certainly India with the step up given the experience we have. And so we are optimistic over time. We have a lot to do there, we think it\u2019s a great opportunity for us. And so that\u2019s what we're doing, but we're excited about the opportunity and that\u2019s why you see the results that you're seeing there.", "start": 1105, "labels": ["ANSWER"]}, "origin": "manual", "to_name": "text", "from_name": "label-intro"}], "was_cancelled": false, "ground_truth": true, "created_at": "2022-02-04T10:03:51.604171Z", "updated_at": "2022-02-04T10:03:51.604176Z", "lead_time": null, "prediction": {}, "result_count": 0, "task": 17309, "parent_prediction": null, "parent_annotation": null}], "data": {"year": 2015, "company": "AMZN", "my_text": "\nOperator: Our next question comes from Justin Post with Merrill Lynch.\nJustin Post: Hey, couple of questions on margins. First on AWS a think those are higher than most of us were thinking. Appreciate the disclosure. What is driving your margin versus your pricing decision? How do you think about passenger cost efficiencies or potential margin growth through your customers. And then secondly on international margins you know, clearly below history, below the US, what kind of things need to happen to get those at least to where the US is today much less back to where they were six or seven years ago? Thank you.\nTom Szkutak: Justin I'll take the AWS portion of the question first. So our model over the long-term really has been to innovate and to use our scale and position to be able to pass savings along to customers. And so we've had 48 price decreases since we launched. As I talked about earlier, that\u2019s one factor customers save a lot of money, but the primary motivator is really around the innovation that AWS enables and the ability for developers to move really quickly.\nBrian Olsavsky: And in terms of international, again as you mentioned Justin, we are investing a lot right now which impacts the margins there again ex-exchange think of it as approximately breakeven for the quarter. And so again, we're continuing to invest. We're investing in all the things that we talked about related to the platform, continue invest in some emerging geographies, most notably certainly India with the step up given the experience we have. And so we are optimistic over time. We have a lot to do there, we think it\u2019s a great opportunity for us. And so that\u2019s what we're doing, but we're excited about the opportunity and that\u2019s why you see the results that you're seeing there.", "quarter": 1}}