{"id": 17416, "annotations": [{"id": 17519, "completed_by": 2, "result": [{"type": "labels", "value": {"end": 9, "text": "Operator", "start": 0, "labels": ["OPERATOR"]}, "origin": "manual", "to_name": "text", "from_name": "label-intro"}, {"type": "labels", "value": {"end": 105, "text": ": Thank you. The next question comes from Mark May with Citi. Please proceed with your question.", "start": 10, "labels": ["INTRO"]}, "origin": "manual", "to_name": "text", "from_name": "label-intro"}, {"type": "labels", "value": {"end": 117, "text": "Mark A. May", "start": 105, "labels": ["ANALYST"]}, "origin": "manual", "to_name": "text", "from_name": "label-intro"}, {"type": "labels", "value": {"end": 664, "text": ": Thank you. Just a question on paid unit growth. For the last several quarters here, it's been accelerating on a year-on-year basis and I think this quarter 24%, it was below the 26% that you reported in Q4 of 2015. Just kind of curious what had been driving the acceleration over the past few quarters and what may be changed this quarter? And then in terms of the Q1 revenue guidance, wondering if you could provide a little bit of color in terms of the impact that maybe the recent AWS price adjustments are having on your Q1 guidance. Thanks.", "start": 118, "labels": ["QUESTION"]}, "origin": "manual", "to_name": "text", "from_name": "label-intro"}, {"type": "labels", "value": {"end": 682, "text": "Brian T. Olsavsky", "start": 664, "labels": ["REPRESENTATIVE"]}, "origin": "manual", "to_name": "text", "from_name": "label-intro"}, {"type": "labels", "value": {"end": 1248, "text": ": Let me start with the second one. So we factored it in, obviously, into the numbers I gave through guidance, the timing of it was again closer to December 1. So there'll be an incremental differential in Q1 on those price cuts, but this is something that we again have quite frequently and I don't think it's a large factor in Q1. The bigger one is more mechanical that leap day comp I would say. And just if you're looking on a non-FX adjusted basis, the foreign exchange exposure, which I mentioned was $730 million or 250 basis points expected in this guidance.", "start": 683, "labels": ["ANSWER"]}, "origin": "manual", "to_name": "text", "from_name": "label-intro"}, {"type": "labels", "value": {"end": 1261, "text": "Darin Manney", "start": 1248, "labels": ["REPRESENTATIVE"]}, "origin": "manual", "to_name": "text", "from_name": "label-intro"}, {"type": "labels", "value": {"end": 2328, "text": ": Hi, Mark. This is Darin. On the unit growth, we're very happy with the 24% unit growth that we saw in Q4 like you mentioned. Our unit growth has been strong and that's primarily attributable to our Prime program and the customers and members that enjoy that program. As Brian mentioned, that 28% is only part of the story. Our Amazon Fulfilled units, the amount going through our fulfillment centers and which essentially includes our first-party retail and our FBA sales and it grew nearly 40% over 2016. So we're very pleased with those results and happy with the fundamentals of the business from that perspective. Customers continue to respond very well to the low prices. The vast selection which is helped by the FBA sellers and the strong convenience that we can offer through FREE Two-Day Shipping and the multitude of other faster shipping options such as Same-Day, Next-Day and in some cases with Prime Now, the 1-Hour Delivery to 2-Hour Delivery. So Prime membership and selection continues to drive growth and you'll see that in our unit growth numbers.", "start": 1262, "labels": ["ANSWER"]}, "origin": "manual", "to_name": "text", "from_name": "label-intro"}], "was_cancelled": false, "ground_truth": true, "created_at": "2022-02-04T10:03:51.612157Z", "updated_at": "2022-02-04T10:03:51.612162Z", "lead_time": null, "prediction": {}, "result_count": 0, "task": 17416, "parent_prediction": null, "parent_annotation": null}], "data": {"year": 2016, "company": "AMZN", "my_text": "\nOperator: Thank you. The next question comes from Mark May with Citi. Please proceed with your question.\nMark A. May: Thank you. Just a question on paid unit growth. For the last several quarters here, it's been accelerating on a year-on-year basis and I think this quarter 24%, it was below the 26% that you reported in Q4 of 2015. Just kind of curious what had been driving the acceleration over the past few quarters and what may be changed this quarter? And then in terms of the Q1 revenue guidance, wondering if you could provide a little bit of color in terms of the impact that maybe the recent AWS price adjustments are having on your Q1 guidance. Thanks.\nBrian T. Olsavsky: Let me start with the second one. So we factored it in, obviously, into the numbers I gave through guidance, the timing of it was again closer to December 1. So there'll be an incremental differential in Q1 on those price cuts, but this is something that we again have quite frequently and I don't think it's a large factor in Q1. The bigger one is more mechanical that leap day comp I would say. And just if you're looking on a non-FX adjusted basis, the foreign exchange exposure, which I mentioned was $730 million or 250 basis points expected in this guidance.\nDarin Manney: Hi, Mark. This is Darin. On the unit growth, we're very happy with the 24% unit growth that we saw in Q4 like you mentioned. Our unit growth has been strong and that's primarily attributable to our Prime program and the customers and members that enjoy that program. As Brian mentioned, that 28% is only part of the story. Our Amazon Fulfilled units, the amount going through our fulfillment centers and which essentially includes our first-party retail and our FBA sales and it grew nearly 40% over 2016. So we're very pleased with those results and happy with the fundamentals of the business from that perspective. Customers continue to respond very well to the low prices. The vast selection which is helped by the FBA sellers and the strong convenience that we can offer through FREE Two-Day Shipping and the multitude of other faster shipping options such as Same-Day, Next-Day and in some cases with Prime Now, the 1-Hour Delivery to 2-Hour Delivery. So Prime membership and selection continues to drive growth and you'll see that in our unit growth numbers.", "quarter": 4}}