{"id": 17312, "annotations": [{"id": 17415, "completed_by": 2, "result": [{"type": "labels", "value": {"end": 9, "text": "Operator", "start": 0, "labels": ["OPERATOR"]}, "origin": "manual", "to_name": "text", "from_name": "label-intro"}, {"type": "labels", "value": {"end": 84, "text": ": Our next question comes from Robert Peck with SunTrust Robinson Humphrey.", "start": 10, "labels": ["INTRO"]}, "origin": "manual", "to_name": "text", "from_name": "label-intro"}, {"type": "labels", "value": {"end": 96, "text": "Robert Peck", "start": 84, "labels": ["ANALYST"]}, "origin": "manual", "to_name": "text", "from_name": "label-intro"}, {"type": "labels", "value": {"end": 551, "text": ": Yes, thank you. I was wondering Tom, could you give us an update on your retail store strategy. Should we expect stores to open up across the US or is that limited to China, New York. And that number two, India has come up a couple of times on the call today. China had several structural challenges based on the market there. I was curious if you could differentiate what you are seeing that's different in India versus the China challenges? Thank you.", "start": 97, "labels": ["QUESTION"]}, "origin": "manual", "to_name": "text", "from_name": "label-intro"}, {"type": "labels", "value": {"end": 563, "text": "Tom Szkutak", "start": 551, "labels": ["REPRESENTATIVE"]}, "origin": "manual", "to_name": "text", "from_name": "label-intro"}, {"type": "labels", "value": {"end": 961, "text": ": Yes, in terms of our consumer business, we love the business that we have today. We love \u2013 we think there is a great opportunity to do that to continue to expand the existing business that we have. In terms of other things we have long standing practice of not talking about what we might or might not do there. In terms of the second part India, and China could you repeat that part, I am sorry?", "start": 564, "labels": ["ANSWER"]}, "origin": "manual", "to_name": "text", "from_name": "label-intro"}, {"type": "labels", "value": {"end": 973, "text": "Robert Peck", "start": 961, "labels": ["ANALYST"]}, "origin": "manual", "to_name": "text", "from_name": "label-intro"}, {"type": "labels", "value": {"end": 1328, "text": ": Sure. So you talked about India a couple of times today on the call. Obviously it's big area of investment focus for the company. China has some structural challenges based on how the marketplace is. I was wondering if you could differentiate what you are seeing in India that makes you optimistic there versus some of the challenges you faced in China?", "start": 974, "labels": ["QUESTION"]}, "origin": "manual", "to_name": "text", "from_name": "label-intro"}, {"type": "labels", "value": {"end": 1340, "text": "Tom Szkutak", "start": 1328, "labels": ["REPRESENTATIVE"]}, "origin": "manual", "to_name": "text", "from_name": "label-intro"}, {"type": "labels", "value": {"end": 1994, "text": ": Yes. Thank you for the question. They are very different, you'll see the growth rate in India is very rapid. We talked about last year and its increasing investment. I think the biggest differences there focused on sellers and the connection of sellers. A big part of the challenge there is helping sellers all across India to succeed and grow their online businesses, you'll see from our press release that we've launched a new apps for that. So that helps them manage our inventory better and also respond to customer inquires. So that\u2019s probably the biggest difference that we see between India and China. But and still very, very early on in India.", "start": 1341, "labels": ["ANSWER"]}, "origin": "manual", "to_name": "text", "from_name": "label-intro"}], "was_cancelled": false, "ground_truth": true, "created_at": "2022-02-04T10:03:51.604430Z", "updated_at": "2022-02-04T10:03:51.604435Z", "lead_time": null, "prediction": {}, "result_count": 0, "task": 17312, "parent_prediction": null, "parent_annotation": null}], "data": {"year": 2015, "company": "AMZN", "my_text": "\nOperator: Our next question comes from Robert Peck with SunTrust Robinson Humphrey.\nRobert Peck: Yes, thank you. I was wondering Tom, could you give us an update on your retail store strategy. Should we expect stores to open up across the US or is that limited to China, New York. And that number two, India has come up a couple of times on the call today. China had several structural challenges based on the market there. I was curious if you could differentiate what you are seeing that's different in India versus the China challenges? Thank you.\nTom Szkutak: Yes, in terms of our consumer business, we love the business that we have today. We love \u2013 we think there is a great opportunity to do that to continue to expand the existing business that we have. In terms of other things we have long standing practice of not talking about what we might or might not do there. In terms of the second part India, and China could you repeat that part, I am sorry?\nRobert Peck: Sure. So you talked about India a couple of times today on the call. Obviously it's big area of investment focus for the company. China has some structural challenges based on how the marketplace is. I was wondering if you could differentiate what you are seeing in India that makes you optimistic there versus some of the challenges you faced in China?\nTom Szkutak: Yes. Thank you for the question. They are very different, you'll see the growth rate in India is very rapid. We talked about last year and its increasing investment. I think the biggest differences there focused on sellers and the connection of sellers. A big part of the challenge there is helping sellers all across India to succeed and grow their online businesses, you'll see from our press release that we've launched a new apps for that. So that helps them manage our inventory better and also respond to customer inquires. So that\u2019s probably the biggest difference that we see between India and China. But and still very, very early on in India.", "quarter": 1}}