{"id": 18381, "annotations": [{"id": 18484, "completed_by": 2, "result": [{"type": "labels", "value": {"end": 9, "text": "Operator", "start": 0, "labels": ["OPERATOR"]}, "origin": "manual", "to_name": "text", "from_name": "label-intro"}, {"type": "labels", "value": {"end": 129, "text": ": Thank you. Our next question comes from the line of Heath Terry with Goldman Sachs. Please proceed with your question.", "start": 10, "labels": ["INTRO"]}, "origin": "manual", "to_name": "text", "from_name": "label-intro"}, {"type": "labels", "value": {"end": 141, "text": "Heath Terry", "start": 129, "labels": ["ANALYST"]}, "origin": "manual", "to_name": "text", "from_name": "label-intro"}, {"type": "labels", "value": {"end": 808, "text": ": Great. Thank you. I was just wondering if you could give us a sense, the accelerating growth that we saw in the U.S. business in Q1, how much of that or how would you sort of segment that in terms of specific categories? Are there any specific categories that you would call out in terms of driving that? And then, as we look at the like acceleration in the AWS business, any sense that you can give us in terms of what volumes or customer, you specifically call out sort of customer additions in some of your comments, what customer additions have looked like in terms of driving that business, particularly against sort of the comp against last year's price cuts?", "start": 142, "labels": ["QUESTION"]}, "origin": "manual", "to_name": "text", "from_name": "label-intro"}, {"type": "labels", "value": {"end": 826, "text": "Brian T. Olsavsky", "start": 808, "labels": ["REPRESENTATIVE"]}, "origin": "manual", "to_name": "text", "from_name": "label-intro"}, {"type": "labels", "value": {"end": 2528, "text": ": Sure. So first, with the \u2013 you've mentioned North America revenue growth, and you can calculate that with and without the impact of Whole Foods, I'm sure. But the general drivers continues to be Prime and the Prime flywheel. So we see strong customer demand, not only for the benefits that we associate with Prime, we're seeing better engagement with Prime benefits, especially digital benefits, and that is always good news for eventual sales of other things. We're also selling more subscriptions, Amazon Music Unlimited, multiple Kindle Unlimited, there's a number of services. So there's different revenue streams that we see. So, not much more I can add by product line to North America. And I talk about AWS revenue, again, we're \u2013 we are accelerating. We've accelerated for the last two quarters. The FX-neutral growth was 48% in Q1, up from 44% on the same basis in Q4 and 42% in Q3. And now nearly a $22 billion run rate. So what we're saying is just continued strong usage both by existing customers and signing new customers for \u2013 see increased pace of enterprise migrations as customers are having success with AWS and increasingly trying new services. We are seeing people move more and more of their workflows to AWS and at a faster pace. And customers are moving databases to AWS as Aurora continues to grow at a very rapid clip. So stepping back, I would say, what is driving the growth, we believe, again, it's the value that we create for AWS customers. We have the functionality and pace of innovation that others don't. We have partner and ecosystem that others don't. And we have proven operational capability and security expertise that's highly valued to the AWS customer base.", "start": 827, "labels": ["ANSWER"]}, "origin": "manual", "to_name": "text", "from_name": "label-intro"}], "was_cancelled": false, "ground_truth": true, "created_at": "2022-02-04T10:25:34.063812Z", "updated_at": "2022-02-04T10:25:34.063817Z", "lead_time": null, "prediction": {}, "result_count": 0, "task": 18381, "parent_prediction": null, "parent_annotation": null}], "data": {"year": 2018, "company": "AMZN", "my_text": "\nOperator: Thank you. Our next question comes from the line of Heath Terry with Goldman Sachs. Please proceed with your question.\nHeath Terry: Great. Thank you. I was just wondering if you could give us a sense, the accelerating growth that we saw in the U.S. business in Q1, how much of that or how would you sort of segment that in terms of specific categories? Are there any specific categories that you would call out in terms of driving that? And then, as we look at the like acceleration in the AWS business, any sense that you can give us in terms of what volumes or customer, you specifically call out sort of customer additions in some of your comments, what customer additions have looked like in terms of driving that business, particularly against sort of the comp against last year's price cuts?\nBrian T. Olsavsky: Sure. So first, with the \u2013 you've mentioned North America revenue growth, and you can calculate that with and without the impact of Whole Foods, I'm sure. But the general drivers continues to be Prime and the Prime flywheel. So we see strong customer demand, not only for the benefits that we associate with Prime, we're seeing better engagement with Prime benefits, especially digital benefits, and that is always good news for eventual sales of other things. We're also selling more subscriptions, Amazon Music Unlimited, multiple Kindle Unlimited, there's a number of services. So there's different revenue streams that we see. So, not much more I can add by product line to North America. And I talk about AWS revenue, again, we're \u2013 we are accelerating. We've accelerated for the last two quarters. The FX-neutral growth was 48% in Q1, up from 44% on the same basis in Q4 and 42% in Q3. And now nearly a $22 billion run rate. So what we're saying is just continued strong usage both by existing customers and signing new customers for \u2013 see increased pace of enterprise migrations as customers are having success with AWS and increasingly trying new services. We are seeing people move more and more of their workflows to AWS and at a faster pace. And customers are moving databases to AWS as Aurora continues to grow at a very rapid clip. So stepping back, I would say, what is driving the growth, we believe, again, it's the value that we create for AWS customers. We have the functionality and pace of innovation that others don't. We have partner and ecosystem that others don't. And we have proven operational capability and security expertise that's highly valued to the AWS customer base.", "quarter": 1}}