{"id": 17366, "annotations": [{"id": 17469, "completed_by": 2, "result": [{"id": "Du4kineE-S", "type": "labels", "value": {"end": 9, "text": "Operator", "start": 0, "labels": ["OPERATOR"]}, "origin": "manual", "to_name": "text", "from_name": "label-intro"}, {"id": "3iV01WpD5W", "type": "labels", "value": {"end": 129, "text": " Thank you. Our next question comes from the line of Ron Josey with JMP Securities. Please proceed with your questions.", "start": 10, "labels": ["INTRO"]}, "origin": "manual", "to_name": "text", "from_name": "label-intro"}, {"id": "iudRx5GTAf", "type": "labels", "value": {"end": 139, "text": "Ron Josey", "start": 129, "labels": ["ANALYST"]}, "origin": "manual", "to_name": "text", "from_name": "label-intro"}, {"id": "rnhumDjyTW", "type": "labels", "value": {"end": 761, "text": " Great. Thanks for taking the questions. So I wanted to ask little more about North American operating margins. Because I think they expanded just under 50 bps this quarter to 4.7%. And that compares to an average of 200 basis points, thereabouts, expansion of the prior three quarters. So I'm just wondering if in 4Q maybe higher FBAs cost or something else in there that led to maybe an expansion not as great as we saw in prior quarters. And then following up on the Prime Now question, just now, I'm wondering how hour-delivery or two-hour delivery has changed customer perception of just delivery overall? Thank you.", "start": 140, "labels": ["QUESTION"]}, "origin": "manual", "to_name": "text", "from_name": "label-intro"}, {"id": "pbk1ZasG1W", "type": "labels", "value": {"end": 776, "text": "Brian Olsavsky", "start": 761, "labels": ["REPRESENTATIVE"]}, "origin": "manual", "to_name": "text", "from_name": "label-intro"}, {"id": "c5DJzM88A3", "type": "labels", "value": {"end": 1320, "text": " Sure. Yes, again, I'll point out that the demand for FBA services was very high, nearly 50% of our third party units, again, were FBA. And the demand for space and services was very large by our seller base, which was great from a lot of standpoints, but did exceed our expectations. But did make our warehouses rather full and did cause us to incur some additional variable costs in the US. And there is also the dynamic that we were fulfilling more of these units ourselves at our warehouses because of the FBA growth and the retail growth.", "start": 777, "labels": ["ANSWER"]}, "origin": "manual", "to_name": "text", "from_name": "label-intro"}, {"id": "PDWbl-t5Ts", "type": "labels", "value": {"end": 1332, "text": "Phil Hardin", "start": 1320, "labels": ["REPRESENTATIVE"]}, "origin": "manual", "to_name": "text", "from_name": "label-intro"}, {"id": "60tALvWA4X", "type": "labels", "value": {"end": 1767, "text": " On the speed of delivery, this is Phil, you know, all I can say is the customers love the service. It's very convenient, and it gives them flexibility and the ability to get products really quickly. I don't know if there is any big trends we are ready to call out at this point, but they seem to really, really like it. So we're encouraged by that. We're excited to invest in it and excited with what we can do for our Prime members.", "start": 1333, "labels": ["ANSWER"]}, "origin": "manual", "to_name": "text", "from_name": "label-intro"}], "was_cancelled": false, "ground_truth": true, "created_at": "2022-02-04T10:03:51.608396Z", "updated_at": "2022-04-27T22:11:32.221460Z", "lead_time": 14206.938, "prediction": {}, "result_count": 0, "task": 17366, "parent_prediction": null, "parent_annotation": null}], "data": {"year": 2015, "company": "AMZN", "my_text": "\nOperator: Thank you. Our next question comes from the line of Ron Josey with JMP Securities. Please proceed with your questions.\nRon Josey: Great. Thanks for taking the questions. So I wanted to ask little more about North American operating margins. Because I think they expanded just under 50 bps this quarter to 4.7%. And that compares to an average of 200 basis points, thereabouts, expansion of the prior three quarters. So I'm just wondering if in 4Q maybe higher FBAs cost or something else in there that led to maybe an expansion not as great as we saw in prior quarters. And then following up on the Prime Now question, just now, I'm wondering how hour-delivery or two-hour delivery has changed customer perception of just delivery overall? Thank you.\nBrian Olsavsky: Sure. Yes, again, I'll point out that the demand for FBA services was very high, nearly 50% of our third party units, again, were FBA. And the demand for space and services was very large by our seller base, which was great from a lot of standpoints, but did exceed our expectations. But did make our warehouses rather full and did cause us to incur some additional variable costs in the US. And there is also the dynamic that we were fulfilling more of these units ourselves at our warehouses because of the FBA growth and the retail growth.\nPhil Hardin: On the speed of delivery, this is Phil, you know, all I can say is the customers love the service. It's very convenient, and it gives them flexibility and the ability to get products really quickly. I don't know if there is any big trends we are ready to call out at this point, but they seem to really, really like it. So we're encouraged by that. We're excited to invest in it and excited with what we can do for our Prime members.", "quarter": 4}}