{"id": 17395, "annotations": [{"id": 17498, "completed_by": 2, "result": [{"id": "kfWRQw-SJp", "type": "labels", "value": {"end": 9, "text": "Operator", "start": 0, "labels": ["OPERATOR"]}, "origin": "manual", "to_name": "text", "from_name": "label-intro"}, {"id": "s-YtL6DJNH", "type": "labels", "value": {"end": 68, "text": " Our next question is from Justin Post from Merrill Lynch.", "start": 10, "labels": ["INTRO"]}, "origin": "manual", "to_name": "text", "from_name": "label-intro"}, {"id": "00huzwLSlr", "type": "labels", "value": {"end": 80, "text": "Justin Post", "start": 68, "labels": ["ANALYST"]}, "origin": "manual", "to_name": "text", "from_name": "label-intro"}, {"id": "eGnO4XmbEc", "type": "labels", "value": {"end": 436, "text": " Great. Thank you. First on the customers, I'm guessing \u2013 I'm wondering why you aren't giving the number, a lot of people use it for their models. And then second thing, when you look at the U.S. Prime penetration versus total U.S. customers, how do you feel about that and do you think there's still a lot of room for Prime growth in the U.S.? Thank you.", "start": 81, "labels": ["QUESTION"]}, "origin": "manual", "to_name": "text", "from_name": "label-intro"}, {"id": "Paz9t6cM7D", "type": "labels", "value": {"end": 449, "text": "Darin Manney", "start": 436, "labels": ["REPRESENTATIVE"]}, "origin": "manual", "to_name": "text", "from_name": "label-intro"}, {"id": "sA4TBYG1Xk", "type": "labels", "value": {"end": 744, "text": " Hi, Justin. This is Darin. I'll comment on the customer accounts again. We may consider updating that in the future, but really we encourage you and our investors to look at our free cash flow measures, our revenue and our GAAP operating profit since our customer purchasing behavior can vary.", "start": 450, "labels": ["ANSWER"]}, "origin": "manual", "to_name": "text", "from_name": "label-intro"}, {"id": "sT-qZMGsYi", "type": "labels", "value": {"end": 762, "text": "Brian T. Olsavsky", "start": 744, "labels": ["REPRESENTATIVE"]}, "origin": "manual", "to_name": "text", "from_name": "label-intro"}, {"id": "RqIj7OV5VN", "type": "labels", "value": {"end": 1439, "text": " And on Prime penetration, of course, we haven't released Prime subscription levels. We have talked about growth certainly globally and in North America. What I can tell you there is we still think there's a lot of room in Prime. We've tailored programs to students. We've tailored video programs. We've rolled out monthly plans. We have plans with grocery delivery. So there's a lot of different flavors of Prime and we are aggressively looking for a perfect Prime for everybody. We know that, again, when customers try Prime, they like it. So it's really just about getting them to try Prime and continuing to deliver great Prime benefits and great low prices and selection.", "start": 763, "labels": ["ANSWER"]}, "origin": "manual", "to_name": "text", "from_name": "label-intro"}], "was_cancelled": false, "ground_truth": true, "created_at": "2022-02-04T10:03:51.610619Z", "updated_at": "2022-05-06T16:04:02.884012Z", "lead_time": 5415.033, "prediction": {}, "result_count": 0, "task": 17395, "parent_prediction": null, "parent_annotation": null}], "data": {"year": 2016, "company": "AMZN", "my_text": "\nOperator: Our next question is from Justin Post from Merrill Lynch.\nJustin Post: Great. Thank you. First on the customers, I'm guessing \u2013 I'm wondering why you aren't giving the number, a lot of people use it for their models. And then second thing, when you look at the U.S. Prime penetration versus total U.S. customers, how do you feel about that and do you think there's still a lot of room for Prime growth in the U.S.? Thank you.\nDarin Manney: Hi, Justin. This is Darin. I'll comment on the customer accounts again. We may consider updating that in the future, but really we encourage you and our investors to look at our free cash flow measures, our revenue and our GAAP operating profit since our customer purchasing behavior can vary.\nBrian T. Olsavsky: And on Prime penetration, of course, we haven't released Prime subscription levels. We have talked about growth certainly globally and in North America. What I can tell you there is we still think there's a lot of room in Prime. We've tailored programs to students. We've tailored video programs. We've rolled out monthly plans. We have plans with grocery delivery. So there's a lot of different flavors of Prime and we are aggressively looking for a perfect Prime for everybody. We know that, again, when customers try Prime, they like it. So it's really just about getting them to try Prime and continuing to deliver great Prime benefits and great low prices and selection.", "quarter": 2}}