{"id": 18439, "annotations": [{"id": 18542, "completed_by": 2, "result": [{"type": "labels", "value": {"end": 9, "text": "Operator", "start": 0, "labels": ["OPERATOR"]}, "origin": "manual", "to_name": "text", "from_name": "label-intro"}, {"type": "labels", "value": {"end": 104, "text": ": Thank you. Our next question comes from Colin Sebastian with Robert W. Baird. Please proceed.", "start": 10, "labels": ["INTRO"]}, "origin": "manual", "to_name": "text", "from_name": "label-intro"}, {"type": "labels", "value": {"end": 120, "text": "Colin Sebastian", "start": 104, "labels": ["ANALYST"]}, "origin": "manual", "to_name": "text", "from_name": "label-intro"}, {"type": "labels", "value": {"end": 757, "text": ": Great. Thanks. I guess first up curious just a follow-up on the ASP comments if those were \u2013 if that shift within the same categories or just lower ASPs imply diversification into new categories. But my main question is just looking ahead of the holiday period given some of the moving parts and 3PL and shipping ecosystem and then of course with the transition to one-day, are you confident that there is enough capacity from your own first-party logistics as well as third-party partners to meet that seasonal demand and should we now expect a faster ramp in Amazon Air as the means to move cargo between fulfillment centers? Thanks.", "start": 121, "labels": ["QUESTION"]}, "origin": "manual", "to_name": "text", "from_name": "label-intro"}, {"type": "labels", "value": {"end": 772, "text": "Brian Olsavsky", "start": 757, "labels": ["REPRESENTATIVE"]}, "origin": "manual", "to_name": "text", "from_name": "label-intro"}, {"type": "labels", "value": {"end": 2306, "text": ": Yes. So, I would say the first time we started discussing the rollout of one-day our first thoughts went to Q4 this year and our capability for holiday and as much as Q2 and Q3. So we are confident that we will have the ability to handle seasonal demand. We are working very hard to expand our one-day capacity, add carriers, add delivery partners at our own AMZL capability and have our partners expand their capabilities as well. So we're feeling good about Q4. It's a little early to discuss that now, but we certainly had a really good test on Prime Day. It was the two biggest days we've ever had. A lot of good work went into Prime Day, a lot of benefit for customers, a lot of benefit for our selling partners, the small business merchants as well. So it was a good test for us. And, sorry, your question on low ASP, I think we're still figuring that out a bit. I mean they -- what I'm reacting to is the high unit growth relative to good growth in revenue, but unit growth grew faster. I'm always a little vary to put too much into the unit growth number. As I've talked in other quarters, it's a number that's excludes AWS subscription services, advertising and Whole Foods, which are some of the fastest growing areas and we also have \u2013 are actively selling subscription services like Kindle Unlimited and Amazon Music Unlimited, which can cannibalize unit sales. So there's a lot of moving parts, usually our headwinds to our unit growth number, but again happy with the 800 basis point quarter-over-quarter jump in that.", "start": 773, "labels": ["ANSWER"]}, "origin": "manual", "to_name": "text", "from_name": "label-intro"}], "was_cancelled": false, "ground_truth": true, "created_at": "2022-02-04T10:25:34.068025Z", "updated_at": "2022-02-04T10:25:34.068030Z", "lead_time": null, "prediction": {}, "result_count": 0, "task": 18439, "parent_prediction": null, "parent_annotation": null}], "data": {"year": 2019, "company": "AMZN", "my_text": "\nOperator: Thank you. Our next question comes from Colin Sebastian with Robert W. Baird. Please proceed.\nColin Sebastian: Great. Thanks. I guess first up curious just a follow-up on the ASP comments if those were \u2013 if that shift within the same categories or just lower ASPs imply diversification into new categories. But my main question is just looking ahead of the holiday period given some of the moving parts and 3PL and shipping ecosystem and then of course with the transition to one-day, are you confident that there is enough capacity from your own first-party logistics as well as third-party partners to meet that seasonal demand and should we now expect a faster ramp in Amazon Air as the means to move cargo between fulfillment centers? Thanks.\nBrian Olsavsky: Yes. So, I would say the first time we started discussing the rollout of one-day our first thoughts went to Q4 this year and our capability for holiday and as much as Q2 and Q3. So we are confident that we will have the ability to handle seasonal demand. We are working very hard to expand our one-day capacity, add carriers, add delivery partners at our own AMZL capability and have our partners expand their capabilities as well. So we're feeling good about Q4. It's a little early to discuss that now, but we certainly had a really good test on Prime Day. It was the two biggest days we've ever had. A lot of good work went into Prime Day, a lot of benefit for customers, a lot of benefit for our selling partners, the small business merchants as well. So it was a good test for us. And, sorry, your question on low ASP, I think we're still figuring that out a bit. I mean they -- what I'm reacting to is the high unit growth relative to good growth in revenue, but unit growth grew faster. I'm always a little vary to put too much into the unit growth number. As I've talked in other quarters, it's a number that's excludes AWS subscription services, advertising and Whole Foods, which are some of the fastest growing areas and we also have \u2013 are actively selling subscription services like Kindle Unlimited and Amazon Music Unlimited, which can cannibalize unit sales. So there's a lot of moving parts, usually our headwinds to our unit growth number, but again happy with the 800 basis point quarter-over-quarter jump in that.", "quarter": 2}}