{"id": 17407, "annotations": [{"id": 17510, "completed_by": 2, "result": [{"type": "labels", "value": {"end": 9, "text": "Operator", "start": 0, "labels": ["OPERATOR"]}, "origin": "manual", "to_name": "text", "from_name": "label-intro"}, {"type": "labels", "value": {"end": 129, "text": ": Thank you. Our next question comes from the line of Heath Terry with Goldman Sachs. Please proceed with your question.", "start": 10, "labels": ["INTRO"]}, "origin": "manual", "to_name": "text", "from_name": "label-intro"}, {"type": "labels", "value": {"end": 141, "text": "Heath Terry", "start": 129, "labels": ["ANALYST"]}, "origin": "manual", "to_name": "text", "from_name": "label-intro"}, {"type": "labels", "value": {"end": 709, "text": ": Great. I was just wondering, there have obviously been some headlines since the call that you did earlier with the press on the scale of this investment cycle relative to other investment cycles that you've been through. With the 2014 cycle sort of being the most recent, could you quantify a little bit more how you would compare this investment cycle to that most recent one? And to the extent that we are in the midst of this investment cycle, would you say we're in sort of the earlier or later stages? Any sort of clarity around that would be useful. Thank you.", "start": 142, "labels": ["QUESTION"]}, "origin": "manual", "to_name": "text", "from_name": "label-intro"}, {"type": "labels", "value": {"end": 727, "text": "Brian T. Olsavsky", "start": 709, "labels": ["REPRESENTATIVE"]}, "origin": "manual", "to_name": "text", "from_name": "label-intro"}, {"type": "labels", "value": {"end": 1675, "text": ": Sure. Yes. The word cycle, if I mentioned that, was a omission. It was a mis-speak. The investment that we are seeing is a step-up versus what we have experienced in particularly the first half of this year and the last half, the second half of last year which I mentioned. But we have said investments are going to be lumpy. They are going to be high sometimes and they'll be moderated at other times. We are right now, the second half of this year looks like a big step-up compared to the first half and it is. But again, it's all areas that we will continue to invest in, some of which I just actually went through the laundry list. So I would not characterize it as a cycle. I would characterize it as continued investments. We make investments with the idea that they are going to pay off and they pay off in either directly in the business they're in or in their contribution to the total business many times as a part of the Prime program.", "start": 728, "labels": ["ANSWER"]}, "origin": "manual", "to_name": "text", "from_name": "label-intro"}], "was_cancelled": false, "ground_truth": true, "created_at": "2022-02-04T10:03:51.611508Z", "updated_at": "2022-02-04T10:03:51.611513Z", "lead_time": null, "prediction": {}, "result_count": 0, "task": 17407, "parent_prediction": null, "parent_annotation": null}], "data": {"year": 2016, "company": "AMZN", "my_text": "\nOperator: Thank you. Our next question comes from the line of Heath Terry with Goldman Sachs. Please proceed with your question.\nHeath Terry: Great. I was just wondering, there have obviously been some headlines since the call that you did earlier with the press on the scale of this investment cycle relative to other investment cycles that you've been through. With the 2014 cycle sort of being the most recent, could you quantify a little bit more how you would compare this investment cycle to that most recent one? And to the extent that we are in the midst of this investment cycle, would you say we're in sort of the earlier or later stages? Any sort of clarity around that would be useful. Thank you.\nBrian T. Olsavsky: Sure. Yes. The word cycle, if I mentioned that, was a omission. It was a mis-speak. The investment that we are seeing is a step-up versus what we have experienced in particularly the first half of this year and the last half, the second half of last year which I mentioned. But we have said investments are going to be lumpy. They are going to be high sometimes and they'll be moderated at other times. We are right now, the second half of this year looks like a big step-up compared to the first half and it is. But again, it's all areas that we will continue to invest in, some of which I just actually went through the laundry list. So I would not characterize it as a cycle. I would characterize it as continued investments. We make investments with the idea that they are going to pay off and they pay off in either directly in the business they're in or in their contribution to the total business many times as a part of the Prime program.", "quarter": 3}}