{"id": 17369, "annotations": [{"id": 17472, "completed_by": 2, "result": [{"type": "labels", "value": {"end": 9, "text": "Operator", "start": 0, "labels": ["OPERATOR"]}, "origin": "manual", "to_name": "text", "from_name": "label-intro"}, {"type": "labels", "value": {"end": 93, "text": ": Our next question comes from Douglas Anmuth, JPMorgan. Please state your question.", "start": 10, "labels": ["INTRO"]}, "origin": "manual", "to_name": "text", "from_name": "label-intro"}, {"type": "labels", "value": {"end": 111, "text": "Douglas T. Anmuth", "start": 93, "labels": ["ANALYST"]}, "origin": "manual", "to_name": "text", "from_name": "label-intro"}, {"type": "labels", "value": {"end": 942, "text": ": Thanks for taking the question. Just wanted to ask you about unit growth overall and if we look back over the last three quarters, you've accelerated it now to a materially higher level than what we saw in 2014 and the first half of 2015, and I realize in 3Q last year you had Prime Day. But I just was hoping you could comment on the overall acceleration we've seen here and key drivers behind that? And if there's something different perhaps than what you talked about on international? And then just also on AWS and can you just talk about the underlying drivers here of margins and thinking about that a little bit going forward primary sources of leverage? And as you open up six new regions in coming months, should we expect this to be constant build-out or something that's more lumpy over time and more in waves? Thanks.", "start": 112, "labels": ["QUESTION"]}, "origin": "manual", "to_name": "text", "from_name": "label-intro"}, {"type": "labels", "value": {"end": 954, "text": "Phil Hardin", "start": 942, "labels": ["REPRESENTATIVE"]}, "origin": "manual", "to_name": "text", "from_name": "label-intro"}, {"type": "labels", "value": {"end": 1851, "text": ": This is Phil Hardin. I'll take the units question. So really the units are driven by very similar trends to what Brian described. I think when we look at the bridges for revenue, and obviously units are a key driver of revenue, things like Prime are key in that bridge. I would also call out selection growth, that's been a big area of focus for us. And one important way we drive selection is through FBA, and so we continue to be very pleased with the progress we're making in FBA. What that means for our Prime customers is there's more for them to choose from, obviously that gives them more they can purchase, it makes Prime more valuable. For sellers, it means they sell more. And so I would say that FBA is helping drive some of the selection growth we're seeing here, so selection growth and Prime though are two very key drivers of our growth. On the second part, I think that, Brian...", "start": 955, "labels": ["ANSWER"]}, "origin": "manual", "to_name": "text", "from_name": "label-intro"}, {"type": "labels", "value": {"end": 1869, "text": "Brian T. Olsavsky", "start": 1851, "labels": ["REPRESENTATIVE"]}, "origin": "manual", "to_name": "text", "from_name": "label-intro"}, {"type": "labels", "value": {"end": 3026, "text": ": Yeah, one other comment I didn't say earlier, I do want to point out that because of the leap year there's an extra day in Q1. Every company would have seen this obviously, but we estimated it was worth about 150 basis points to our growth rate revenue. That would be consistent with North America and international. Your other comment was on \u2013 or question was on AWS and a bit about margins and margin outlook. We're very pleased with the quarter, we came in at 23.5% operating margin on a \u2013 the new basis including stock-based compensation and other. We're very pleased. But stepping back with the 64% growth in AWS which is now a $10 billion business, but on the margin side, I would caution you that we're pleased but it is very early to start drawing too many conclusions on the long-term margins in this business, they'll be bumpy over time. At any point in time they're going to reflect the balance of investing including global expansion that he's talked about, price reductions we may offer, and also driving cost efficiency, which for us is a very important driver in not only this business but also the North America and international segments.", "start": 1870, "labels": ["ANSWER"]}, "origin": "manual", "to_name": "text", "from_name": "label-intro"}], "was_cancelled": false, "ground_truth": true, "created_at": "2022-02-04T10:03:51.608648Z", "updated_at": "2022-02-04T10:03:51.608653Z", "lead_time": null, "prediction": {}, "result_count": 0, "task": 17369, "parent_prediction": null, "parent_annotation": null}], "data": {"year": 2016, "company": "AMZN", "my_text": "\nOperator: Our next question comes from Douglas Anmuth, JPMorgan. Please state your question.\nDouglas T. Anmuth: Thanks for taking the question. Just wanted to ask you about unit growth overall and if we look back over the last three quarters, you've accelerated it now to a materially higher level than what we saw in 2014 and the first half of 2015, and I realize in 3Q last year you had Prime Day. But I just was hoping you could comment on the overall acceleration we've seen here and key drivers behind that? And if there's something different perhaps than what you talked about on international? And then just also on AWS and can you just talk about the underlying drivers here of margins and thinking about that a little bit going forward primary sources of leverage? And as you open up six new regions in coming months, should we expect this to be constant build-out or something that's more lumpy over time and more in waves? Thanks.\nPhil Hardin: This is Phil Hardin. I'll take the units question. So really the units are driven by very similar trends to what Brian described. I think when we look at the bridges for revenue, and obviously units are a key driver of revenue, things like Prime are key in that bridge. I would also call out selection growth, that's been a big area of focus for us. And one important way we drive selection is through FBA, and so we continue to be very pleased with the progress we're making in FBA. What that means for our Prime customers is there's more for them to choose from, obviously that gives them more they can purchase, it makes Prime more valuable. For sellers, it means they sell more. And so I would say that FBA is helping drive some of the selection growth we're seeing here, so selection growth and Prime though are two very key drivers of our growth. On the second part, I think that, Brian...\nBrian T. Olsavsky: Yeah, one other comment I didn't say earlier, I do want to point out that because of the leap year there's an extra day in Q1. Every company would have seen this obviously, but we estimated it was worth about 150 basis points to our growth rate revenue. That would be consistent with North America and international. Your other comment was on \u2013 or question was on AWS and a bit about margins and margin outlook. We're very pleased with the quarter, we came in at 23.5% operating margin on a \u2013 the new basis including stock-based compensation and other. We're very pleased. But stepping back with the 64% growth in AWS which is now a $10 billion business, but on the margin side, I would caution you that we're pleased but it is very early to start drawing too many conclusions on the long-term margins in this business, they'll be bumpy over time. At any point in time they're going to reflect the balance of investing including global expansion that he's talked about, price reductions we may offer, and also driving cost efficiency, which for us is a very important driver in not only this business but also the North America and international segments.", "quarter": 1}}