{"id": 17319, "annotations": [{"id": 17422, "completed_by": 2, "result": [{"type": "labels", "value": {"end": 9, "text": "Operator", "start": 0, "labels": ["OPERATOR"]}, "origin": "manual", "to_name": "text", "from_name": "label-intro"}, {"type": "labels", "value": {"end": 72, "text": ": Our next question comes from Brian Nowak with Morgan Stanley.", "start": 10, "labels": ["INTRO"]}, "origin": "manual", "to_name": "text", "from_name": "label-intro"}, {"type": "labels", "value": {"end": 84, "text": "Brian Nowak", "start": 72, "labels": ["ANALYST"]}, "origin": "manual", "to_name": "text", "from_name": "label-intro"}, {"type": "labels", "value": {"end": 611, "text": ": Great. Thanks for taking my questions. I have two. The first one on the North America retail profitability was up nicely. Can you just talk to some of the drivers of that? Is it more top-line and more Prime subs coming on or is it more on the logistics side and what's driving the North America improving profitability? And then on the International profitability, is there any way you can help us understand the profitability of the more mature International markets like U.K. and Germany relative to the U.S. at this point?", "start": 85, "labels": ["QUESTION"]}, "origin": "manual", "to_name": "text", "from_name": "label-intro"}, {"type": "labels", "value": {"end": 629, "text": "Brian T. Olsavsky", "start": 611, "labels": ["REPRESENTATIVE"]}, "origin": "manual", "to_name": "text", "from_name": "label-intro"}, {"type": "labels", "value": {"end": 1517, "text": ": Sure. So let me start with North America. 5.1% operating margin was up from 3.9% in Q1 and 3% last Q2. You hit a nail on the head. A lot of it is the top-line growth, but it's also a lot of the efficiency we're seeing, particularly on the fulfillment and marketing lines, which for the whole company were flat year-over-year on a percent of revenue basis. So we are getting very good top-line growth. A lot of that is fueled by Prime adoption and we are dropping a lot of it to the bottom line with many of the efficiency projects. In International we have not split countries out. What I can say is that if you adjust for foreign exchange the operating margin is up slightly both sequentially and year-over-year. What you're seeing there is also obviously colored by our investment our increased investment in India based on the momentum and the success we've been seeing there so far.", "start": 630, "labels": ["ANSWER"]}, "origin": "manual", "to_name": "text", "from_name": "label-intro"}, {"type": "labels", "value": {"end": 1529, "text": "Brian Nowak", "start": 1517, "labels": ["ANALYST"]}, "origin": "manual", "to_name": "text", "from_name": "label-intro"}, {"type": "labels", "value": {"end": 1551, "text": ": Okay. Great. Thanks.", "start": 1530, "labels": ["QUESTION"]}, "origin": "manual", "to_name": "text", "from_name": "label-intro"}], "was_cancelled": false, "ground_truth": true, "created_at": "2022-02-04T10:03:51.604973Z", "updated_at": "2022-02-04T10:03:51.604978Z", "lead_time": null, "prediction": {}, "result_count": 0, "task": 17319, "parent_prediction": null, "parent_annotation": null}], "data": {"year": 2015, "company": "AMZN", "my_text": "\nOperator: Our next question comes from Brian Nowak with Morgan Stanley.\nBrian Nowak: Great. Thanks for taking my questions. I have two. The first one on the North America retail profitability was up nicely. Can you just talk to some of the drivers of that? Is it more top-line and more Prime subs coming on or is it more on the logistics side and what's driving the North America improving profitability? And then on the International profitability, is there any way you can help us understand the profitability of the more mature International markets like U.K. and Germany relative to the U.S. at this point?\nBrian T. Olsavsky: Sure. So let me start with North America. 5.1% operating margin was up from 3.9% in Q1 and 3% last Q2. You hit a nail on the head. A lot of it is the top-line growth, but it's also a lot of the efficiency we're seeing, particularly on the fulfillment and marketing lines, which for the whole company were flat year-over-year on a percent of revenue basis. So we are getting very good top-line growth. A lot of that is fueled by Prime adoption and we are dropping a lot of it to the bottom line with many of the efficiency projects. In International we have not split countries out. What I can say is that if you adjust for foreign exchange the operating margin is up slightly both sequentially and year-over-year. What you're seeing there is also obviously colored by our investment our increased investment in India based on the momentum and the success we've been seeing there so far.\nBrian Nowak: Okay. Great. Thanks.", "quarter": 2}}