{"id": 17385, "annotations": [{"id": 17488, "completed_by": 2, "result": [{"type": "labels", "value": {"end": 9, "text": "Operator", "start": 0, "labels": ["OPERATOR"]}, "origin": "manual", "to_name": "text", "from_name": "label-intro"}, {"type": "labels", "value": {"end": 97, "text": ": Our next question comes from Douglas Anmuth from JPMorgan. Please state your question.", "start": 10, "labels": ["INTRO"]}, "origin": "manual", "to_name": "text", "from_name": "label-intro"}, {"type": "labels", "value": {"end": 115, "text": "Douglas T. Anmuth", "start": 97, "labels": ["ANALYST"]}, "origin": "manual", "to_name": "text", "from_name": "label-intro"}, {"type": "labels", "value": {"end": 765, "text": ": Thanks for taking the questions. I just want to go back to Prime Day for a minute. I didn't hear any commentary around new Prime members in particular. Obviously a lot of other metrics that you gave but hoping you could provide a little bit more color around that. And then also, is there anything else that kind of stood out in terms of what you learned around operations and systems ahead of the holiday season? And then just going back to the 3Q guide, what's the right way for us to think about stock-based comp in the third quarter? And if we looked at your 2Q numbers, is that kind of a fair assumption for what you're thinking about? Thanks.", "start": 116, "labels": ["QUESTION"]}, "origin": "manual", "to_name": "text", "from_name": "label-intro"}, {"type": "labels", "value": {"end": 783, "text": "Brian T. Olsavsky", "start": 765, "labels": ["REPRESENTATIVE"]}, "origin": "manual", "to_name": "text", "from_name": "label-intro"}, {"type": "labels", "value": {"end": 1547, "text": ": Sure. Let me circle back on Prime Day. So again, it was the biggest global day ever for Amazon and was up 60% on a order product sales basis versus Prime Day 2015. It was a record day for Amazon devices. It was a great day for small businesses and sellers who saw great year-over improvement in their sales. And more importantly, it was a great day for customers. Globally they saved over double what they had saved in Prime Day 2015. So we're very pleased with the results of Prime Day, and the impact of Prime Day is factored into this guidance. As far as new customers and new Prime members, we're not disclosing that, but suffice to say that it was a great day for both existing Prime members and also new customers who were trying us out for the first time.", "start": 784, "labels": ["ANSWER"]}, "origin": "manual", "to_name": "text", "from_name": "label-intro"}, {"type": "labels", "value": {"end": 1560, "text": "Darin Manney", "start": 1547, "labels": ["REPRESENTATIVE"]}, "origin": "manual", "to_name": "text", "from_name": "label-intro"}, {"type": "labels", "value": {"end": 1916, "text": ": And on the stock-based compensation, you'll recall beginning in Q1 this year, we began allocating stock-based compensation and other operating expense to our North America, international and AWS segments. So we're including that in our guidance on operating income and have not separately guided to stock-based comp and other income expense this quarter.", "start": 1561, "labels": ["ANSWER"]}, "origin": "manual", "to_name": "text", "from_name": "label-intro"}], "was_cancelled": false, "ground_truth": true, "created_at": "2022-02-04T10:03:51.609918Z", "updated_at": "2022-02-04T10:03:51.609924Z", "lead_time": null, "prediction": {}, "result_count": 0, "task": 17385, "parent_prediction": null, "parent_annotation": null}], "data": {"year": 2016, "company": "AMZN", "my_text": "\nOperator: Our next question comes from Douglas Anmuth from JPMorgan. Please state your question.\nDouglas T. Anmuth: Thanks for taking the questions. I just want to go back to Prime Day for a minute. I didn't hear any commentary around new Prime members in particular. Obviously a lot of other metrics that you gave but hoping you could provide a little bit more color around that. And then also, is there anything else that kind of stood out in terms of what you learned around operations and systems ahead of the holiday season? And then just going back to the 3Q guide, what's the right way for us to think about stock-based comp in the third quarter? And if we looked at your 2Q numbers, is that kind of a fair assumption for what you're thinking about? Thanks.\nBrian T. Olsavsky: Sure. Let me circle back on Prime Day. So again, it was the biggest global day ever for Amazon and was up 60% on a order product sales basis versus Prime Day 2015. It was a record day for Amazon devices. It was a great day for small businesses and sellers who saw great year-over improvement in their sales. And more importantly, it was a great day for customers. Globally they saved over double what they had saved in Prime Day 2015. So we're very pleased with the results of Prime Day, and the impact of Prime Day is factored into this guidance. As far as new customers and new Prime members, we're not disclosing that, but suffice to say that it was a great day for both existing Prime members and also new customers who were trying us out for the first time.\nDarin Manney: And on the stock-based compensation, you'll recall beginning in Q1 this year, we began allocating stock-based compensation and other operating expense to our North America, international and AWS segments. So we're including that in our guidance on operating income and have not separately guided to stock-based comp and other income expense this quarter.", "quarter": 2}}