{"id": 17330, "annotations": [{"id": 17433, "completed_by": 2, "result": [{"type": "labels", "value": {"end": 9, "text": "Operator", "start": 0, "labels": ["OPERATOR"]}, "origin": "manual", "to_name": "text", "from_name": "label-intro"}, {"type": "labels", "value": {"end": 74, "text": ": Our next question comes from Kerry Rice with Needham & Company.", "start": 10, "labels": ["INTRO"]}, "origin": "manual", "to_name": "text", "from_name": "label-intro"}, {"type": "labels", "value": {"end": 85, "text": "Kerry Rice", "start": 74, "labels": ["ANALYST"]}, "origin": "manual", "to_name": "text", "from_name": "label-intro"}, {"type": "labels", "value": {"end": 583, "text": ": Thanks a lot. You've talked a lot about operational efficiencies. I know you guys have partnered with the post office and deliveries. Can you talk a little bit about how that is potentially benefiting and maybe the longer-term strategy with the post office? And then, you guys haven't necessarily broken this out, but I think you do generate a fair amount of revenue from advertising. I think that's in the other category. Is there anything that you can provide on advertising revenue? Thank you.", "start": 86, "labels": ["QUESTION"]}, "origin": "manual", "to_name": "text", "from_name": "label-intro"}, {"type": "labels", "value": {"end": 601, "text": "Brian T. Olsavsky", "start": 583, "labels": ["REPRESENTATIVE"]}, "origin": "manual", "to_name": "text", "from_name": "label-intro"}, {"type": "labels", "value": {"end": 1556, "text": ": Sure. So I'll start with the first part of that question. We definitely are delivering a lot of packages with the post office. I think most notably they did a lot of the Sunday delivery that you saw when we started launching Sunday delivery. So we try lots of things for fulfillment. We're constantly working to provide the best experience to customers and be as efficient as possible. And so we're happy with all the partners we have and continue to work with them to provide the best experience possible. For advertising, I would remind you that certain parts of the advertising roll up into other. Some actually roll up to EGM and media, as well. So it's a business we're really excited about. We're taking a customer centric approach as we build that to make sure we're providing engaging business, engaging adds to customers and making sure we keep the customer front of mind. And it's a business that the team is excited about and working hard on.", "start": 602, "labels": ["ANSWER"]}, "origin": "manual", "to_name": "text", "from_name": "label-intro"}, {"type": "labels", "value": {"end": 1567, "text": "Kerry Rice", "start": 1556, "labels": ["ANALYST"]}, "origin": "manual", "to_name": "text", "from_name": "label-intro"}, {"type": "labels", "value": {"end": 1579, "text": ": Thank you.", "start": 1568, "labels": ["QUESTION"]}, "origin": "manual", "to_name": "text", "from_name": "label-intro"}], "was_cancelled": false, "ground_truth": true, "created_at": "2022-02-04T10:03:51.605780Z", "updated_at": "2022-02-04T10:03:51.605785Z", "lead_time": null, "prediction": {}, "result_count": 0, "task": 17330, "parent_prediction": null, "parent_annotation": null}], "data": {"year": 2015, "company": "AMZN", "my_text": "\nOperator: Our next question comes from Kerry Rice with Needham & Company.\nKerry Rice: Thanks a lot. You've talked a lot about operational efficiencies. I know you guys have partnered with the post office and deliveries. Can you talk a little bit about how that is potentially benefiting and maybe the longer-term strategy with the post office? And then, you guys haven't necessarily broken this out, but I think you do generate a fair amount of revenue from advertising. I think that's in the other category. Is there anything that you can provide on advertising revenue? Thank you.\nBrian T. Olsavsky: Sure. So I'll start with the first part of that question. We definitely are delivering a lot of packages with the post office. I think most notably they did a lot of the Sunday delivery that you saw when we started launching Sunday delivery. So we try lots of things for fulfillment. We're constantly working to provide the best experience to customers and be as efficient as possible. And so we're happy with all the partners we have and continue to work with them to provide the best experience possible. For advertising, I would remind you that certain parts of the advertising roll up into other. Some actually roll up to EGM and media, as well. So it's a business we're really excited about. We're taking a customer centric approach as we build that to make sure we're providing engaging business, engaging adds to customers and making sure we keep the customer front of mind. And it's a business that the team is excited about and working hard on.\nKerry Rice: Thank you.", "quarter": 2}}