{"id": 18349, "annotations": [{"id": 18452, "completed_by": 2, "result": [{"type": "labels", "value": {"end": 9, "text": "Operator", "start": 0, "labels": ["OPERATOR"]}, "origin": "manual", "to_name": "text", "from_name": "label-intro"}, {"type": "labels", "value": {"end": 109, "text": ": Thank you. Our next question comes from Eric Sheridan with UBS. Please proceed with your question.", "start": 10, "labels": ["INTRO"]}, "origin": "manual", "to_name": "text", "from_name": "label-intro"}, {"type": "labels", "value": {"end": 126, "text": "Eric J. Sheridan", "start": 109, "labels": ["ANALYST"]}, "origin": "manual", "to_name": "text", "from_name": "label-intro"}, {"type": "labels", "value": {"end": 917, "text": ": Thanks for taking the question. Maybe I can take two away from the press release just to understand a little bit of the quarter-over-quarter cadence. On the retail subscription services, that saw a pretty big jump up in the growth rate year-on-year in Q1 versus Q4. I think that might be Prime memberships that come on to paid from trial. But just wanted to understand what maybe some of the driver was of that quarter-over-quarter in terms of the growth rate. And net shipping costs actually grew at the slowest rate by our count in a couple of years. It looks like you're starting to get some improvements there in terms of revenue over costs on the shipping line. Just wanted to know what that was in terms of what is driving that and can we expect that to possibly continue. Thank you.", "start": 127, "labels": ["QUESTION"]}, "origin": "manual", "to_name": "text", "from_name": "label-intro"}, {"type": "labels", "value": {"end": 935, "text": "Brian T. Olsavsky", "start": 917, "labels": ["REPRESENTATIVE"]}, "origin": "manual", "to_name": "text", "from_name": "label-intro"}, {"type": "labels", "value": {"end": 2300, "text": ": Sure. Let me start with the retail subscription services revenue. So there's multiple things in that category. The largest is Prime membership fees, but also other subscription services like audio books, eBooks, digital video, digital music, and other subscription services. So you're right, there was an acceleration, much like the comment I had on advertising and the other revenue category. The Prime membership growth rates for Q1 and Q4 last year are relatively consistent. So the volatility is in these other items. So I'm not quantifying the Prime membership or commenting on the growth rates, other than to say it's been very strong and Q4 strength has continued into Q1. Your comment on shipping costs, yeah, that is going to \u2013 it was lower unit volume as well, but generally, costs are going to be a combination of the tail \u2013 the headwinds are obviously going to be FBA growth and shipping more products ourselves and this expansion of our Prime program and the demand for products from our Prime customers. And the demand has been great. Again, there's over 50 million items that people can get delivered to their doorstep within two days or, in some cases, next day or same day. So it's going to be a big part of our cost structure but it's an investment we work hard to reduce as far as rates, and we're glad to spend it to support our Prime program.", "start": 936, "labels": ["ANSWER"]}, "origin": "manual", "to_name": "text", "from_name": "label-intro"}], "was_cancelled": false, "ground_truth": true, "created_at": "2022-02-04T10:25:34.061365Z", "updated_at": "2022-02-04T10:25:34.061370Z", "lead_time": null, "prediction": {}, "result_count": 0, "task": 18349, "parent_prediction": null, "parent_annotation": null}], "data": {"year": 2017, "company": "AMZN", "my_text": "\nOperator: Thank you. Our next question comes from Eric Sheridan with UBS. Please proceed with your question.\nEric J. Sheridan: Thanks for taking the question. Maybe I can take two away from the press release just to understand a little bit of the quarter-over-quarter cadence. On the retail subscription services, that saw a pretty big jump up in the growth rate year-on-year in Q1 versus Q4. I think that might be Prime memberships that come on to paid from trial. But just wanted to understand what maybe some of the driver was of that quarter-over-quarter in terms of the growth rate. And net shipping costs actually grew at the slowest rate by our count in a couple of years. It looks like you're starting to get some improvements there in terms of revenue over costs on the shipping line. Just wanted to know what that was in terms of what is driving that and can we expect that to possibly continue. Thank you.\nBrian T. Olsavsky: Sure. Let me start with the retail subscription services revenue. So there's multiple things in that category. The largest is Prime membership fees, but also other subscription services like audio books, eBooks, digital video, digital music, and other subscription services. So you're right, there was an acceleration, much like the comment I had on advertising and the other revenue category. The Prime membership growth rates for Q1 and Q4 last year are relatively consistent. So the volatility is in these other items. So I'm not quantifying the Prime membership or commenting on the growth rates, other than to say it's been very strong and Q4 strength has continued into Q1. Your comment on shipping costs, yeah, that is going to \u2013 it was lower unit volume as well, but generally, costs are going to be a combination of the tail \u2013 the headwinds are obviously going to be FBA growth and shipping more products ourselves and this expansion of our Prime program and the demand for products from our Prime customers. And the demand has been great. Again, there's over 50 million items that people can get delivered to their doorstep within two days or, in some cases, next day or same day. So it's going to be a big part of our cost structure but it's an investment we work hard to reduce as far as rates, and we're glad to spend it to support our Prime program.", "quarter": 1}}