{"id": 18359, "annotations": [{"id": 18462, "completed_by": 2, "result": [{"type": "labels", "value": {"end": 9, "text": "Operator", "start": 0, "labels": ["OPERATOR"]}, "origin": "manual", "to_name": "text", "from_name": "label-intro"}, {"type": "labels", "value": {"end": 126, "text": ": Thank you. Our next question comes from line of Brian Fitzgerald with Jefferies. Please proceed with your question.", "start": 10, "labels": ["INTRO"]}, "origin": "manual", "to_name": "text", "from_name": "label-intro"}, {"type": "labels", "value": {"end": 146, "text": "Brian P. Fitzgerald", "start": 126, "labels": ["ANALYST"]}, "origin": "manual", "to_name": "text", "from_name": "label-intro"}, {"type": "labels", "value": {"end": 542, "text": ": Thanks, guys. You mentioned before just stand of new fulfillment centers, it takes a bit of time for them to ramp optimization. How should we think about that path optimization over a year or so? As you continue to scale operations and you bring data to bear and robotics and Kivas and AI machine learning, are you finding that kind of new fulfillment center optimization curve is accelerating?", "start": 147, "labels": ["QUESTION"]}, "origin": "manual", "to_name": "text", "from_name": "label-intro"}, {"type": "labels", "value": {"end": 555, "text": "Darin Manney", "start": 542, "labels": ["REPRESENTATIVE"]}, "origin": "manual", "to_name": "text", "from_name": "label-intro"}, {"type": "labels", "value": {"end": 1119, "text": ": Hi, Brian. This is Darin. Yes. We're getting more efficient every time we put new capacity into the network, whether that's through automation or just through the experience we've gained over the years. We still say it takes up to three years or three peaks to get to kind of network efficiency for a new particular facility, and that's about the same although the whole network gets sufficient over time. So there's a big mix going on, and we like the new innovation that we're bringing to the capabilities, but that ramp still stays about consistent as it was.", "start": 556, "labels": ["ANSWER"]}, "origin": "manual", "to_name": "text", "from_name": "label-intro"}], "was_cancelled": false, "ground_truth": true, "created_at": "2022-02-04T10:25:34.062191Z", "updated_at": "2022-02-04T10:25:34.062196Z", "lead_time": null, "prediction": {}, "result_count": 0, "task": 18359, "parent_prediction": null, "parent_annotation": null}], "data": {"year": 2017, "company": "AMZN", "my_text": "\nOperator: Thank you. Our next question comes from line of Brian Fitzgerald with Jefferies. Please proceed with your question.\nBrian P. Fitzgerald: Thanks, guys. You mentioned before just stand of new fulfillment centers, it takes a bit of time for them to ramp optimization. How should we think about that path optimization over a year or so? As you continue to scale operations and you bring data to bear and robotics and Kivas and AI machine learning, are you finding that kind of new fulfillment center optimization curve is accelerating?\nDarin Manney: Hi, Brian. This is Darin. Yes. We're getting more efficient every time we put new capacity into the network, whether that's through automation or just through the experience we've gained over the years. We still say it takes up to three years or three peaks to get to kind of network efficiency for a new particular facility, and that's about the same although the whole network gets sufficient over time. So there's a big mix going on, and we like the new innovation that we're bringing to the capabilities, but that ramp still stays about consistent as it was.", "quarter": 2}}