{"id": 18438, "annotations": [{"id": 18541, "completed_by": 2, "result": [{"type": "labels", "value": {"end": 9, "text": "Operator", "start": 0, "labels": ["OPERATOR"]}, "origin": "manual", "to_name": "text", "from_name": "label-intro"}, {"type": "labels", "value": {"end": 87, "text": ": Thank you. Our next question comes from Mark May with Citi. Pleased proceed.", "start": 10, "labels": ["INTRO"]}, "origin": "manual", "to_name": "text", "from_name": "label-intro"}, {"type": "labels", "value": {"end": 96, "text": "Mark May", "start": 87, "labels": ["ANALYST"]}, "origin": "manual", "to_name": "text", "from_name": "label-intro"}, {"type": "labels", "value": {"end": 1055, "text": ": Thanks for taking my question. I appreciate it. First I guess sort of an organizational question, but some of the feedback I've heard from the ecosystem is that it appears that the combination of the way Amazon's organized internally and just rapid growth in the ad business 1P, 3P that at times there are signs that kind of these teams internally are not always aligned and maybe that creates some issues. And just wonder first do you generally agree with this? And if so, what is the company doing to kind of better optimize these increasingly related functions that maybe in the past haven't always been organized internally that way? And then secondly in terms of subscription revenue where are we in terms of the benefit from the price increase announcement announced last year and rolled through to existing members throughout the last year and will this have any meaningful impacts in that lines growth say in Q3 of the back half of the year? Thanks.", "start": 97, "labels": ["QUESTION"]}, "origin": "manual", "to_name": "text", "from_name": "label-intro"}, {"type": "labels", "value": {"end": 1070, "text": "Brian Olsavsky", "start": 1055, "labels": ["REPRESENTATIVE"]}, "origin": "manual", "to_name": "text", "from_name": "label-intro"}, {"type": "labels", "value": {"end": 1240, "text": ": Sure. So, I assume your first question is about the coordination of advertiser with teams that are interacting with vendors and sellers, perhaps is that what you meant?", "start": 1071, "labels": ["ANSWER"]}, "origin": "manual", "to_name": "text", "from_name": "label-intro"}, {"type": "labels", "value": {"end": 1249, "text": "Mark May", "start": 1240, "labels": ["ANALYST"]}, "origin": "manual", "to_name": "text", "from_name": "label-intro"}, {"type": "labels", "value": {"end": 1264, "text": ": Exactly. Yes.", "start": 1250, "labels": ["QUESTION"]}, "origin": "manual", "to_name": "text", "from_name": "label-intro"}, {"type": "labels", "value": {"end": 1279, "text": "Brian Olsavsky", "start": 1264, "labels": ["REPRESENTATIVE"]}, "origin": "manual", "to_name": "text", "from_name": "label-intro"}, {"type": "labels", "value": {"end": 2892, "text": ": Okay. Yes, so, first, I'd say we're customer-focused first and primarily, but we need to have good coordination across our teams and we grow fast and we add new things. So, there's always learnings that we have that's why we say it's still day one here. But we're trying to minimize the negative impact on any vendor or seller out there. So, I can't comment on any certain -- on exactly what issues you might be talking about. We have teams dedicated to the seller experience and the vendor experience and we think they do a good job of selling the whole suite of products including advertising -- with the advertising teams at Amazon. But as you say they're separately run and they can meet at different points and sometimes at certain vendors perhaps that may get out of hand are get out of sync. But hopefully that is a temporary condition. On subscription revenue, yes, we -- you remember we raised the price of Prime in the U.S. last June from $99 to $119. So, the largest impact -- favorable impact from that at least from a subscription revenue standpoint would have happened in the subsequent four quarters, less in Q2, more in Q3 through Q2 of this year. So, yes, that will be a factor that we're comping for the next 12 months. Its offset by the growth in the Prime program itself and the expansion of Prime Benefits or the Prime program globally. You may see that -- may have seen we have launched Prime in United Arab Emirates this quarter. So, it's not something -- it's something we've certainly seen in the past with timing of price increases, but it's built into the Q3 guidance that I've given.", "start": 1280, "labels": ["ANSWER"]}, "origin": "manual", "to_name": "text", "from_name": "label-intro"}], "was_cancelled": false, "ground_truth": true, "created_at": "2022-02-04T10:25:34.067957Z", "updated_at": "2022-02-04T10:25:34.067962Z", "lead_time": null, "prediction": {}, "result_count": 0, "task": 18438, "parent_prediction": null, "parent_annotation": null}], "data": {"year": 2019, "company": "AMZN", "my_text": "\nOperator: Thank you. Our next question comes from Mark May with Citi. Pleased proceed.\nMark May: Thanks for taking my question. I appreciate it. First I guess sort of an organizational question, but some of the feedback I've heard from the ecosystem is that it appears that the combination of the way Amazon's organized internally and just rapid growth in the ad business 1P, 3P that at times there are signs that kind of these teams internally are not always aligned and maybe that creates some issues. And just wonder first do you generally agree with this? And if so, what is the company doing to kind of better optimize these increasingly related functions that maybe in the past haven't always been organized internally that way? And then secondly in terms of subscription revenue where are we in terms of the benefit from the price increase announcement announced last year and rolled through to existing members throughout the last year and will this have any meaningful impacts in that lines growth say in Q3 of the back half of the year? Thanks.\nBrian Olsavsky: Sure. So, I assume your first question is about the coordination of advertiser with teams that are interacting with vendors and sellers, perhaps is that what you meant?\nMark May: Exactly. Yes.\nBrian Olsavsky: Okay. Yes, so, first, I'd say we're customer-focused first and primarily, but we need to have good coordination across our teams and we grow fast and we add new things. So, there's always learnings that we have that's why we say it's still day one here. But we're trying to minimize the negative impact on any vendor or seller out there. So, I can't comment on any certain -- on exactly what issues you might be talking about. We have teams dedicated to the seller experience and the vendor experience and we think they do a good job of selling the whole suite of products including advertising -- with the advertising teams at Amazon. But as you say they're separately run and they can meet at different points and sometimes at certain vendors perhaps that may get out of hand are get out of sync. But hopefully that is a temporary condition. On subscription revenue, yes, we -- you remember we raised the price of Prime in the U.S. last June from $99 to $119. So, the largest impact -- favorable impact from that at least from a subscription revenue standpoint would have happened in the subsequent four quarters, less in Q2, more in Q3 through Q2 of this year. So, yes, that will be a factor that we're comping for the next 12 months. Its offset by the growth in the Prime program itself and the expansion of Prime Benefits or the Prime program globally. You may see that -- may have seen we have launched Prime in United Arab Emirates this quarter. So, it's not something -- it's something we've certainly seen in the past with timing of price increases, but it's built into the Q3 guidance that I've given.", "quarter": 2}}