{"id": 17328, "annotations": [{"id": 17431, "completed_by": 2, "result": [{"id": "6L1FRylBnI", "type": "labels", "value": {"end": 9, "text": "Operator", "start": 0, "labels": ["OPERATOR"]}, "origin": "manual", "to_name": "text", "from_name": "label-intro"}, {"id": "n8wgSowF7S", "type": "labels", "value": {"end": 80, "text": " Our next question is from Colin Sebastian with Baird Equity Research.", "start": 10, "labels": ["INTRO"]}, "origin": "manual", "to_name": "text", "from_name": "label-intro"}, {"id": "U_RMXlH6Ji", "type": "labels", "value": {"end": 99, "text": "Colin A. Sebastian", "start": 80, "labels": ["ANALYST"]}, "origin": "manual", "to_name": "text", "from_name": "label-intro"}, {"id": "B8z-QWdMj4", "type": "labels", "value": {"end": 746, "text": " Great. Thanks and congrats on the great quarter. In the Retail business obviously a lot of variables driving growth there, we're seeing higher Prime membership levels for one, but I wonder how much of that growth you can also break down by some other factors; for example, we're seeing a notable increase in selection across longer tail categories? And then secondly, in the press release, no mention of Fire Phone. I think almost every other product was mentioned. Can we just chalk that one up now to a learning experience and an example of where Amazon is showing some discipline around investments? Or how should we think about that? Thanks.", "start": 100, "labels": ["QUESTION"]}, "origin": "manual", "to_name": "text", "from_name": "label-intro"}, {"id": "8TErYpukPt", "type": "labels", "value": {"end": 764, "text": "Brian T. Olsavsky", "start": 746, "labels": ["REPRESENTATIVE"]}, "origin": "manual", "to_name": "text", "from_name": "label-intro"}, {"id": "x4tWFXbBCu", "type": "labels", "value": {"end": 1577, "text": " So I'll start with the Fire Phone question. We have a policy of not commenting on our roadmap, so can't give you anything there. We obviously do learn from everything we do and value the feedback we get from customers, but nothing to share at this point. In terms of growth, we continue to see selection as a strong driver of growth. Prime is obviously very important as well; we really haven't teased those apart. FBA becomes very important as well and we've talked about some of the tailwinds we see there, and sort of the linkage between marketplace and Prime that FBA provides. So all those things are going on. As you're seeing EGM strength across a lot of the categories there, there was no single category we're really calling out, but continue to see good selection growth and good Prime growth as well.", "start": 765, "labels": ["ANSWER"]}, "origin": "manual", "to_name": "text", "from_name": "label-intro"}, {"id": "veCFZIg1v2", "type": "labels", "value": {"end": 1596, "text": "Colin A. Sebastian", "start": 1577, "labels": ["ANALYST"]}, "origin": "manual", "to_name": "text", "from_name": "label-intro"}, {"id": "expFquiY3x", "type": "labels", "value": {"end": 1608, "text": " Thank you.", "start": 1597, "labels": ["QUESTION"]}, "origin": "manual", "to_name": "text", "from_name": "label-intro"}], "was_cancelled": false, "ground_truth": true, "created_at": "2022-02-04T10:03:51.605638Z", "updated_at": "2022-04-09T21:54:50.574255Z", "lead_time": 855.721, "prediction": {}, "result_count": 0, "task": 17328, "parent_prediction": null, "parent_annotation": null}], "data": {"year": 2015, "company": "AMZN", "my_text": "\nOperator: Our next question is from Colin Sebastian with Baird Equity Research.\nColin A. Sebastian: Great. Thanks and congrats on the great quarter. In the Retail business obviously a lot of variables driving growth there, we're seeing higher Prime membership levels for one, but I wonder how much of that growth you can also break down by some other factors; for example, we're seeing a notable increase in selection across longer tail categories? And then secondly, in the press release, no mention of Fire Phone. I think almost every other product was mentioned. Can we just chalk that one up now to a learning experience and an example of where Amazon is showing some discipline around investments? Or how should we think about that? Thanks.\nBrian T. Olsavsky: So I'll start with the Fire Phone question. We have a policy of not commenting on our roadmap, so can't give you anything there. We obviously do learn from everything we do and value the feedback we get from customers, but nothing to share at this point. In terms of growth, we continue to see selection as a strong driver of growth. Prime is obviously very important as well; we really haven't teased those apart. FBA becomes very important as well and we've talked about some of the tailwinds we see there, and sort of the linkage between marketplace and Prime that FBA provides. So all those things are going on. As you're seeing EGM strength across a lot of the categories there, there was no single category we're really calling out, but continue to see good selection growth and good Prime growth as well.\nColin A. Sebastian: Thank you.", "quarter": 2}}