{"id": 17377, "annotations": [{"id": 17480, "completed_by": 2, "result": [{"type": "labels", "value": {"end": 9, "text": "Operator", "start": 0, "labels": ["OPERATOR"]}, "origin": "manual", "to_name": "text", "from_name": "label-intro"}, {"type": "labels", "value": {"end": 109, "text": ": Our next question comes from Eric Sheridan of UBS Investment Research. Please state your question.", "start": 10, "labels": ["INTRO"]}, "origin": "manual", "to_name": "text", "from_name": "label-intro"}, {"type": "labels", "value": {"end": 126, "text": "Eric J. Sheridan", "start": 109, "labels": ["ANALYST"]}, "origin": "manual", "to_name": "text", "from_name": "label-intro"}, {"type": "labels", "value": {"end": 539, "text": ": Thanks for taking the question. Looking at the gross margin, impressive performance in Q1. There were a few headwinds it looked like in gross margin in Q4. Wanted to understand how we should think about the puts and takes in gross margin, it has evolved to be a much higher number over the last couple of years, what some of the puts and takes are going forward especially with respect to content costs? Thanks.", "start": 127, "labels": ["QUESTION"]}, "origin": "manual", "to_name": "text", "from_name": "label-intro"}, {"type": "labels", "value": {"end": 557, "text": "Brian T. Olsavsky", "start": 539, "labels": ["REPRESENTATIVE"]}, "origin": "manual", "to_name": "text", "from_name": "label-intro"}, {"type": "labels", "value": {"end": 1499, "text": ": Sure. So I don't have a forecast for you on content costs in isolation or really forward looks on anything besides the guidance I've given you. But, yes, it hits in the gross margin, content costs do show up there. I think the bigger issues that you should look at in gross margin, and again starting with the comment that we expanded by 300 basis points year-over-year, that is really driven by, first of all, the AWS growth and again, $10 billion business growing 64% is very \u2013 we're very pleased with that and that affects gross margin as well. The other bigger element though is the third-party contribution. Third-party units are now up to 48% of paid units and that's up 400 basis points year-over-year, so that continues to be a factor in gross margin. Again, we book that on a net basis. The third-party revenue, it's a positive factor in gross margin and can be a negative factor in fulfillment costs and some of the other metrics.", "start": 558, "labels": ["ANSWER"]}, "origin": "manual", "to_name": "text", "from_name": "label-intro"}, {"type": "labels", "value": {"end": 1511, "text": "Phil Hardin", "start": 1499, "labels": ["REPRESENTATIVE"]}, "origin": "manual", "to_name": "text", "from_name": "label-intro"}, {"type": "labels", "value": {"end": 1835, "text": ": This is Phil. Also just to jump in. The gross margin is not the primary metric we use to measure the business. We are much more focused on free cash flow dollars and operating profit dollars. So there are a whole lot of moving parts in gross margin, and Brian mentioned a lot of them. But it's not a primary metric for us.", "start": 1512, "labels": ["ANSWER"]}, "origin": "manual", "to_name": "text", "from_name": "label-intro"}], "was_cancelled": false, "ground_truth": true, "created_at": "2022-02-04T10:03:51.609264Z", "updated_at": "2022-02-04T10:03:51.609269Z", "lead_time": null, "prediction": {}, "result_count": 0, "task": 17377, "parent_prediction": null, "parent_annotation": null}], "data": {"year": 2016, "company": "AMZN", "my_text": "\nOperator: Our next question comes from Eric Sheridan of UBS Investment Research. Please state your question.\nEric J. Sheridan: Thanks for taking the question. Looking at the gross margin, impressive performance in Q1. There were a few headwinds it looked like in gross margin in Q4. Wanted to understand how we should think about the puts and takes in gross margin, it has evolved to be a much higher number over the last couple of years, what some of the puts and takes are going forward especially with respect to content costs? Thanks.\nBrian T. Olsavsky: Sure. So I don't have a forecast for you on content costs in isolation or really forward looks on anything besides the guidance I've given you. But, yes, it hits in the gross margin, content costs do show up there. I think the bigger issues that you should look at in gross margin, and again starting with the comment that we expanded by 300 basis points year-over-year, that is really driven by, first of all, the AWS growth and again, $10 billion business growing 64% is very \u2013 we're very pleased with that and that affects gross margin as well. The other bigger element though is the third-party contribution. Third-party units are now up to 48% of paid units and that's up 400 basis points year-over-year, so that continues to be a factor in gross margin. Again, we book that on a net basis. The third-party revenue, it's a positive factor in gross margin and can be a negative factor in fulfillment costs and some of the other metrics.\nPhil Hardin: This is Phil. Also just to jump in. The gross margin is not the primary metric we use to measure the business. We are much more focused on free cash flow dollars and operating profit dollars. So there are a whole lot of moving parts in gross margin, and Brian mentioned a lot of them. But it's not a primary metric for us.", "quarter": 1}}