{"id": 17386, "annotations": [{"id": 17489, "completed_by": 2, "result": [{"type": "labels", "value": {"end": 9, "text": "Operator", "start": 0, "labels": ["OPERATOR"]}, "origin": "manual", "to_name": "text", "from_name": "label-intro"}, {"type": "labels", "value": {"end": 72, "text": ": Our next question comes from Gene Munster from Piper Jaffray.", "start": 10, "labels": ["INTRO"]}, "origin": "manual", "to_name": "text", "from_name": "label-intro"}, {"type": "labels", "value": {"end": 85, "text": "Gene Munster", "start": 72, "labels": ["ANALYST"]}, "origin": "manual", "to_name": "text", "from_name": "label-intro"}, {"type": "labels", "value": {"end": 415, "text": ": Hey. Good afternoon. First, love the conference call format here. Get right to it. In terms of questions, the customer count, can you give us a little bit of guidance on that? And then also talk about the theme of automated consumption and separately, the importance of Prime Now and how you can kind of grow those SKUs. Thanks.", "start": 86, "labels": ["QUESTION"]}, "origin": "manual", "to_name": "text", "from_name": "label-intro"}, {"type": "labels", "value": {"end": 428, "text": "Darin Manney", "start": 415, "labels": ["REPRESENTATIVE"]}, "origin": "manual", "to_name": "text", "from_name": "label-intro"}, {"type": "labels", "value": {"end": 635, "text": ": Hi, Gene. This is Darin. I'll start with the customer accounts. As we noted again in our Q1 release, our active customer accounts exceeded 300 million. However, today we're not going to update that number.", "start": 429, "labels": ["ANSWER"]}, "origin": "manual", "to_name": "text", "from_name": "label-intro"}, {"type": "labels", "value": {"end": 653, "text": "Brian T. Olsavsky", "start": 635, "labels": ["REPRESENTATIVE"]}, "origin": "manual", "to_name": "text", "from_name": "label-intro"}, {"type": "labels", "value": {"end": 1689, "text": ": To your question on Prime Now, so I will point out Prime Now is now in more than 40 metro areas worldwide. In the past quarter we expanded further internationally to Germany, Spain and France, so it's a global program, again, offering free two-hour delivery on tens of thousands of items. We also have in the same vein of, I think what you called maybe automated consumption, the same day has expanded. Now we've added 11 metro areas, bringing the total to 27 metro areas that are qualified for same day. So, yeah, we think this is an important part of our Prime offering. We know customers love it. We're very happy with their order patterns from Prime Now, and very happy with it. Of course, we do always talk about \u2013 we always usually get asked about profitability and it is a very hard service to deliver and make money on, but we know customers love it and we're in a great position to do this because of our long-term approach, our drive of greater efficiencies and our proximity to the customer with our vast global FC network.", "start": 654, "labels": ["ANSWER"]}, "origin": "manual", "to_name": "text", "from_name": "label-intro"}], "was_cancelled": false, "ground_truth": true, "created_at": "2022-02-04T10:03:51.609995Z", "updated_at": "2022-02-04T10:03:51.610000Z", "lead_time": null, "prediction": {}, "result_count": 0, "task": 17386, "parent_prediction": null, "parent_annotation": null}], "data": {"year": 2016, "company": "AMZN", "my_text": "\nOperator: Our next question comes from Gene Munster from Piper Jaffray.\nGene Munster: Hey. Good afternoon. First, love the conference call format here. Get right to it. In terms of questions, the customer count, can you give us a little bit of guidance on that? And then also talk about the theme of automated consumption and separately, the importance of Prime Now and how you can kind of grow those SKUs. Thanks.\nDarin Manney: Hi, Gene. This is Darin. I'll start with the customer accounts. As we noted again in our Q1 release, our active customer accounts exceeded 300 million. However, today we're not going to update that number.\nBrian T. Olsavsky: To your question on Prime Now, so I will point out Prime Now is now in more than 40 metro areas worldwide. In the past quarter we expanded further internationally to Germany, Spain and France, so it's a global program, again, offering free two-hour delivery on tens of thousands of items. We also have in the same vein of, I think what you called maybe automated consumption, the same day has expanded. Now we've added 11 metro areas, bringing the total to 27 metro areas that are qualified for same day. So, yeah, we think this is an important part of our Prime offering. We know customers love it. We're very happy with their order patterns from Prime Now, and very happy with it. Of course, we do always talk about \u2013 we always usually get asked about profitability and it is a very hard service to deliver and make money on, but we know customers love it and we're in a great position to do this because of our long-term approach, our drive of greater efficiencies and our proximity to the customer with our vast global FC network.", "quarter": 2}}