{"id": 17315, "annotations": [{"id": 17418, "completed_by": 2, "result": [{"type": "labels", "value": {"end": 9, "text": "Operator", "start": 0, "labels": ["OPERATOR"]}, "origin": "manual", "to_name": "text", "from_name": "label-intro"}, {"type": "labels", "value": {"end": 106, "text": ": Certainly. Our first question comes from Mark May with Citi. Please proceed. Your line is live.", "start": 10, "labels": ["INTRO"]}, "origin": "manual", "to_name": "text", "from_name": "label-intro"}, {"type": "labels", "value": {"end": 115, "text": "Mark May", "start": 106, "labels": ["ANALYST"]}, "origin": "manual", "to_name": "text", "from_name": "label-intro"}, {"type": "labels", "value": {"end": 868, "text": ": Thanks for taking my questions. You clearly had a lot of things working well in the quarter, but maybe just focusing in on AWS, which seems to be quickly emerging as kid of your largest contributor to operating income. Can you maybe provide a little more color on what drove the acceleration and just the overall growth in the business? If you could talk a little bit about the addition of new customers versus average spend per customer and I think in the past you've talked about what unit growth was for AWS? And in the press release you talked about expanding AWS into some new International markets. Can you give us a feel for how much of AWS' business today is domestic and what kind of opportunity you have there to expand AWS outside the U.S.?", "start": 116, "labels": ["QUESTION"]}, "origin": "manual", "to_name": "text", "from_name": "label-intro"}, {"type": "labels", "value": {"end": 886, "text": "Brian T. Olsavsky", "start": 868, "labels": ["REPRESENTATIVE"]}, "origin": "manual", "to_name": "text", "from_name": "label-intro"}, {"type": "labels", "value": {"end": 1608, "text": ": Yes, Mark. Thanks for your question. We will not be providing the granular customer detail unfortunately but we will say the growth of 81% was up 49% in Q1. You remember that we are lapping a number of large price decreases in Q2 of last year, so it was somewhat expected but a very strong quarter in AWS. We did announce a region in India. The other thing to mention is that we continue to see very strong usage of growth that's outpacing the revenue growth of 81% obviously. And so, we're really excited about it. From a distribution of customers, it is a global business. We have regions spread throughout the world; we have 11 regions at this point and have announced plans to launch a region in India in the future.", "start": 887, "labels": ["ANSWER"]}, "origin": "manual", "to_name": "text", "from_name": "label-intro"}], "was_cancelled": false, "ground_truth": true, "created_at": "2022-02-04T10:03:51.604659Z", "updated_at": "2022-02-04T10:03:51.604665Z", "lead_time": null, "prediction": {}, "result_count": 0, "task": 17315, "parent_prediction": null, "parent_annotation": null}], "data": {"year": 2015, "company": "AMZN", "my_text": "\nOperator: Certainly. Our first question comes from Mark May with Citi. Please proceed. Your line is live.\nMark May: Thanks for taking my questions. You clearly had a lot of things working well in the quarter, but maybe just focusing in on AWS, which seems to be quickly emerging as kid of your largest contributor to operating income. Can you maybe provide a little more color on what drove the acceleration and just the overall growth in the business? If you could talk a little bit about the addition of new customers versus average spend per customer and I think in the past you've talked about what unit growth was for AWS? And in the press release you talked about expanding AWS into some new International markets. Can you give us a feel for how much of AWS' business today is domestic and what kind of opportunity you have there to expand AWS outside the U.S.?\nBrian T. Olsavsky: Yes, Mark. Thanks for your question. We will not be providing the granular customer detail unfortunately but we will say the growth of 81% was up 49% in Q1. You remember that we are lapping a number of large price decreases in Q2 of last year, so it was somewhat expected but a very strong quarter in AWS. We did announce a region in India. The other thing to mention is that we continue to see very strong usage of growth that's outpacing the revenue growth of 81% obviously. And so, we're really excited about it. From a distribution of customers, it is a global business. We have regions spread throughout the world; we have 11 regions at this point and have announced plans to launch a region in India in the future.", "quarter": 2}}