{"id": 17311, "annotations": [{"id": 17414, "completed_by": 2, "result": [{"type": "labels", "value": {"end": 9, "text": "Operator", "start": 0, "labels": ["OPERATOR"]}, "origin": "manual", "to_name": "text", "from_name": "label-intro"}, {"type": "labels", "value": {"end": 72, "text": ": Our next question comes from Gene Munster with Piper Jaffray.", "start": 10, "labels": ["INTRO"]}, "origin": "manual", "to_name": "text", "from_name": "label-intro"}, {"type": "labels", "value": {"end": 85, "text": "Gene Munster", "start": 72, "labels": ["ANALYST"]}, "origin": "manual", "to_name": "text", "from_name": "label-intro"}, {"type": "labels", "value": {"end": 516, "text": ": Good afternoon. Could you talk little bit about the focus on the same day and same hour and specifically about the incremental investments and just some context to how big of those investments are and separately is what the strategic advantages, there is something ultimately obviously to improve the experience. But do you see in any of your data that this opens you up to be more competitive with traditional retailers? Thanks.", "start": 86, "labels": ["QUESTION"]}, "origin": "manual", "to_name": "text", "from_name": "label-intro"}, {"type": "labels", "value": {"end": 528, "text": "Tom Szkutak", "start": 516, "labels": ["REPRESENTATIVE"]}, "origin": "manual", "to_name": "text", "from_name": "label-intro"}, {"type": "labels", "value": {"end": 1215, "text": ": Yes, I'll take that one. We certainly as I said earlier, we see this as a natural extension of our existing infrastructure investments we've \u2013 the 109 fulfillment centers, again very close to customers. It allows us and locks for a same day and next-day deliveries. And to its extreme one hour and two hour deliveries as you've seen with Prime now. So we're not forecasting or giving much more on that, but we definitely see it as a valuable customer\u2019s proposition, customers and braced it. Again, smaller number of azans [ph] ten to thousands of azans are available for one, two hour delivery and generally in the category, essential products that you would need in short time period.", "start": 529, "labels": ["ANSWER"]}, "origin": "manual", "to_name": "text", "from_name": "label-intro"}, {"type": "labels", "value": {"end": 1230, "text": "Brian Olsavsky", "start": 1215, "labels": ["REPRESENTATIVE"]}, "origin": "manual", "to_name": "text", "from_name": "label-intro"}, {"type": "labels", "value": {"end": 1472, "text": ": And one thing I would add to that as Brian mentioned, earlier as well, we are in seven cities today and there would be more to come. We haven\u2019t said how many, but you should be definitely expecting more to come and we're excited to do that.", "start": 1231, "labels": ["ANSWER"]}, "origin": "manual", "to_name": "text", "from_name": "label-intro"}], "was_cancelled": false, "ground_truth": true, "created_at": "2022-02-04T10:03:51.604347Z", "updated_at": "2022-02-04T10:03:51.604352Z", "lead_time": null, "prediction": {}, "result_count": 0, "task": 17311, "parent_prediction": null, "parent_annotation": null}], "data": {"year": 2015, "company": "AMZN", "my_text": "\nOperator: Our next question comes from Gene Munster with Piper Jaffray.\nGene Munster: Good afternoon. Could you talk little bit about the focus on the same day and same hour and specifically about the incremental investments and just some context to how big of those investments are and separately is what the strategic advantages, there is something ultimately obviously to improve the experience. But do you see in any of your data that this opens you up to be more competitive with traditional retailers? Thanks.\nTom Szkutak: Yes, I'll take that one. We certainly as I said earlier, we see this as a natural extension of our existing infrastructure investments we've \u2013 the 109 fulfillment centers, again very close to customers. It allows us and locks for a same day and next-day deliveries. And to its extreme one hour and two hour deliveries as you've seen with Prime now. So we're not forecasting or giving much more on that, but we definitely see it as a valuable customer\u2019s proposition, customers and braced it. Again, smaller number of azans [ph] ten to thousands of azans are available for one, two hour delivery and generally in the category, essential products that you would need in short time period.\nBrian Olsavsky: And one thing I would add to that as Brian mentioned, earlier as well, we are in seven cities today and there would be more to come. We haven\u2019t said how many, but you should be definitely expecting more to come and we're excited to do that.", "quarter": 1}}