{"id": 17335, "annotations": [{"id": 17438, "completed_by": 2, "result": [{"type": "labels", "value": {"end": 9, "text": "Operator", "start": 0, "labels": ["OPERATOR"]}, "origin": "manual", "to_name": "text", "from_name": "label-intro"}, {"type": "labels", "value": {"end": 83, "text": ": Our next question comes from Eric Sheridan with UBS Investment Research.", "start": 10, "labels": ["INTRO"]}, "origin": "manual", "to_name": "text", "from_name": "label-intro"}, {"type": "labels", "value": {"end": 100, "text": "Eric J. Sheridan", "start": 83, "labels": ["ANALYST"]}, "origin": "manual", "to_name": "text", "from_name": "label-intro"}, {"type": "labels", "value": {"end": 465, "text": ": Thanks for taking the question. Can you call out in terms of the 3P business what you're seeing in terms of third party sellers maybe needing to make more and more of their goods Prime eligible? What the economics of that might be in terms of creating a tailwind for the business, and how we should think about that evolving over the next couple of years. Thanks.", "start": 101, "labels": ["QUESTION"]}, "origin": "manual", "to_name": "text", "from_name": "label-intro"}, {"type": "labels", "value": {"end": 483, "text": "Brian T. Olsavsky", "start": 465, "labels": ["REPRESENTATIVE"]}, "origin": "manual", "to_name": "text", "from_name": "label-intro"}, {"type": "labels", "value": {"end": 1005, "text": ": Sure, Eric. What I can tell you is the 3P percent of revenue continues to grow, we are now up to 46% of paid units, which is up 400 basis points year-over-year, and 100 basis points sequentially of Q2. We feel that Prime and FBA are \u2013 reinforce each other. They're inextricably linked. FBA as Prime selection and Prime growth attracts more FBA sellers. So, we have seen growth in FBA, it increases our Prime fast track eligible selection which we like and customers like. So, we like what we see on the third party side.", "start": 484, "labels": ["ANSWER"]}, "origin": "manual", "to_name": "text", "from_name": "label-intro"}], "was_cancelled": false, "ground_truth": true, "created_at": "2022-02-04T10:03:51.606149Z", "updated_at": "2022-02-04T10:03:51.606154Z", "lead_time": null, "prediction": {}, "result_count": 0, "task": 17335, "parent_prediction": null, "parent_annotation": null}], "data": {"year": 2015, "company": "AMZN", "my_text": "\nOperator: Our next question comes from Eric Sheridan with UBS Investment Research.\nEric J. Sheridan: Thanks for taking the question. Can you call out in terms of the 3P business what you're seeing in terms of third party sellers maybe needing to make more and more of their goods Prime eligible? What the economics of that might be in terms of creating a tailwind for the business, and how we should think about that evolving over the next couple of years. Thanks.\nBrian T. Olsavsky: Sure, Eric. What I can tell you is the 3P percent of revenue continues to grow, we are now up to 46% of paid units, which is up 400 basis points year-over-year, and 100 basis points sequentially of Q2. We feel that Prime and FBA are \u2013 reinforce each other. They're inextricably linked. FBA as Prime selection and Prime growth attracts more FBA sellers. So, we have seen growth in FBA, it increases our Prime fast track eligible selection which we like and customers like. So, we like what we see on the third party side.", "quarter": 3}}