{"id": 17340, "annotations": [{"id": 17443, "completed_by": 2, "result": [{"type": "labels", "value": {"end": 9, "text": "Operator", "start": 0, "labels": ["OPERATOR"]}, "origin": "manual", "to_name": "text", "from_name": "label-intro"}, {"type": "labels", "value": {"end": 90, "text": ": Our next call, caller, it's from Carlos Kirjner with Bernstein. Please proceed.", "start": 10, "labels": ["INTRO"]}, "origin": "manual", "to_name": "text", "from_name": "label-intro"}, {"type": "labels", "value": {"end": 110, "text": "Carlos Kirjner-Neto", "start": 90, "labels": ["ANALYST"]}, "origin": "manual", "to_name": "text", "from_name": "label-intro"}, {"type": "labels", "value": {"end": 1089, "text": ": Thank you. I have two questions. So you have told us that you have tens of millions of Prime users that you are investing heavily in Prime. Now, at this scale I know with the 50% plus growth rates that you just mentioned, if you roll the clock two or three years, one can see Prime penetration in markets like the U.S. starting to saturate as there are just so many homes in the country. How should we think about the level of investment in Prime once you have reached full penetration? Are there components that are due primarily to customer acquisition, and what's the right way to think about that? And secondly, what are the economic drivers that justify the business case for Prime Now? I don't expect you to give us any numbers, I've learned that in the last few years. But what are the components of the customer lifecycle value calculation or whatever calculation that you make to justify someone dropping a box with a, I don't know, $15 order to a customer? Thank you.", "start": 111, "labels": ["QUESTION"]}, "origin": "manual", "to_name": "text", "from_name": "label-intro"}, {"type": "labels", "value": {"end": 1107, "text": "Brian T. Olsavsky", "start": 1089, "labels": ["REPRESENTATIVE"]}, "origin": "manual", "to_name": "text", "from_name": "label-intro"}, {"type": "labels", "value": {"end": 2137, "text": ": Sure. Thank you, Carlos. First on, classify as Prime demographics. So yes, we still think there's a lot of people in the country who are not Prime members. And we're anxious to have them try it and sign up and join. The other thing that we see is that with our vast offering of selection and faster and faster shipping programs, we have more competitive offering for many things that they buy. So there's a share of wallet element to it as well over time that we are looking to be more useful to customers all the time. On your comment about the economic drivers of Prime Now, what I'll say is customers really value it. It's not our entire selection, it's tens of thousands of items that they may need on a daily basis. We think it's an interesting part of the selection offer for Prime and it's, in many ways, something that we can do that others can't, because it's a natural evolution of our 20-year effort to grow our fulfillment center network and our scale quite frankly makes it possible to even offer this to customers.", "start": 1108, "labels": ["ANSWER"]}, "origin": "manual", "to_name": "text", "from_name": "label-intro"}], "was_cancelled": false, "ground_truth": true, "created_at": "2022-02-04T10:03:51.606502Z", "updated_at": "2022-02-04T10:03:51.606507Z", "lead_time": null, "prediction": {}, "result_count": 0, "task": 17340, "parent_prediction": null, "parent_annotation": null}], "data": {"year": 2015, "company": "AMZN", "my_text": "\nOperator: Our next call, caller, it's from Carlos Kirjner with Bernstein. Please proceed.\nCarlos Kirjner-Neto: Thank you. I have two questions. So you have told us that you have tens of millions of Prime users that you are investing heavily in Prime. Now, at this scale I know with the 50% plus growth rates that you just mentioned, if you roll the clock two or three years, one can see Prime penetration in markets like the U.S. starting to saturate as there are just so many homes in the country. How should we think about the level of investment in Prime once you have reached full penetration? Are there components that are due primarily to customer acquisition, and what's the right way to think about that? And secondly, what are the economic drivers that justify the business case for Prime Now? I don't expect you to give us any numbers, I've learned that in the last few years. But what are the components of the customer lifecycle value calculation or whatever calculation that you make to justify someone dropping a box with a, I don't know, $15 order to a customer? Thank you.\nBrian T. Olsavsky: Sure. Thank you, Carlos. First on, classify as Prime demographics. So yes, we still think there's a lot of people in the country who are not Prime members. And we're anxious to have them try it and sign up and join. The other thing that we see is that with our vast offering of selection and faster and faster shipping programs, we have more competitive offering for many things that they buy. So there's a share of wallet element to it as well over time that we are looking to be more useful to customers all the time. On your comment about the economic drivers of Prime Now, what I'll say is customers really value it. It's not our entire selection, it's tens of thousands of items that they may need on a daily basis. We think it's an interesting part of the selection offer for Prime and it's, in many ways, something that we can do that others can't, because it's a natural evolution of our 20-year effort to grow our fulfillment center network and our scale quite frankly makes it possible to even offer this to customers.", "quarter": 3}}