{"id": 17389, "annotations": [{"id": 17492, "completed_by": 2, "result": [{"type": "labels", "value": {"end": 9, "text": "Operator", "start": 0, "labels": ["OPERATOR"]}, "origin": "manual", "to_name": "text", "from_name": "label-intro"}, {"type": "labels", "value": {"end": 69, "text": ": Our next question is from Brian Nowak from Morgan Stanley.", "start": 10, "labels": ["INTRO"]}, "origin": "manual", "to_name": "text", "from_name": "label-intro"}, {"type": "labels", "value": {"end": 81, "text": "Brian Nowak", "start": 69, "labels": ["ANALYST"]}, "origin": "manual", "to_name": "text", "from_name": "label-intro"}, {"type": "labels", "value": {"end": 637, "text": ": Thanks for taking my questions. I have two. The first one is on the Echo. Anything you could share at all on some of the most commonly used searches? How are consumers using the Echo as of now most commonly? And then anything on uplift in purchase behavior from Echo households? And the second one on Prime, on AWS margins, can you just walk us through some of the puts and takes that have been driving the AWS margin expansion we've seen in the first half of this year? Is it utilization, product mixes? What's been driving the margin expansion? Thanks.", "start": 82, "labels": ["QUESTION"]}, "origin": "manual", "to_name": "text", "from_name": "label-intro"}, {"type": "labels", "value": {"end": 655, "text": "Brian T. Olsavsky", "start": 637, "labels": ["REPRESENTATIVE"]}, "origin": "manual", "to_name": "text", "from_name": "label-intro"}, {"type": "labels", "value": {"end": 1614, "text": ": Sure. Well, in Echo, again, we continue to build out the list of devices, launching the Dot and Tab and Fire TV skills this past year. And now we have 1,900 third-party skills for the Alexa, including new skills from Kayak, Lyft, NBC, Honeywell and more. So there's a lot of uses that we're seeing for Echo. A lot ties into our Prime Music offering. It's just a great way to access Prime Music and more and more the Amazon site. We don't have anything to disclose on physical orders from \u2013 through \u2013 excuse me, orders through Echo. On Amazon Web Services margin, again, this is primarily due to efficiencies gained on our infrastructure, better utilization, better cost out. There is a \u2013 certainly a mix of products and services. I don't have a bridge for you on whether that's helpful or hurtful, but the \u2013 these margins in AWS will fluctuate from quarter-to-quarter, and that's what you're seeing. But we're very happy with the year-over-year improvement.", "start": 656, "labels": ["ANSWER"]}, "origin": "manual", "to_name": "text", "from_name": "label-intro"}], "was_cancelled": false, "ground_truth": true, "created_at": "2022-02-04T10:03:51.610203Z", "updated_at": "2022-02-04T10:03:51.610208Z", "lead_time": null, "prediction": {}, "result_count": 0, "task": 17389, "parent_prediction": null, "parent_annotation": null}], "data": {"year": 2016, "company": "AMZN", "my_text": "\nOperator: Our next question is from Brian Nowak from Morgan Stanley.\nBrian Nowak: Thanks for taking my questions. I have two. The first one is on the Echo. Anything you could share at all on some of the most commonly used searches? How are consumers using the Echo as of now most commonly? And then anything on uplift in purchase behavior from Echo households? And the second one on Prime, on AWS margins, can you just walk us through some of the puts and takes that have been driving the AWS margin expansion we've seen in the first half of this year? Is it utilization, product mixes? What's been driving the margin expansion? Thanks.\nBrian T. Olsavsky: Sure. Well, in Echo, again, we continue to build out the list of devices, launching the Dot and Tab and Fire TV skills this past year. And now we have 1,900 third-party skills for the Alexa, including new skills from Kayak, Lyft, NBC, Honeywell and more. So there's a lot of uses that we're seeing for Echo. A lot ties into our Prime Music offering. It's just a great way to access Prime Music and more and more the Amazon site. We don't have anything to disclose on physical orders from \u2013 through \u2013 excuse me, orders through Echo. On Amazon Web Services margin, again, this is primarily due to efficiencies gained on our infrastructure, better utilization, better cost out. There is a \u2013 certainly a mix of products and services. I don't have a bridge for you on whether that's helpful or hurtful, but the \u2013 these margins in AWS will fluctuate from quarter-to-quarter, and that's what you're seeing. But we're very happy with the year-over-year improvement.", "quarter": 2}}