{"id": 17305, "annotations": [{"id": 17408, "completed_by": 2, "result": [{"type": "labels", "value": {"end": 9, "text": "Operator", "start": 0, "labels": ["OPERATOR"]}, "origin": "manual", "to_name": "text", "from_name": "label-intro"}, {"type": "labels", "value": {"end": 74, "text": ": Our next question comes from Colin Sebastian with Robert Baird.", "start": 10, "labels": ["INTRO"]}, "origin": "manual", "to_name": "text", "from_name": "label-intro"}, {"type": "labels", "value": {"end": 90, "text": "Colin Sebastian", "start": 74, "labels": ["ANALYST"]}, "origin": "manual", "to_name": "text", "from_name": "label-intro"}, {"type": "labels", "value": {"end": 573, "text": ": Great. Thanks. Maybe just another follow up on the new segment disclosures. Thanks for breaking it out. You know if we assume that the advertising segment is reasonably profitable than the implication is then that the core retail business is very modestly profitable close to breakeven. And just wondering what the thought process and strategy is behind that. If in a sense there is some subsidy to the retail side being used as you build market share in the core business? Thanks.", "start": 91, "labels": ["QUESTION"]}, "origin": "manual", "to_name": "text", "from_name": "label-intro"}, {"type": "labels", "value": {"end": 585, "text": "Tom Szkutak", "start": 573, "labels": ["REPRESENTATIVE"]}, "origin": "manual", "to_name": "text", "from_name": "label-intro"}, {"type": "labels", "value": {"end": 1848, "text": ": Yes, I think the best way to think about it is, we certainly have an advertising part of our North American consume segments. But the way you should think about it is, we are making some great investments for the long-term and that\u2019s really what's reflected in the operating results that you are seeing in terms of \u2013 so it is certainly impacting the operating margins both for North American and International. So it\u2019s the things that we \u2013 both Brian and I talked about that we're doing globally to support Prime platform all of those things that we mentioned, video content, original content, Prime Now, category expansion, investing on behalf of FBA, which also helps Prime devices. Those are all intertwined and certainly part of that. And then some of the things outside of that are more specifically related to International in addition to those are some of geographic stuff that we talked about. So I think you should think about it that way that certainly think its big opportunity and again, one of the reasons I want to give you an update, last quarter on Prime growth and you can see that that\u2019s going very well. And so we're feeding that and that\u2019s what we have been doing and that\u2019s what you see also and certainly results that you are seeing today.", "start": 586, "labels": ["ANSWER"]}, "origin": "manual", "to_name": "text", "from_name": "label-intro"}, {"type": "labels", "value": {"end": 1864, "text": "Colin Sebastian", "start": 1848, "labels": ["ANALYST"]}, "origin": "manual", "to_name": "text", "from_name": "label-intro"}, {"type": "labels", "value": {"end": 1897, "text": ": Very helpful. Thanks very much.", "start": 1865, "labels": ["QUESTION"]}, "origin": "manual", "to_name": "text", "from_name": "label-intro"}, {"type": "labels", "value": {"end": 1909, "text": "Tom Szkutak", "start": 1897, "labels": ["REPRESENTATIVE"]}, "origin": "manual", "to_name": "text", "from_name": "label-intro"}, {"type": "labels", "value": {"end": 1916, "text": ": Sure.", "start": 1910, "labels": ["ANSWER"]}, "origin": "manual", "to_name": "text", "from_name": "label-intro"}], "was_cancelled": false, "ground_truth": true, "created_at": "2022-02-04T10:03:51.603852Z", "updated_at": "2022-02-04T10:03:51.603858Z", "lead_time": null, "prediction": {}, "result_count": 0, "task": 17305, "parent_prediction": null, "parent_annotation": null}], "data": {"year": 2015, "company": "AMZN", "my_text": "\nOperator: Our next question comes from Colin Sebastian with Robert Baird.\nColin Sebastian: Great. Thanks. Maybe just another follow up on the new segment disclosures. Thanks for breaking it out. You know if we assume that the advertising segment is reasonably profitable than the implication is then that the core retail business is very modestly profitable close to breakeven. And just wondering what the thought process and strategy is behind that. If in a sense there is some subsidy to the retail side being used as you build market share in the core business? Thanks.\nTom Szkutak: Yes, I think the best way to think about it is, we certainly have an advertising part of our North American consume segments. But the way you should think about it is, we are making some great investments for the long-term and that\u2019s really what's reflected in the operating results that you are seeing in terms of \u2013 so it is certainly impacting the operating margins both for North American and International. So it\u2019s the things that we \u2013 both Brian and I talked about that we're doing globally to support Prime platform all of those things that we mentioned, video content, original content, Prime Now, category expansion, investing on behalf of FBA, which also helps Prime devices. Those are all intertwined and certainly part of that. And then some of the things outside of that are more specifically related to International in addition to those are some of geographic stuff that we talked about. So I think you should think about it that way that certainly think its big opportunity and again, one of the reasons I want to give you an update, last quarter on Prime growth and you can see that that\u2019s going very well. And so we're feeding that and that\u2019s what we have been doing and that\u2019s what you see also and certainly results that you are seeing today.\nColin Sebastian: Very helpful. Thanks very much.\nTom Szkutak: Sure.", "quarter": 1}}