{"id": 17354, "annotations": [{"id": 17457, "completed_by": 2, "result": [{"id": "QujWEJEr0v", "type": "labels", "value": {"end": 9, "text": "Operator", "start": 0, "labels": ["OPERATOR"]}, "origin": "manual", "to_name": "text", "from_name": "label-intro"}, {"id": "ekb48dWJkt", "type": "labels", "value": {"end": 40, "text": " Thank you. Our next question\u2026", "start": 10, "labels": ["INTRO"]}, "origin": "manual", "to_name": "text", "from_name": "label-intro"}, {"id": "1M2ywymgxR", "type": "labels", "value": {"end": 55, "text": "Brian Olsavsky", "start": 40, "labels": ["REPRESENTATIVE"]}, "origin": "manual", "to_name": "text", "from_name": "label-intro"}, {"id": "6j_JXyp_98", "type": "labels", "value": {"end": 218, "text": " Sorry, let me finish my answer to him, please. We grew up \u2013 we grew from in the $5 billion range in 2013 to $8.9 billion in 2014 and now over $9 billion in 2015.", "start": 56, "labels": ["ANSWER"]}, "origin": "manual", "to_name": "text", "from_name": "label-intro"}], "was_cancelled": false, "ground_truth": true, "created_at": "2022-02-04T10:03:51.607510Z", "updated_at": "2022-07-15T16:18:45.446152Z", "lead_time": 270.824, "prediction": {}, "result_count": 0, "task": 17354, "parent_prediction": null, "parent_annotation": null}], "data": {"year": 2015, "company": "AMZN", "my_text": "\nOperator: Thank you. Our next question\u2026\nBrian Olsavsky: Sorry, let me finish my answer to him, please. We grew up \u2013 we grew from in the $5 billion range in 2013 to $8.9 billion in 2014 and now over $9 billion in 2015.", "quarter": 4}}