{"id": 18387, "annotations": [{"id": 18490, "completed_by": 2, "result": [{"type": "labels", "value": {"end": 9, "text": "Operator", "start": 0, "labels": ["OPERATOR"]}, "origin": "manual", "to_name": "text", "from_name": "label-intro"}, {"type": "labels", "value": {"end": 120, "text": ": Thank you. Our next question comes from Greg Melich with MoffettNathanson. Please proceed with your question.", "start": 10, "labels": ["INTRO"]}, "origin": "manual", "to_name": "text", "from_name": "label-intro"}, {"type": "labels", "value": {"end": 141, "text": "Gregory Scott Melich", "start": 120, "labels": ["ANALYST"]}, "origin": "manual", "to_name": "text", "from_name": "label-intro"}, {"type": "labels", "value": {"end": 678, "text": ": Hi. Thanks. So I want to follow up on Prime a little bit. The fee increase, why now? I mean, we've been adding value for a long time, obviously shipping costs are going up. Why is now the right time to have that fee hike, especially since membership looks like the growth numbers are starting to slow? And tied into that, there's a lot of Alexa mentioning in the release. Could you give us some uptake on the importance of Alexa and basically voice commerce, and so the metrics you get in terms of usage there and the flywheel? Thanks.", "start": 142, "labels": ["QUESTION"]}, "origin": "manual", "to_name": "text", "from_name": "label-intro"}, {"type": "labels", "value": {"end": 696, "text": "Brian T. Olsavsky", "start": 678, "labels": ["REPRESENTATIVE"]}, "origin": "manual", "to_name": "text", "from_name": "label-intro"}, {"type": "labels", "value": {"end": 1504, "text": ": Sure. We always evaluate the price of Prime in all the countries we're in, and we're looking for creative ways to reach the customer. As I mentioned earlier, creation \u2013 or excuse me, monthly plans, student plans, et cetera. So it's really nothing more than looking at the state of the program, the high benefits it's delivering. I mentioned that four years ago when we last increased the price of Prime, you could get 20 million products within two days. Today you could get over 100 million products within two days, and many, many, many products within one day, same day or two hours. So there's all kinds of new features that we've continually added to the Prime program. It's much different than it was in 2014. This is a reflection of that, that's a better reflection of the cost value of the program.", "start": 697, "labels": ["ANSWER"]}, "origin": "manual", "to_name": "text", "from_name": "label-intro"}], "was_cancelled": false, "ground_truth": true, "created_at": "2022-02-04T10:25:34.064278Z", "updated_at": "2022-02-04T10:25:34.064283Z", "lead_time": null, "prediction": {}, "result_count": 0, "task": 18387, "parent_prediction": null, "parent_annotation": null}], "data": {"year": 2018, "company": "AMZN", "my_text": "\nOperator: Thank you. Our next question comes from Greg Melich with MoffettNathanson. Please proceed with your question.\nGregory Scott Melich: Hi. Thanks. So I want to follow up on Prime a little bit. The fee increase, why now? I mean, we've been adding value for a long time, obviously shipping costs are going up. Why is now the right time to have that fee hike, especially since membership looks like the growth numbers are starting to slow? And tied into that, there's a lot of Alexa mentioning in the release. Could you give us some uptake on the importance of Alexa and basically voice commerce, and so the metrics you get in terms of usage there and the flywheel? Thanks.\nBrian T. Olsavsky: Sure. We always evaluate the price of Prime in all the countries we're in, and we're looking for creative ways to reach the customer. As I mentioned earlier, creation \u2013 or excuse me, monthly plans, student plans, et cetera. So it's really nothing more than looking at the state of the program, the high benefits it's delivering. I mentioned that four years ago when we last increased the price of Prime, you could get 20 million products within two days. Today you could get over 100 million products within two days, and many, many, many products within one day, same day or two hours. So there's all kinds of new features that we've continually added to the Prime program. It's much different than it was in 2014. This is a reflection of that, that's a better reflection of the cost value of the program.", "quarter": 1}}