{"id": 17317, "annotations": [{"id": 17420, "completed_by": 2, "result": [{"type": "labels", "value": {"end": 9, "text": "Operator", "start": 0, "labels": ["OPERATOR"]}, "origin": "manual", "to_name": "text", "from_name": "label-intro"}, {"type": "labels", "value": {"end": 71, "text": ": Our next question comes from Justin Post with Merrill Lynch.", "start": 10, "labels": ["INTRO"]}, "origin": "manual", "to_name": "text", "from_name": "label-intro"}, {"type": "labels", "value": {"end": 83, "text": "Justin Post", "start": 71, "labels": ["ANALYST"]}, "origin": "manual", "to_name": "text", "from_name": "label-intro"}, {"type": "labels", "value": {"end": 677, "text": ": Thank you. A couple of questions here. We followed this coming for a long time and profits seem to move around quite a bit year-over-year and year against year. And just wondering how you think about that? Is that just the nature of your big bets and that's just going to continue or is there a way to kind of smooth that out? And then secondly, in AWS it does seem like pricing competition has come down and we've been to a lot of your events and it seems like you're emphasizing pricing a little less to your customers. Can you talk at all about the pricing environment in cloud? Thank you.", "start": 84, "labels": ["QUESTION"]}, "origin": "manual", "to_name": "text", "from_name": "label-intro"}, {"type": "labels", "value": {"end": 695, "text": "Brian T. Olsavsky", "start": 677, "labels": ["REPRESENTATIVE"]}, "origin": "manual", "to_name": "text", "from_name": "label-intro"}, {"type": "labels", "value": {"end": 1312, "text": ": Sure, let me start with that second question. So, as Phil mentioned, we are seeing continued increases in usage, both sequentially and year-over-year. We are also seeing a great efficiency in the business on a cost basis. Innovation is accelerating, not decelerating. We had over 350 significant new features and services and we believe that's what resonates with customers. While pricing is certainly a factor we don't believe it's always the primary factor; in fact what we hear from our customers is that the ability to move faster and more agiley is what they value. I'm sorry the first party your question was?", "start": 696, "labels": ["ANSWER"]}, "origin": "manual", "to_name": "text", "from_name": "label-intro"}, {"type": "labels", "value": {"end": 1324, "text": "Justin Post", "start": 1312, "labels": ["ANALYST"]}, "origin": "manual", "to_name": "text", "from_name": "label-intro"}, {"type": "labels", "value": {"end": 1578, "text": ": I was asking about just how the profitability kind of really moves pretty big swings year-over-year? Is that the nature of your just big bets and that can continue or is there a way to kind of smooth that out going forward? How do you think about that?", "start": 1325, "labels": ["QUESTION"]}, "origin": "manual", "to_name": "text", "from_name": "label-intro"}, {"type": "labels", "value": {"end": 1596, "text": "Brian T. Olsavsky", "start": 1578, "labels": ["REPRESENTATIVE"]}, "origin": "manual", "to_name": "text", "from_name": "label-intro"}, {"type": "labels", "value": {"end": 2474, "text": ": Yes sure. Well here's how I think about it. We have two things, at least two things going on. We are continuing to drive operational improvement in every business that we are in, but we are also investing in large opportunities that are in front of us, particularly in Marketplace Prime and AWS. If you saw our shareholder letter this year, I think Jeff Bezos put it really well. He said we're going to look for things that are important to customers, customers love them, businesses that can grow to be a large size that can generate a high return on invested capital and are durable and can last for decades. So we will continue to invest in the businesses we think fit that profile and we're always looking for a fourth or fifth business that fits that profile. So as far as lumpiness, admittedly it is lumpy and we will continue to work on both those tracks going forward.", "start": 1597, "labels": ["ANSWER"]}, "origin": "manual", "to_name": "text", "from_name": "label-intro"}, {"type": "labels", "value": {"end": 2486, "text": "Justin Post", "start": 2474, "labels": ["ANALYST"]}, "origin": "manual", "to_name": "text", "from_name": "label-intro"}, {"type": "labels", "value": {"end": 2498, "text": ": Thank you.", "start": 2487, "labels": ["QUESTION"]}, "origin": "manual", "to_name": "text", "from_name": "label-intro"}], "was_cancelled": false, "ground_truth": true, "created_at": "2022-02-04T10:03:51.604821Z", "updated_at": "2022-02-04T10:03:51.604826Z", "lead_time": null, "prediction": {}, "result_count": 0, "task": 17317, "parent_prediction": null, "parent_annotation": null}], "data": {"year": 2015, "company": "AMZN", "my_text": "\nOperator: Our next question comes from Justin Post with Merrill Lynch.\nJustin Post: Thank you. A couple of questions here. We followed this coming for a long time and profits seem to move around quite a bit year-over-year and year against year. And just wondering how you think about that? Is that just the nature of your big bets and that's just going to continue or is there a way to kind of smooth that out? And then secondly, in AWS it does seem like pricing competition has come down and we've been to a lot of your events and it seems like you're emphasizing pricing a little less to your customers. Can you talk at all about the pricing environment in cloud? Thank you.\nBrian T. Olsavsky: Sure, let me start with that second question. So, as Phil mentioned, we are seeing continued increases in usage, both sequentially and year-over-year. We are also seeing a great efficiency in the business on a cost basis. Innovation is accelerating, not decelerating. We had over 350 significant new features and services and we believe that's what resonates with customers. While pricing is certainly a factor we don't believe it's always the primary factor; in fact what we hear from our customers is that the ability to move faster and more agiley is what they value. I'm sorry the first party your question was?\nJustin Post: I was asking about just how the profitability kind of really moves pretty big swings year-over-year? Is that the nature of your just big bets and that can continue or is there a way to kind of smooth that out going forward? How do you think about that?\nBrian T. Olsavsky: Yes sure. Well here's how I think about it. We have two things, at least two things going on. We are continuing to drive operational improvement in every business that we are in, but we are also investing in large opportunities that are in front of us, particularly in Marketplace Prime and AWS. If you saw our shareholder letter this year, I think Jeff Bezos put it really well. He said we're going to look for things that are important to customers, customers love them, businesses that can grow to be a large size that can generate a high return on invested capital and are durable and can last for decades. So we will continue to invest in the businesses we think fit that profile and we're always looking for a fourth or fifth business that fits that profile. So as far as lumpiness, admittedly it is lumpy and we will continue to work on both those tracks going forward.\nJustin Post: Thank you.", "quarter": 2}}