{"id": 17316, "annotations": [{"id": 17419, "completed_by": 2, "result": [{"type": "labels", "value": {"end": 9, "text": "Operator", "start": 0, "labels": ["OPERATOR"]}, "origin": "manual", "to_name": "text", "from_name": "label-intro"}, {"type": "labels", "value": {"end": 98, "text": ": Our next question comes from Eric Sheridan with UBS. Please proceed; your line is live.", "start": 10, "labels": ["INTRO"]}, "origin": "manual", "to_name": "text", "from_name": "label-intro"}, {"type": "labels", "value": {"end": 115, "text": "Eric J. Sheridan", "start": 98, "labels": ["ANALYST"]}, "origin": "manual", "to_name": "text", "from_name": "label-intro"}, {"type": "labels", "value": {"end": 490, "text": ": Great. Thank you for taking the question. There has been some recent press reports talking about investments in India. I wanted to know \u2013 you've talked a little bit about that market in the past \u2013 whether there was any update there in terms of how you think about approaching the market and the level of investments that might be needed to compete in the market? Thank you.", "start": 116, "labels": ["QUESTION"]}, "origin": "manual", "to_name": "text", "from_name": "label-intro"}, {"type": "labels", "value": {"end": 508, "text": "Brian T. Olsavsky", "start": 490, "labels": ["REPRESENTATIVE"]}, "origin": "manual", "to_name": "text", "from_name": "label-intro"}, {"type": "labels", "value": {"end": 1136, "text": ": Certainly Eric. What I can say about India is when we see a positive surprise we double down on it. That's kind of our policy, and India is that kind of surprise. So we're very happy, very encouraged early on with what we've seen in the ramping of the business, the level of invention going on for both customers and sellers. We are over $25 million or excuse me, 25 million names (14:02) which is the largest online store in India. And we continue to improve pricing and fast delivery so were super excited about India. I will not get into specific investment levels right now but we continue to ramp up our investment there.", "start": 509, "labels": ["ANSWER"]}, "origin": "manual", "to_name": "text", "from_name": "label-intro"}, {"type": "labels", "value": {"end": 1153, "text": "Eric J. Sheridan", "start": 1136, "labels": ["ANALYST"]}, "origin": "manual", "to_name": "text", "from_name": "label-intro"}, {"type": "labels", "value": {"end": 1170, "text": ": Thanks so much.", "start": 1154, "labels": ["QUESTION"]}, "origin": "manual", "to_name": "text", "from_name": "label-intro"}], "was_cancelled": false, "ground_truth": true, "created_at": "2022-02-04T10:03:51.604734Z", "updated_at": "2022-02-04T10:03:51.604739Z", "lead_time": null, "prediction": {}, "result_count": 0, "task": 17316, "parent_prediction": null, "parent_annotation": null}], "data": {"year": 2015, "company": "AMZN", "my_text": "\nOperator: Our next question comes from Eric Sheridan with UBS. Please proceed; your line is live.\nEric J. Sheridan: Great. Thank you for taking the question. There has been some recent press reports talking about investments in India. I wanted to know \u2013 you've talked a little bit about that market in the past \u2013 whether there was any update there in terms of how you think about approaching the market and the level of investments that might be needed to compete in the market? Thank you.\nBrian T. Olsavsky: Certainly Eric. What I can say about India is when we see a positive surprise we double down on it. That's kind of our policy, and India is that kind of surprise. So we're very happy, very encouraged early on with what we've seen in the ramping of the business, the level of invention going on for both customers and sellers. We are over $25 million or excuse me, 25 million names (14:02) which is the largest online store in India. And we continue to improve pricing and fast delivery so were super excited about India. I will not get into specific investment levels right now but we continue to ramp up our investment there.\nEric J. Sheridan: Thanks so much.", "quarter": 2}}