{"id": 18361, "annotations": [{"id": 18464, "completed_by": 2, "result": [{"type": "labels", "value": {"end": 9, "text": "Operator", "start": 0, "labels": ["OPERATOR"]}, "origin": "manual", "to_name": "text", "from_name": "label-intro"}, {"type": "labels", "value": {"end": 136, "text": ": Thank you. Our next question comes from the line of Mark Mahaney with RBC Capital Markets. Please proceed with your question.", "start": 10, "labels": ["INTRO"]}, "origin": "manual", "to_name": "text", "from_name": "label-intro"}, {"type": "labels", "value": {"end": 149, "text": "Mark Mahaney", "start": 136, "labels": ["ANALYST"]}, "origin": "manual", "to_name": "text", "from_name": "label-intro"}, {"type": "labels", "value": {"end": 492, "text": ": Great. I guess I'll ask two as well. The first one is that was a bit of unusual upside to your guidance, even stripping out Whole Foods. What most surprised you in the quarter? You have been pretty consistent on how you reported versus your guide, so something unusual happened or somewhat unusual happened, what would you attribute that to?", "start": 150, "labels": ["QUESTION"]}, "origin": "manual", "to_name": "text", "from_name": "label-intro"}, {"type": "labels", "value": {"end": 510, "text": "Brian T. Olsavsky", "start": 492, "labels": ["REPRESENTATIVE"]}, "origin": "manual", "to_name": "text", "from_name": "label-intro"}, {"type": "labels", "value": {"end": 1398, "text": ": Sure. In Q3, yes, I would say we had a very strong Prime Day. As you know, we talked about that on the last call. But it really carried into the quarter. We had a record day for sign-ups for free trials for Prime in Prime Day globally, had a very strong Prime Day in particular internationally. So, it really got a lot more traction in this, the third year that we've had it. So I would point mostly to those factors. It was also a very strong quarter for AWS. Revenue growth was the same as Q2, and now we're at an $18 billion run rate, whereas last quarter when I had this call, we were at $16 billion, so very pleased with the customer response in the AWS business as well. And usage growth is actually growing a lot higher than revenue growth. So particularly pleased with the new customers that we've added and the additional workloads that we've picked up from existing customers.", "start": 511, "labels": ["ANSWER"]}, "origin": "manual", "to_name": "text", "from_name": "label-intro"}, {"type": "labels", "value": {"end": 1411, "text": "Mark Mahaney", "start": 1398, "labels": ["ANALYST"]}, "origin": "manual", "to_name": "text", "from_name": "label-intro"}, {"type": "labels", "value": {"end": 1613, "text": ": And then, briefly, on the international retail, that growth also by itself was intrinsically stronger than you've seen in a while. Any particular markets, geographic markets, you would call out there?", "start": 1412, "labels": ["QUESTION"]}, "origin": "manual", "to_name": "text", "from_name": "label-intro"}, {"type": "labels", "value": {"end": 1631, "text": "Brian T. Olsavsky", "start": 1613, "labels": ["REPRESENTATIVE"]}, "origin": "manual", "to_name": "text", "from_name": "label-intro"}, {"type": "labels", "value": {"end": 2431, "text": ": Yeah, I would \u2013 yeah, it was pretty strong across the board. We had the impact of Souq obviously, this quarter internationally and the Diwali holiday in India was a few days earlier, which maybe pushed some sales into Q3 versus Q4. But generally, it was the strength of Prime Day internationally, and it carried through the quarter, but generally, I would point to the increased selection. A lot of the building blocks that we've been working on, all the Prime benefits, advancements in free shipping offers or faster shipping offers, the Prime benefits would drive engagement, of course, adding selection, adding Fulfilled by Amazon partners and the selection that they bring. So again, I wouldn't point to anything other than the Prime Day pickup, but it was stronger than probably I anticipated.", "start": 1632, "labels": ["ANSWER"]}, "origin": "manual", "to_name": "text", "from_name": "label-intro"}, {"type": "labels", "value": {"end": 2444, "text": "Mark Mahaney", "start": 2431, "labels": ["ANALYST"]}, "origin": "manual", "to_name": "text", "from_name": "label-intro"}, {"type": "labels", "value": {"end": 2469, "text": ": Okay. Thank you, Brian.", "start": 2445, "labels": ["QUESTION"]}, "origin": "manual", "to_name": "text", "from_name": "label-intro"}], "was_cancelled": false, "ground_truth": true, "created_at": "2022-02-04T10:25:34.062359Z", "updated_at": "2022-02-04T10:25:34.062364Z", "lead_time": null, "prediction": {}, "result_count": 0, "task": 18361, "parent_prediction": null, "parent_annotation": null}], "data": {"year": 2017, "company": "AMZN", "my_text": "\nOperator: Thank you. Our next question comes from the line of Mark Mahaney with RBC Capital Markets. Please proceed with your question.\nMark Mahaney: Great. I guess I'll ask two as well. The first one is that was a bit of unusual upside to your guidance, even stripping out Whole Foods. What most surprised you in the quarter? You have been pretty consistent on how you reported versus your guide, so something unusual happened or somewhat unusual happened, what would you attribute that to?\nBrian T. Olsavsky: Sure. In Q3, yes, I would say we had a very strong Prime Day. As you know, we talked about that on the last call. But it really carried into the quarter. We had a record day for sign-ups for free trials for Prime in Prime Day globally, had a very strong Prime Day in particular internationally. So, it really got a lot more traction in this, the third year that we've had it. So I would point mostly to those factors. It was also a very strong quarter for AWS. Revenue growth was the same as Q2, and now we're at an $18 billion run rate, whereas last quarter when I had this call, we were at $16 billion, so very pleased with the customer response in the AWS business as well. And usage growth is actually growing a lot higher than revenue growth. So particularly pleased with the new customers that we've added and the additional workloads that we've picked up from existing customers.\nMark Mahaney: And then, briefly, on the international retail, that growth also by itself was intrinsically stronger than you've seen in a while. Any particular markets, geographic markets, you would call out there?\nBrian T. Olsavsky: Yeah, I would \u2013 yeah, it was pretty strong across the board. We had the impact of Souq obviously, this quarter internationally and the Diwali holiday in India was a few days earlier, which maybe pushed some sales into Q3 versus Q4. But generally, it was the strength of Prime Day internationally, and it carried through the quarter, but generally, I would point to the increased selection. A lot of the building blocks that we've been working on, all the Prime benefits, advancements in free shipping offers or faster shipping offers, the Prime benefits would drive engagement, of course, adding selection, adding Fulfilled by Amazon partners and the selection that they bring. So again, I wouldn't point to anything other than the Prime Day pickup, but it was stronger than probably I anticipated.\nMark Mahaney: Okay. Thank you, Brian.", "quarter": 3}}