{"id": 17685, "annotations": [{"id": 17788, "completed_by": 2, "result": [{"type": "labels", "value": {"end": 9, "text": "Operator", "start": 0, "labels": ["OPERATOR"]}, "origin": "manual", "to_name": "text", "from_name": "label-intro"}, {"type": "labels", "value": {"end": 91, "text": ": Your next question comes from the line of Mark Mahaney from RBC Capital Markets.", "start": 10, "labels": ["INTRO"]}, "origin": "manual", "to_name": "text", "from_name": "label-intro"}, {"type": "labels", "value": {"end": 104, "text": "Mark Mahaney", "start": 91, "labels": ["ANALYST"]}, "origin": "manual", "to_name": "text", "from_name": "label-intro"}, {"type": "labels", "value": {"end": 979, "text": ": Two questions, please; a near term one and a long term one. The near term one is can you just comment on what you're seeing in terms of MAU recovery growth trends in Europe? You haven't \u2013 you gave us what turned out to be a pretty accurate read into the June quarter, so do you have a read into whether things have based out and started to improve again post GDPR implementation? And then, I know, Sheryl, you just talked about this, but can I just ask you to just maybe comment a little bit more on Facebook Messenger? I've just seen the ad units there. They seem to be \u2013 there seemed like there's been a pickup recently in implementation of ads there that seemed to me to be highly effective and reasonably well targeted. So any learnings just from those, the basic ad units that you put in there beyond the \u2013 kind of the business metrics you just reported on? Thank you.", "start": 105, "labels": ["QUESTION"]}, "origin": "manual", "to_name": "text", "from_name": "label-intro"}, {"type": "labels", "value": {"end": 995, "text": "David M. Wehner", "start": 979, "labels": ["REPRESENTATIVE"]}, "origin": "manual", "to_name": "text", "from_name": "label-intro"}, {"type": "labels", "value": {"end": 1220, "text": ": Hey, Mark. It's Dave. On Europe, yeah, we don't have any update on trends. We had indicated in the first quarter that we would expect to see a decline. We're not providing any guidance on MAU and DAU in Europe on this call.", "start": 996, "labels": ["ANSWER"]}, "origin": "manual", "to_name": "text", "from_name": "label-intro"}, {"type": "labels", "value": {"end": 1241, "text": "Sheryl Kara Sandberg", "start": 1220, "labels": ["REPRESENTATIVE"]}, "origin": "manual", "to_name": "text", "from_name": "label-intro"}, {"type": "labels", "value": {"end": 2241, "text": ": In terms of number two, we have an ad model where we're able to use the targeting capabilities for Facebook. But when we put ads into a new surface, we obviously learn and evolve. So, one example of some of the things that we're excited about, again, are the click-to-Messenger ads. That's something we can put in News Feed in Instagram and Messenger and it both grows the ecosystem and creates a new opportunity for interaction. We also have inbox ads where we're enabling advertisers to extend their reach to people in Messenger, which is still really early. And we're also in the early days of sponsored messages, which enable businesses to reengage people once a conversation has started. And so, when we think about the format of Messenger, we think about the direct correspondence between a person, either an existing or a potential client or with a business, and we think there are many times in kind of a life cycle of interacting with a business where that's a very attractive opportunity.", "start": 1242, "labels": ["ANSWER"]}, "origin": "manual", "to_name": "text", "from_name": "label-intro"}], "was_cancelled": false, "ground_truth": true, "created_at": "2022-02-04T10:25:34.008442Z", "updated_at": "2022-02-04T10:25:34.008447Z", "lead_time": null, "prediction": {}, "result_count": 0, "task": 17685, "parent_prediction": null, "parent_annotation": null}], "data": {"year": 2018, "company": "FB", "my_text": "\nOperator: Your next question comes from the line of Mark Mahaney from RBC Capital Markets.\nMark Mahaney: Two questions, please; a near term one and a long term one. The near term one is can you just comment on what you're seeing in terms of MAU recovery growth trends in Europe? You haven't \u2013 you gave us what turned out to be a pretty accurate read into the June quarter, so do you have a read into whether things have based out and started to improve again post GDPR implementation? And then, I know, Sheryl, you just talked about this, but can I just ask you to just maybe comment a little bit more on Facebook Messenger? I've just seen the ad units there. They seem to be \u2013 there seemed like there's been a pickup recently in implementation of ads there that seemed to me to be highly effective and reasonably well targeted. So any learnings just from those, the basic ad units that you put in there beyond the \u2013 kind of the business metrics you just reported on? Thank you.\nDavid M. Wehner: Hey, Mark. It's Dave. On Europe, yeah, we don't have any update on trends. We had indicated in the first quarter that we would expect to see a decline. We're not providing any guidance on MAU and DAU in Europe on this call.\nSheryl Kara Sandberg: In terms of number two, we have an ad model where we're able to use the targeting capabilities for Facebook. But when we put ads into a new surface, we obviously learn and evolve. So, one example of some of the things that we're excited about, again, are the click-to-Messenger ads. That's something we can put in News Feed in Instagram and Messenger and it both grows the ecosystem and creates a new opportunity for interaction. We also have inbox ads where we're enabling advertisers to extend their reach to people in Messenger, which is still really early. And we're also in the early days of sponsored messages, which enable businesses to reengage people once a conversation has started. And so, when we think about the format of Messenger, we think about the direct correspondence between a person, either an existing or a potential client or with a business, and we think there are many times in kind of a life cycle of interacting with a business where that's a very attractive opportunity.", "quarter": 2}}