{"id": 17671, "annotations": [{"id": 17774, "completed_by": 2, "result": [{"type": "labels", "value": {"end": 9, "text": "Operator", "start": 0, "labels": ["OPERATOR"]}, "origin": "manual", "to_name": "text", "from_name": "label-intro"}, {"type": "labels", "value": {"end": 90, "text": ": Your next question comes from the line of Anthony DiClemente with Evercore ISI.", "start": 10, "labels": ["INTRO"]}, "origin": "manual", "to_name": "text", "from_name": "label-intro"}, {"type": "labels", "value": {"end": 109, "text": "Anthony DiClemente", "start": 90, "labels": ["ANALYST"]}, "origin": "manual", "to_name": "text", "from_name": "label-intro"}, {"type": "labels", "value": {"end": 706, "text": ": Thanks very much for taking my questions. I have two; one for Dave and one for Mark. Dave, will the privacy policy or the opt-in process differ in Europe versus other geographies post GDPR? Your prepared remarks suggested that those controls would extend to the rest of the world. And if that is the case, why wouldn't we also potentially see an impact to MAU and/or DAU outside of just Europe? And then Mark, just simple question, having watched most of your testimony on Capitol Hill, I just wonder what did you learn, or what surprised you the most personally from that experience? Thank you.", "start": 110, "labels": ["QUESTION"]}, "origin": "manual", "to_name": "text", "from_name": "label-intro"}, {"type": "labels", "value": {"end": 722, "text": "David M. Wehner", "start": 706, "labels": ["REPRESENTATIVE"]}, "origin": "manual", "to_name": "text", "from_name": "label-intro"}, {"type": "labels", "value": {"end": 757, "text": ": Do you want to take that, Sheryl?", "start": 723, "labels": ["ANSWER"]}, "origin": "manual", "to_name": "text", "from_name": "label-intro"}, {"type": "labels", "value": {"end": 778, "text": "Sheryl Kara Sandberg", "start": 757, "labels": ["REPRESENTATIVE"]}, "origin": "manual", "to_name": "text", "from_name": "label-intro"}, {"type": "labels", "value": {"end": 1189, "text": ": Yeah. On the GDPR changes, so we just started rolling out the GDPR controls in Europe and we're going to make all the same controls and settings available every way, which gives people the same opportunities to make the same choices. It's not going to be exactly the same format. It's going to be localized instead for different parts of the world. And so we think some of the differences will come from that.", "start": 779, "labels": ["ANSWER"]}, "origin": "manual", "to_name": "text", "from_name": "label-intro"}, {"type": "labels", "value": {"end": 1212, "text": "Mark Elliot Zuckerberg", "start": 1189, "labels": ["REPRESENTATIVE"]}, "origin": "manual", "to_name": "text", "from_name": "label-intro"}, {"type": "labels", "value": {"end": 2349, "text": ": And on the testimony, these are important issues and I think that that was an important moment to be able to go and hear what people were wondering about and just to have a public hearing of answering all of the questions around Cambridge Analytica and what we knew and all the steps that we're taking on data privacy and developers to make sure that this doesn't happen again and to lay out all the different things that we're doing. I mean, the hearings didn't just touch on that. They also touched on a number of the other issues that we face, including foreign interference in elections and that's something that we're incredibly focused on. 2018 is going to be an incredibly important year on this. There are big elections, not just the U.S. midterms, but the major elections upcoming in Mexico, in Brazil, in India, and Pakistan, and a number of other countries around the world. So this is important and it was an important moment for the company to hear the feedback and to show what we're doing. And now I think the important thing is that we execute on all the things that we need to do to make sure that we keep people safe.", "start": 1213, "labels": ["ANSWER"]}, "origin": "manual", "to_name": "text", "from_name": "label-intro"}], "was_cancelled": false, "ground_truth": true, "created_at": "2022-02-04T10:25:34.007286Z", "updated_at": "2022-02-04T10:25:34.007292Z", "lead_time": null, "prediction": {}, "result_count": 0, "task": 17671, "parent_prediction": null, "parent_annotation": null}], "data": {"year": 2018, "company": "FB", "my_text": "\nOperator: Your next question comes from the line of Anthony DiClemente with Evercore ISI.\nAnthony DiClemente: Thanks very much for taking my questions. I have two; one for Dave and one for Mark. Dave, will the privacy policy or the opt-in process differ in Europe versus other geographies post GDPR? Your prepared remarks suggested that those controls would extend to the rest of the world. And if that is the case, why wouldn't we also potentially see an impact to MAU and/or DAU outside of just Europe? And then Mark, just simple question, having watched most of your testimony on Capitol Hill, I just wonder what did you learn, or what surprised you the most personally from that experience? Thank you.\nDavid M. Wehner: Do you want to take that, Sheryl?\nSheryl Kara Sandberg: Yeah. On the GDPR changes, so we just started rolling out the GDPR controls in Europe and we're going to make all the same controls and settings available every way, which gives people the same opportunities to make the same choices. It's not going to be exactly the same format. It's going to be localized instead for different parts of the world. And so we think some of the differences will come from that.\nMark Elliot Zuckerberg: And on the testimony, these are important issues and I think that that was an important moment to be able to go and hear what people were wondering about and just to have a public hearing of answering all of the questions around Cambridge Analytica and what we knew and all the steps that we're taking on data privacy and developers to make sure that this doesn't happen again and to lay out all the different things that we're doing. I mean, the hearings didn't just touch on that. They also touched on a number of the other issues that we face, including foreign interference in elections and that's something that we're incredibly focused on. 2018 is going to be an incredibly important year on this. There are big elections, not just the U.S. midterms, but the major elections upcoming in Mexico, in Brazil, in India, and Pakistan, and a number of other countries around the world. So this is important and it was an important moment for the company to hear the feedback and to show what we're doing. And now I think the important thing is that we execute on all the things that we need to do to make sure that we keep people safe.", "quarter": 1}}