{"id": 17726, "annotations": [{"id": 17829, "completed_by": 2, "result": [{"type": "labels", "value": {"end": 9, "text": "Operator", "start": 0, "labels": ["OPERATOR"]}, "origin": "manual", "to_name": "text", "from_name": "label-intro"}, {"type": "labels", "value": {"end": 75, "text": ": Your next question comes from Lloyd Walmsley from Deutsche Bank.", "start": 10, "labels": ["INTRO"]}, "origin": "manual", "to_name": "text", "from_name": "label-intro"}, {"type": "labels", "value": {"end": 90, "text": "Lloyd Walmsley", "start": 75, "labels": ["ANALYST"]}, "origin": "manual", "to_name": "text", "from_name": "label-intro"}, {"type": "labels", "value": {"end": 643, "text": ": Thanks. Had a couple of related to the commerce topic. Know it's early on Instagram, but in the blog post you all alluded to opening up the platform more broadly. So wondering kind of what the timeline might be? And how easy will it be for smaller businesses to integrate here? And then I guess second one related to that would be, as you start to test this with checkout on Instagram, do you see any change from participating brands in their strategy around ad spend on the platform as part of those tests and kind of how that might evolve over time?", "start": 91, "labels": ["QUESTION"]}, "origin": "manual", "to_name": "text", "from_name": "label-intro"}, {"type": "labels", "value": {"end": 655, "text": "Dave Wehner", "start": 643, "labels": ["REPRESENTATIVE"]}, "origin": "manual", "to_name": "text", "from_name": "label-intro"}, {"type": "labels", "value": {"end": 1045, "text": ": Yes. And Sheryl can add some color here but, Lloyd, it's Dave. I just want to make sure, I mean we've got a very small closed beta with 23 brands. It's very early days and it will take a while for this to have any impact. So I just \u2013 I think it's something we'll be watching and nurturing but it's going to take a while before Instagram Shopping has any meaningful impact on the business.", "start": 656, "labels": ["ANSWER"]}, "origin": "manual", "to_name": "text", "from_name": "label-intro"}, {"type": "labels", "value": {"end": 1061, "text": "Sheryl Sandberg", "start": 1045, "labels": ["REPRESENTATIVE"]}, "origin": "manual", "to_name": "text", "from_name": "label-intro"}, {"type": "labels", "value": {"end": 1486, "text": ": And we haven't announced anything in terms of opening up the product more broadly so that people can buy sign up automatically which is where small businesses would come in. We're going to get feedback and expand in time. But with all of these things we're doing very small slowly, we have a lot of teams working on a lot of very important projects in ads, and this is one we're going to roll out very slowly and carefully.", "start": 1062, "labels": ["ANSWER"]}, "origin": "manual", "to_name": "text", "from_name": "label-intro"}], "was_cancelled": false, "ground_truth": true, "created_at": "2022-02-04T10:25:34.011679Z", "updated_at": "2022-02-04T10:25:34.011685Z", "lead_time": null, "prediction": {}, "result_count": 0, "task": 17726, "parent_prediction": null, "parent_annotation": null}], "data": {"year": 2019, "company": "FB", "my_text": "\nOperator: Your next question comes from Lloyd Walmsley from Deutsche Bank.\nLloyd Walmsley: Thanks. Had a couple of related to the commerce topic. Know it's early on Instagram, but in the blog post you all alluded to opening up the platform more broadly. So wondering kind of what the timeline might be? And how easy will it be for smaller businesses to integrate here? And then I guess second one related to that would be, as you start to test this with checkout on Instagram, do you see any change from participating brands in their strategy around ad spend on the platform as part of those tests and kind of how that might evolve over time?\nDave Wehner: Yes. And Sheryl can add some color here but, Lloyd, it's Dave. I just want to make sure, I mean we've got a very small closed beta with 23 brands. It's very early days and it will take a while for this to have any impact. So I just \u2013 I think it's something we'll be watching and nurturing but it's going to take a while before Instagram Shopping has any meaningful impact on the business.\nSheryl Sandberg: And we haven't announced anything in terms of opening up the product more broadly so that people can buy sign up automatically which is where small businesses would come in. We're going to get feedback and expand in time. But with all of these things we're doing very small slowly, we have a lot of teams working on a lot of very important projects in ads, and this is one we're going to roll out very slowly and carefully.", "quarter": 1}}