{"id": 17222, "annotations": [{"id": 17325, "completed_by": 2, "result": [{"type": "labels", "value": {"end": 9, "text": "Operator", "start": 0, "labels": ["OPERATOR"]}, "origin": "manual", "to_name": "text", "from_name": "label-intro"}, {"type": "labels", "value": {"end": 92, "text": ": Your next question is from Brian Wieser with Pivotal Research. Your line is open.", "start": 10, "labels": ["INTRO"]}, "origin": "manual", "to_name": "text", "from_name": "label-intro"}, {"type": "labels", "value": {"end": 108, "text": "Brian W. Wieser", "start": 92, "labels": ["ANALYST"]}, "origin": "manual", "to_name": "text", "from_name": "label-intro"}, {"type": "labels", "value": {"end": 538, "text": ": Thanks for taking the question. You mentioned 40 million small businesses have active Pages. I'm wondering if you could update us on how many individual small businesses, or businesses in total are buying ads right now? And separately, I was curious about your current thoughts on how ad tech businesses will evolve. If you see integrated marketplace evolving, or if you see a discreet demand in supply-side businesses evolving?", "start": 109, "labels": ["QUESTION"]}, "origin": "manual", "to_name": "text", "from_name": "label-intro"}, {"type": "labels", "value": {"end": 557, "text": "Sheryl K. Sandberg", "start": 538, "labels": ["REPRESENTATIVE"]}, "origin": "manual", "to_name": "text", "from_name": "label-intro"}, {"type": "labels", "value": {"end": 1915, "text": ": So on the first, we announced that we have over 2 million advertisers who are buying ads on Facebook. And the process for that is often that small businesses become organic users, so those 40 million small business Pages that are using it once a month and then we're able to move them onto being advertisers. And the best way we've done that is by simplified ad products. 82% of people who start advertising with us start with our really simple ad products. You know, do you want to pay a few dollars or a few pounds or a few euro to sponsor this post is a really easy on-ramp for a small business. In terms of overall ad tech world, I think a lot is happening and there's a lot that's going to evolve in the whole ecosystem. Our focus is on bringing people-based marketing and the effectiveness and relevance of Facebook ads off of Facebook so we can give marketers and publishers the tools to reach people across all of their devices. An importantly for our business, is connect the dots between online marketing and business outcomes. And you heard on this call me give a few examples of where we're already able to connect what happens in terms of ads with real sales of real products. For us, this is an important investment and it's very strategic. We are going to put the time in to make this work rather than look for any short-run specific return.", "start": 558, "labels": ["ANSWER"]}, "origin": "manual", "to_name": "text", "from_name": "label-intro"}], "was_cancelled": false, "ground_truth": true, "created_at": "2022-02-04T10:03:51.597325Z", "updated_at": "2022-02-04T10:03:51.597330Z", "lead_time": null, "prediction": {}, "result_count": 0, "task": 17222, "parent_prediction": null, "parent_annotation": null}], "data": {"year": 2015, "company": "FB", "my_text": "\nOperator: Your next question is from Brian Wieser with Pivotal Research. Your line is open.\nBrian W. Wieser: Thanks for taking the question. You mentioned 40 million small businesses have active Pages. I'm wondering if you could update us on how many individual small businesses, or businesses in total are buying ads right now? And separately, I was curious about your current thoughts on how ad tech businesses will evolve. If you see integrated marketplace evolving, or if you see a discreet demand in supply-side businesses evolving?\nSheryl K. Sandberg: So on the first, we announced that we have over 2 million advertisers who are buying ads on Facebook. And the process for that is often that small businesses become organic users, so those 40 million small business Pages that are using it once a month and then we're able to move them onto being advertisers. And the best way we've done that is by simplified ad products. 82% of people who start advertising with us start with our really simple ad products. You know, do you want to pay a few dollars or a few pounds or a few euro to sponsor this post is a really easy on-ramp for a small business. In terms of overall ad tech world, I think a lot is happening and there's a lot that's going to evolve in the whole ecosystem. Our focus is on bringing people-based marketing and the effectiveness and relevance of Facebook ads off of Facebook so we can give marketers and publishers the tools to reach people across all of their devices. An importantly for our business, is connect the dots between online marketing and business outcomes. And you heard on this call me give a few examples of where we're already able to connect what happens in terms of ads with real sales of real products. For us, this is an important investment and it's very strategic. We are going to put the time in to make this work rather than look for any short-run specific return.", "quarter": 2}}