{"id": 17199, "annotations": [{"id": 17302, "completed_by": 2, "result": [{"type": "labels", "value": {"end": 9, "text": "Operator", "start": 0, "labels": ["OPERATOR"]}, "origin": "manual", "to_name": "text", "from_name": "label-intro"}, {"type": "labels", "value": {"end": 90, "text": ": Your next question is from Heather Bellini of Goldman Sachs. Your line is open.", "start": 10, "labels": ["INTRO"]}, "origin": "manual", "to_name": "text", "from_name": "label-intro"}, {"type": "labels", "value": {"end": 111, "text": "Heather Anne Bellini", "start": 90, "labels": ["ANALYST"]}, "origin": "manual", "to_name": "text", "from_name": "label-intro"}, {"type": "labels", "value": {"end": 605, "text": ": Great. Thank you. I just had two quick ones. I was wondering, Mark, I think you mentioned you're seeing 1 billion searches per day on mobile. I was wondering if you could give us an update on your initiatives here. And also when you think about Facebook kind of as a microcosm of different applications, at some point is there a plan that we will be able to search \u2013 use the search functionality to go across all the different Facebook apps that we might have installed on our mobile devices?", "start": 112, "labels": ["QUESTION"]}, "origin": "manual", "to_name": "text", "from_name": "label-intro"}, {"type": "labels", "value": {"end": 628, "text": "Mark Elliot Zuckerberg", "start": 605, "labels": ["REPRESENTATIVE"]}, "origin": "manual", "to_name": "text", "from_name": "label-intro"}, {"type": "labels", "value": {"end": 1865, "text": ": So we're pretty early in this whole thing and there's so much unique content that people share in Facebook that I think that that is the clear, unique opportunity to go for first, right? I mean there's \u2013 if you think about the overall web, there's a lot of public content that's out there that any web search engine can go index and provide. But a lot of what we can get at are recommendations on products and travel and restaurants and things that your friends have shared, they haven't shared publicly, and knowing different correlations, or interesting things about what your friends are interested in, and that's the type of stuff, those are questions that we can answer that no one else can answer, and that's probably going to be what we continue to focus on doing first. And I think what you're seeing is that as we enable more use cases and as we just get a lot of the basics right around performance and bringing the mobile features into parity and beyond what we've been able to do on desktop, the volume is growing quickly. I think on a recent earnings call we just announced that we passed 1 billion searches total so now being more than 1 billion on mobile shows some progress that I'm pretty proud of for the search team.", "start": 629, "labels": ["ANSWER"]}, "origin": "manual", "to_name": "text", "from_name": "label-intro"}], "was_cancelled": false, "ground_truth": true, "created_at": "2022-02-04T10:03:51.595520Z", "updated_at": "2022-02-04T10:03:51.595525Z", "lead_time": null, "prediction": {}, "result_count": 0, "task": 17199, "parent_prediction": null, "parent_annotation": null}], "data": {"year": 2015, "company": "FB", "my_text": "\nOperator: Your next question is from Heather Bellini of Goldman Sachs. Your line is open.\nHeather Anne Bellini: Great. Thank you. I just had two quick ones. I was wondering, Mark, I think you mentioned you're seeing 1 billion searches per day on mobile. I was wondering if you could give us an update on your initiatives here. And also when you think about Facebook kind of as a microcosm of different applications, at some point is there a plan that we will be able to search \u2013 use the search functionality to go across all the different Facebook apps that we might have installed on our mobile devices?\nMark Elliot Zuckerberg: So we're pretty early in this whole thing and there's so much unique content that people share in Facebook that I think that that is the clear, unique opportunity to go for first, right? I mean there's \u2013 if you think about the overall web, there's a lot of public content that's out there that any web search engine can go index and provide. But a lot of what we can get at are recommendations on products and travel and restaurants and things that your friends have shared, they haven't shared publicly, and knowing different correlations, or interesting things about what your friends are interested in, and that's the type of stuff, those are questions that we can answer that no one else can answer, and that's probably going to be what we continue to focus on doing first. And I think what you're seeing is that as we enable more use cases and as we just get a lot of the basics right around performance and bringing the mobile features into parity and beyond what we've been able to do on desktop, the volume is growing quickly. I think on a recent earnings call we just announced that we passed 1 billion searches total so now being more than 1 billion on mobile shows some progress that I'm pretty proud of for the search team.", "quarter": 1}}