{"id": 17208, "annotations": [{"id": 17311, "completed_by": 2, "result": [{"type": "labels", "value": {"end": 9, "text": "Operator", "start": 0, "labels": ["OPERATOR"]}, "origin": "manual", "to_name": "text", "from_name": "label-intro"}, {"type": "labels", "value": {"end": 708, "text": ": Your next question is from Ben Schachter with Macquarie. Your line is open. Ben Schachter - Macquarie Capital (USA), Inc. Mark, does the OpEx guide assume an Oculus product for consumers this calendar year? And will the initial products focus on gaming or more on some of the experiences that you showed at F8 around non-gaming like that Saturday Night Live demo? And then separately, beyond searching within Facebook, should we expect to see Facebook leverage its 2 million advertiser relationships against third-party search queries? For example, when a user searches on, say, Yahoo! or maybe some Apple device, Facebook might tap it to advertisers to provide relevant sponsored results. Thanks.", "start": 10, "labels": ["INTRO"]}, "origin": "manual", "to_name": "text", "from_name": "label-intro"}, {"type": "labels", "value": {"end": 724, "text": "David M. Wehner", "start": 708, "labels": ["REPRESENTATIVE"]}, "origin": "manual", "to_name": "text", "from_name": "label-intro"}, {"type": "labels", "value": {"end": 1054, "text": ": Ben, let me take the OpEx guidance question. So we have not announced any specific plans for shipment volumes in 2015 related to Oculus. I just know that Oculus is very much in the development stage so it's early to be talking about large shipment volumes, and our expense guidance reflects any volumes that we might do in 2015.", "start": 725, "labels": ["ANSWER"]}, "origin": "manual", "to_name": "text", "from_name": "label-intro"}, {"type": "labels", "value": {"end": 1073, "text": "Sheryl K. Sandberg", "start": 1054, "labels": ["REPRESENTATIVE"]}, "origin": "manual", "to_name": "text", "from_name": "label-intro"}, {"type": "labels", "value": {"end": 1140, "text": ": And no plans to work with our marketers in the way you described.", "start": 1074, "labels": ["ANSWER"]}, "origin": "manual", "to_name": "text", "from_name": "label-intro"}], "was_cancelled": false, "ground_truth": true, "created_at": "2022-02-04T10:03:51.596217Z", "updated_at": "2022-02-04T10:03:51.596222Z", "lead_time": null, "prediction": {}, "result_count": 0, "task": 17208, "parent_prediction": null, "parent_annotation": null}], "data": {"year": 2015, "company": "FB", "my_text": "\nOperator: Your next question is from Ben Schachter with Macquarie. Your line is open. Ben Schachter - Macquarie Capital (USA), Inc. Mark, does the OpEx guide assume an Oculus product for consumers this calendar year? And will the initial products focus on gaming or more on some of the experiences that you showed at F8 around non-gaming like that Saturday Night Live demo? And then separately, beyond searching within Facebook, should we expect to see Facebook leverage its 2 million advertiser relationships against third-party search queries? For example, when a user searches on, say, Yahoo! or maybe some Apple device, Facebook might tap it to advertisers to provide relevant sponsored results. Thanks.\nDavid M. Wehner: Ben, let me take the OpEx guidance question. So we have not announced any specific plans for shipment volumes in 2015 related to Oculus. I just know that Oculus is very much in the development stage so it's early to be talking about large shipment volumes, and our expense guidance reflects any volumes that we might do in 2015.\nSheryl K. Sandberg: And no plans to work with our marketers in the way you described.", "quarter": 1}}