{"id": 17683, "annotations": [{"id": 17786, "completed_by": 2, "result": [{"type": "labels", "value": {"end": 9, "text": "Operator", "start": 0, "labels": ["OPERATOR"]}, "origin": "manual", "to_name": "text", "from_name": "label-intro"}, {"type": "labels", "value": {"end": 79, "text": ": Your next question comes from the line of Doug Anmuth from JPMorgan.", "start": 10, "labels": ["INTRO"]}, "origin": "manual", "to_name": "text", "from_name": "label-intro"}, {"type": "labels", "value": {"end": 97, "text": "Douglas T. Anmuth", "start": 79, "labels": ["ANALYST"]}, "origin": "manual", "to_name": "text", "from_name": "label-intro"}, {"type": "labels", "value": {"end": 467, "text": ": Great. Thanks for taking the question. A question for Mark. I was hoping you could talk about the company's focus on meaningful social interactions. Several months into some of those changes, do you think behavior on platform has shifted at all? And would you expect the improvements in the experience to ultimately drive a rebound in core Facebook engagement? Thanks.", "start": 98, "labels": ["QUESTION"]}, "origin": "manual", "to_name": "text", "from_name": "label-intro"}, {"type": "labels", "value": {"end": 490, "text": "Mark Elliot Zuckerberg", "start": 467, "labels": ["REPRESENTATIVE"]}, "origin": "manual", "to_name": "text", "from_name": "label-intro"}, {"type": "labels", "value": {"end": 2205, "text": ": Sure. So, we've launched a number of changes that are focused towards trying to encourage more interaction at the expense of some passive consumption on the network. And we found that these have generally encouraged more interaction or positives, so we're going to keep on moving in this direction. We're doing this for a number of reasons. One is that we just started getting a lot of feedback from people in the community that they wanted Facebook to be more about connecting with people, which is really the core of what it's always been, less so about viral videos or news content and just passive consumption. So that's one. Another big driver is we've focused on trying to make sure that we understand the effects of using our services on people's well-being. That's important for all companies. And the research there is very clear that when people are using the Internet, and including our services, to interact with other people, that's associated with all the positive elements of well-being that you'd expect: feeling more connected, feeling less lonely, feeling happier, and long-term measures of health but when you're simply using the Internet to passively consume content that isn't necessarily associated with positive improvements to well-being. So, both because of the feedback that we were getting and the research, we felt like this was really the right direction to go in. We're seeing positive signs in terms of how it's encouraging people to interact more. Of the usage on the platform, we do think that that is the most valuable usage, but that's why we're going in that direction. And everything that we've seen so far suggests to us that we should continue moving in that direction more.", "start": 491, "labels": ["ANSWER"]}, "origin": "manual", "to_name": "text", "from_name": "label-intro"}], "was_cancelled": false, "ground_truth": true, "created_at": "2022-02-04T10:25:34.008295Z", "updated_at": "2022-02-04T10:25:34.008300Z", "lead_time": null, "prediction": {}, "result_count": 0, "task": 17683, "parent_prediction": null, "parent_annotation": null}], "data": {"year": 2018, "company": "FB", "my_text": "\nOperator: Your next question comes from the line of Doug Anmuth from JPMorgan.\nDouglas T. Anmuth: Great. Thanks for taking the question. A question for Mark. I was hoping you could talk about the company's focus on meaningful social interactions. Several months into some of those changes, do you think behavior on platform has shifted at all? And would you expect the improvements in the experience to ultimately drive a rebound in core Facebook engagement? Thanks.\nMark Elliot Zuckerberg: Sure. So, we've launched a number of changes that are focused towards trying to encourage more interaction at the expense of some passive consumption on the network. And we found that these have generally encouraged more interaction or positives, so we're going to keep on moving in this direction. We're doing this for a number of reasons. One is that we just started getting a lot of feedback from people in the community that they wanted Facebook to be more about connecting with people, which is really the core of what it's always been, less so about viral videos or news content and just passive consumption. So that's one. Another big driver is we've focused on trying to make sure that we understand the effects of using our services on people's well-being. That's important for all companies. And the research there is very clear that when people are using the Internet, and including our services, to interact with other people, that's associated with all the positive elements of well-being that you'd expect: feeling more connected, feeling less lonely, feeling happier, and long-term measures of health but when you're simply using the Internet to passively consume content that isn't necessarily associated with positive improvements to well-being. So, both because of the feedback that we were getting and the research, we felt like this was really the right direction to go in. We're seeing positive signs in terms of how it's encouraging people to interact more. Of the usage on the platform, we do think that that is the most valuable usage, but that's why we're going in that direction. And everything that we've seen so far suggests to us that we should continue moving in that direction more.", "quarter": 2}}