{"id": 17216, "annotations": [{"id": 17319, "completed_by": 2, "result": [{"type": "labels", "value": {"end": 9, "text": "Operator", "start": 0, "labels": ["OPERATOR"]}, "origin": "manual", "to_name": "text", "from_name": "label-intro"}, {"type": "labels", "value": {"end": 88, "text": ": Your next question is from Justin Post with Merrill Lynch. Your line is open.", "start": 10, "labels": ["INTRO"]}, "origin": "manual", "to_name": "text", "from_name": "label-intro"}, {"type": "labels", "value": {"end": 100, "text": "Justin Post", "start": 88, "labels": ["ANALYST"]}, "origin": "manual", "to_name": "text", "from_name": "label-intro"}, {"type": "labels", "value": {"end": 460, "text": ": Great. Thank you. I think on the call, you said times spent was 46 minutes per day. Any comparable metric from past quarters? And then how would you, if you can give us that, how would you gauge the overall engagement of Facebook just for the core site? Maybe some help about what you're seeing there and what products are really having an impact. Thank you.", "start": 101, "labels": ["QUESTION"]}, "origin": "manual", "to_name": "text", "from_name": "label-intro"}, {"type": "labels", "value": {"end": 483, "text": "Mark Elliot Zuckerberg", "start": 460, "labels": ["REPRESENTATIVE"]}, "origin": "manual", "to_name": "text", "from_name": "label-intro"}, {"type": "labels", "value": {"end": 1539, "text": ": Well, I think in terms of engagement the product is having, the biggest impact is News Feed continuing to do very well. So News Feed at the core is proving to be just a great experience for users. It's getting better. We continue to invest in that. As people spend more time with News Feed, we get better about understanding what they like and getting the content that they care about in front of them. So we're investing on that front. We're also doing more with public content. That's having an impact. So we're seeing across the board good improvements to News Feed. Video is another big contributor there as well. So, I mean, that's what we're seeing in terms of driving engagement. Engagement across the different regions as we think about it from a DAU-to-MAU perspective was at record levels in the quarter, so we're pleased with that. And we continue to see time spent grow across the platform. So on all those measures, we really like what we're seeing and we like the investments that we're making to make that News Feed experience even better.", "start": 484, "labels": ["ANSWER"]}, "origin": "manual", "to_name": "text", "from_name": "label-intro"}], "was_cancelled": false, "ground_truth": true, "created_at": "2022-02-04T10:03:51.596873Z", "updated_at": "2022-02-04T10:03:51.596878Z", "lead_time": null, "prediction": {}, "result_count": 0, "task": 17216, "parent_prediction": null, "parent_annotation": null}], "data": {"year": 2015, "company": "FB", "my_text": "\nOperator: Your next question is from Justin Post with Merrill Lynch. Your line is open.\nJustin Post: Great. Thank you. I think on the call, you said times spent was 46 minutes per day. Any comparable metric from past quarters? And then how would you, if you can give us that, how would you gauge the overall engagement of Facebook just for the core site? Maybe some help about what you're seeing there and what products are really having an impact. Thank you.\nMark Elliot Zuckerberg: Well, I think in terms of engagement the product is having, the biggest impact is News Feed continuing to do very well. So News Feed at the core is proving to be just a great experience for users. It's getting better. We continue to invest in that. As people spend more time with News Feed, we get better about understanding what they like and getting the content that they care about in front of them. So we're investing on that front. We're also doing more with public content. That's having an impact. So we're seeing across the board good improvements to News Feed. Video is another big contributor there as well. So, I mean, that's what we're seeing in terms of driving engagement. Engagement across the different regions as we think about it from a DAU-to-MAU perspective was at record levels in the quarter, so we're pleased with that. And we continue to see time spent grow across the platform. So on all those measures, we really like what we're seeing and we like the investments that we're making to make that News Feed experience even better.", "quarter": 2}}