{"id": 17693, "annotations": [{"id": 17796, "completed_by": 2, "result": [{"type": "labels", "value": {"end": 9, "text": "Operator", "start": 0, "labels": ["OPERATOR"]}, "origin": "manual", "to_name": "text", "from_name": "label-intro"}, {"type": "labels", "value": {"end": 95, "text": ": Your next question comes from the line of Peter Stabler from Wells Fargo Securities.", "start": 10, "labels": ["INTRO"]}, "origin": "manual", "to_name": "text", "from_name": "label-intro"}, {"type": "labels", "value": {"end": 112, "text": "Peter C. Stabler", "start": 95, "labels": ["ANALYST"]}, "origin": "manual", "to_name": "text", "from_name": "label-intro"}, {"type": "labels", "value": {"end": 781, "text": ": Thanks. One for Sheryl and then one for Dave. Sheryl, just on the SMB side, wondering if you could give us any color by region, if possible. And then secondly, on the go-to-market strategy, to what extent is Facebook dependent upon or leveraging resellers versus small businesses discovering the ad platform on their own? How key is that reseller channel for you on the small business side? And then, for Dave, given that you've given us some kind of relatively specific guidance on the revenue growth decel through the remainder of the year, I'm wondering if you could give us some color on what that embeds from an FX expectation at this point. Thank you very much.", "start": 113, "labels": ["QUESTION"]}, "origin": "manual", "to_name": "text", "from_name": "label-intro"}, {"type": "labels", "value": {"end": 802, "text": "Sheryl Kara Sandberg", "start": 781, "labels": ["REPRESENTATIVE"]}, "origin": "manual", "to_name": "text", "from_name": "label-intro"}, {"type": "labels", "value": {"end": 1582, "text": ": So SMBs are very core to our business and, with over 80 million SMB pages that are using Facebook on a monthly basis, we know they're core to theirs. Our 6 million advertisers come from those pages, and so the fact that we have so much room to grow is exciting for us. We don't break this out by region, but we do see very strong SMB participation across the board and around the world, particularly as SMBs come online, the more. So, you can imagine that some of it goes with Internet penetration and Internet use. In terms of resellers, we think it's a big opportunity. We don't break that out either. But, obviously, some of our ads are sold directly and bought directly through our online interfaces. We also have third-parties that sell our ads and we welcome that as well.", "start": 803, "labels": ["ANSWER"]}, "origin": "manual", "to_name": "text", "from_name": "label-intro"}, {"type": "labels", "value": {"end": 1598, "text": "David M. Wehner", "start": 1582, "labels": ["REPRESENTATIVE"]}, "origin": "manual", "to_name": "text", "from_name": "label-intro"}, {"type": "labels", "value": {"end": 1852, "text": ": Peter, its Dave. Just on the FX, we're just looking at current rates and just rolling those forward, not predicting what the rates will be, but rather looking at current rates and thus what the impact would be if rates stay the same on the second half.", "start": 1599, "labels": ["ANSWER"]}, "origin": "manual", "to_name": "text", "from_name": "label-intro"}], "was_cancelled": false, "ground_truth": true, "created_at": "2022-02-04T10:25:34.008989Z", "updated_at": "2022-02-04T10:25:34.008994Z", "lead_time": null, "prediction": {}, "result_count": 0, "task": 17693, "parent_prediction": null, "parent_annotation": null}], "data": {"year": 2018, "company": "FB", "my_text": "\nOperator: Your next question comes from the line of Peter Stabler from Wells Fargo Securities.\nPeter C. Stabler: Thanks. One for Sheryl and then one for Dave. Sheryl, just on the SMB side, wondering if you could give us any color by region, if possible. And then secondly, on the go-to-market strategy, to what extent is Facebook dependent upon or leveraging resellers versus small businesses discovering the ad platform on their own? How key is that reseller channel for you on the small business side? And then, for Dave, given that you've given us some kind of relatively specific guidance on the revenue growth decel through the remainder of the year, I'm wondering if you could give us some color on what that embeds from an FX expectation at this point. Thank you very much.\nSheryl Kara Sandberg: So SMBs are very core to our business and, with over 80 million SMB pages that are using Facebook on a monthly basis, we know they're core to theirs. Our 6 million advertisers come from those pages, and so the fact that we have so much room to grow is exciting for us. We don't break this out by region, but we do see very strong SMB participation across the board and around the world, particularly as SMBs come online, the more. So, you can imagine that some of it goes with Internet penetration and Internet use. In terms of resellers, we think it's a big opportunity. We don't break that out either. But, obviously, some of our ads are sold directly and bought directly through our online interfaces. We also have third-parties that sell our ads and we welcome that as well.\nDavid M. Wehner: Peter, its Dave. Just on the FX, we're just looking at current rates and just rolling those forward, not predicting what the rates will be, but rather looking at current rates and thus what the impact would be if rates stay the same on the second half.", "quarter": 2}}