{"id": 17266, "annotations": [{"id": 17369, "completed_by": 2, "result": [{"type": "labels", "value": {"end": 9, "text": "Operator", "start": 0, "labels": ["OPERATOR"]}, "origin": "manual", "to_name": "text", "from_name": "label-intro"}, {"type": "labels", "value": {"end": 94, "text": ": The next question is from Mark Mahaney with RBC Capital Markets. Your line is open.", "start": 10, "labels": ["INTRO"]}, "origin": "manual", "to_name": "text", "from_name": "label-intro"}, {"type": "labels", "value": {"end": 107, "text": "Mark Mahaney", "start": 94, "labels": ["ANALYST"]}, "origin": "manual", "to_name": "text", "from_name": "label-intro"}, {"type": "labels", "value": {"end": 453, "text": ": Mark, when you see the what seems like phenomenal success of Pok\u00e9mon Go, what are your reactions to that? And then, David, could you talk about the monetization ramp that you're seeing on the messaging platforms? I know it's still very early days. Anything in there that strike you as being particularly substantive for material yet? Thank you.", "start": 108, "labels": ["QUESTION"]}, "origin": "manual", "to_name": "text", "from_name": "label-intro"}, {"type": "labels", "value": {"end": 476, "text": "Mark Elliot Zuckerberg", "start": 453, "labels": ["REPRESENTATIVE"]}, "origin": "manual", "to_name": "text", "from_name": "label-intro"}, {"type": "labels", "value": {"end": 1727, "text": ": Well, I, like everyone else, am enjoying Pok\u00e9mon Go. And the biggest thing that I think we can take away from this as we invest in augmented reality in addition to virtual reality, is that the phone is probably going to be the mainstream consumer platform that a lot of these AR features first become mainstream rather than glasses form factor that people will wear on their face. So I think we're seeing this in a number of places, whether it's location through Pok\u00e9mon or some of the face filter activity. I referenced the MSQRD app that we acquired earlier in my remarks. That's a kind of a fun way to augment. You know, social experience that you're having with someone. I think that there's a big opportunity to build out that platform and a lot more functionality around that. And one of the big themes that we're talking about here is becoming video first, right, and as people look for richer and richer ways to express themselves just like people in the past just shared a lot of text and photos on Facebook, we think that in the future more of that is going to be video. And more of these augmented reality tools I think are going to be an important part of delivering that experience to making that fun to use and expressive as it can be.", "start": 477, "labels": ["ANSWER"]}, "origin": "manual", "to_name": "text", "from_name": "label-intro"}, {"type": "labels", "value": {"end": 1743, "text": "David M. Wehner", "start": 1727, "labels": ["REPRESENTATIVE"]}, "origin": "manual", "to_name": "text", "from_name": "label-intro"}, {"type": "labels", "value": {"end": 2658, "text": ": And, Mark, we've talked about our strategy on how we go about monetizing the different apps in our portfolio, and we usually talk about it in terms of three phases. Phase one is really growing the user base and engagement. And we're really pleased with where we are with Messenger and WhatsApp in that perspective with it's over 1 billion monthly actives. The second phase is really working on buildings organic interactions between businesses and consumers; and then finally, the third phases is about building those commercial opportunities. With Messenger, we're really at the beginning of phase two. Messenger today has 1 billion organic interactions between businesses and consumers each month. But in terms of where we are in having in terms of actual monetization, incredibly early on that front. We're really in the \u2013 in that phase two where we're really talking about building those organic interactions.", "start": 1744, "labels": ["ANSWER"]}, "origin": "manual", "to_name": "text", "from_name": "label-intro"}], "was_cancelled": false, "ground_truth": true, "created_at": "2022-02-04T10:03:51.600755Z", "updated_at": "2022-02-04T10:03:51.600760Z", "lead_time": null, "prediction": {}, "result_count": 0, "task": 17266, "parent_prediction": null, "parent_annotation": null}], "data": {"year": 2016, "company": "FB", "my_text": "\nOperator: The next question is from Mark Mahaney with RBC Capital Markets. Your line is open.\nMark Mahaney: Mark, when you see the what seems like phenomenal success of Pok\u00e9mon Go, what are your reactions to that? And then, David, could you talk about the monetization ramp that you're seeing on the messaging platforms? I know it's still very early days. Anything in there that strike you as being particularly substantive for material yet? Thank you.\nMark Elliot Zuckerberg: Well, I, like everyone else, am enjoying Pok\u00e9mon Go. And the biggest thing that I think we can take away from this as we invest in augmented reality in addition to virtual reality, is that the phone is probably going to be the mainstream consumer platform that a lot of these AR features first become mainstream rather than glasses form factor that people will wear on their face. So I think we're seeing this in a number of places, whether it's location through Pok\u00e9mon or some of the face filter activity. I referenced the MSQRD app that we acquired earlier in my remarks. That's a kind of a fun way to augment. You know, social experience that you're having with someone. I think that there's a big opportunity to build out that platform and a lot more functionality around that. And one of the big themes that we're talking about here is becoming video first, right, and as people look for richer and richer ways to express themselves just like people in the past just shared a lot of text and photos on Facebook, we think that in the future more of that is going to be video. And more of these augmented reality tools I think are going to be an important part of delivering that experience to making that fun to use and expressive as it can be.\nDavid M. Wehner: And, Mark, we've talked about our strategy on how we go about monetizing the different apps in our portfolio, and we usually talk about it in terms of three phases. Phase one is really growing the user base and engagement. And we're really pleased with where we are with Messenger and WhatsApp in that perspective with it's over 1 billion monthly actives. The second phase is really working on buildings organic interactions between businesses and consumers; and then finally, the third phases is about building those commercial opportunities. With Messenger, we're really at the beginning of phase two. Messenger today has 1 billion organic interactions between businesses and consumers each month. But in terms of where we are in having in terms of actual monetization, incredibly early on that front. We're really in the \u2013 in that phase two where we're really talking about building those organic interactions.", "quarter": 2}}