{"id": 17260, "annotations": [{"id": 17363, "completed_by": 2, "result": [{"type": "labels", "value": {"end": 9, "text": "Operator", "start": 0, "labels": ["OPERATOR"]}, "origin": "manual", "to_name": "text", "from_name": "label-intro"}, {"type": "labels", "value": {"end": 89, "text": ": Your next question is from Ross Sandler with Deutsche Bank. Your line is open.", "start": 10, "labels": ["INTRO"]}, "origin": "manual", "to_name": "text", "from_name": "label-intro"}, {"type": "labels", "value": {"end": 102, "text": "Ross Sandler", "start": 89, "labels": ["ANALYST"]}, "origin": "manual", "to_name": "text", "from_name": "label-intro"}, {"type": "labels", "value": {"end": 817, "text": ": Great, so I guess a question for Mark or Sheryl. So at F8, you showcased a bunch of new features for Messenger, including ads to promote your business inside of Messenger. So how should we think about the timing of those ad units coming on in Messenger? And can you use the same ad stack in the Facebook Power Editor that's used on core Facebook and Instagram to get ads up on Messenger? Can you walk us through that? And then the second question on messaging, so with WhatsApp crossing 1 billion users recently, how do you view the product roadmap today on WhatsApp versus what you showcased recently with Messenger? Is it a year behind, or is it further back than that? Any color there would be helpful. Thanks.", "start": 103, "labels": ["QUESTION"]}, "origin": "manual", "to_name": "text", "from_name": "label-intro"}, {"type": "labels", "value": {"end": 836, "text": "Sheryl K. Sandberg", "start": 817, "labels": ["REPRESENTATIVE"]}, "origin": "manual", "to_name": "text", "from_name": "label-intro"}, {"type": "labels", "value": {"end": 2236, "text": ": For Messenger and WhatsApp, our focus right now continues to be on growth and engagement. We are not rolling out any monetization products on WhatsApp right now, but we did start that process at F8 on Messenger. And what we're doing is following the organic activity that's happening on the Messenger platform. Businesses and consumers are using Messenger to connect to each other in a more personal, more immediate way. And we rolled out a platform beta, which gives new opportunities to build compelling experiences. Bots, very early but giving the opportunity for more personal interactions between businesses and mobile. The 10 received APIs (56:26), so that businesses could send immediate responses to common questions, including engaging images and call to action as well as texts. In terms of the timing, this is really early. We have a lot of opportunity to invest in advertising across our different platforms. And so we want to make sure we get this right as we focus on continued engagement. You're right that over time, when we make these investments, we are going to be able to rely on some of the core aspects of the ads infrastructure. Certainly, our long base of advertisers, some of the things we understand about how ads perform and the functionality will be an important part of the product offerings in the future, but those are not immediate by any stretch of the imagination.", "start": 837, "labels": ["ANSWER"]}, "origin": "manual", "to_name": "text", "from_name": "label-intro"}, {"type": "labels", "value": {"end": 2253, "text": "Deborah Crawford", "start": 2236, "labels": ["REPRESENTATIVE"]}, "origin": "manual", "to_name": "text", "from_name": "label-intro"}, {"type": "labels", "value": {"end": 2300, "text": ": Operator, we have time for one last question.", "start": 2254, "labels": ["ANSWER"]}, "origin": "manual", "to_name": "text", "from_name": "label-intro"}], "was_cancelled": false, "ground_truth": true, "created_at": "2022-02-04T10:03:51.600262Z", "updated_at": "2022-02-04T10:03:51.600267Z", "lead_time": null, "prediction": {}, "result_count": 0, "task": 17260, "parent_prediction": null, "parent_annotation": null}], "data": {"year": 2016, "company": "FB", "my_text": "\nOperator: Your next question is from Ross Sandler with Deutsche Bank. Your line is open.\nRoss Sandler: Great, so I guess a question for Mark or Sheryl. So at F8, you showcased a bunch of new features for Messenger, including ads to promote your business inside of Messenger. So how should we think about the timing of those ad units coming on in Messenger? And can you use the same ad stack in the Facebook Power Editor that's used on core Facebook and Instagram to get ads up on Messenger? Can you walk us through that? And then the second question on messaging, so with WhatsApp crossing 1 billion users recently, how do you view the product roadmap today on WhatsApp versus what you showcased recently with Messenger? Is it a year behind, or is it further back than that? Any color there would be helpful. Thanks.\nSheryl K. Sandberg: For Messenger and WhatsApp, our focus right now continues to be on growth and engagement. We are not rolling out any monetization products on WhatsApp right now, but we did start that process at F8 on Messenger. And what we're doing is following the organic activity that's happening on the Messenger platform. Businesses and consumers are using Messenger to connect to each other in a more personal, more immediate way. And we rolled out a platform beta, which gives new opportunities to build compelling experiences. Bots, very early but giving the opportunity for more personal interactions between businesses and mobile. The 10 received APIs (56:26), so that businesses could send immediate responses to common questions, including engaging images and call to action as well as texts. In terms of the timing, this is really early. We have a lot of opportunity to invest in advertising across our different platforms. And so we want to make sure we get this right as we focus on continued engagement. You're right that over time, when we make these investments, we are going to be able to rely on some of the core aspects of the ads infrastructure. Certainly, our long base of advertisers, some of the things we understand about how ads perform and the functionality will be an important part of the product offerings in the future, but those are not immediate by any stretch of the imagination.\nDeborah Crawford: Operator, we have time for one last question.", "quarter": 1}}