{"id": 17691, "annotations": [{"id": 17794, "completed_by": 2, "result": [{"type": "labels", "value": {"end": 9, "text": "Operator", "start": 0, "labels": ["OPERATOR"]}, "origin": "manual", "to_name": "text", "from_name": "label-intro"}, {"type": "labels", "value": {"end": 86, "text": ": Your next question comes from the line of Anthony DiClemente from Evercore.", "start": 10, "labels": ["INTRO"]}, "origin": "manual", "to_name": "text", "from_name": "label-intro"}, {"type": "labels", "value": {"end": 105, "text": "Anthony DiClemente", "start": 86, "labels": ["ANALYST"]}, "origin": "manual", "to_name": "text", "from_name": "label-intro"}, {"type": "labels", "value": {"end": 1125, "text": ": Thank you. I have two; one for Sheryl and one for Mark. Sheryl, in Dave's comments and the comments about the business impact of engagement shifting to Stories versus feed products, if you could spell out for us I guess the specific reasons why Stories monetization is not as strong as feed today and in the context perhaps of what needs to happen in the future for Stories monetization to rebound to, let's say, parity to where feed is today and sort of get through that negative impact. And then, for Mark, I think perhaps Heather was getting at this in her question, but the company's investing so much into owned data centers. You talked about that I think in your prepared remarks. Are there ways to improve the return on investment of those investments in data center servers, network infrastructure? And what I'm thinking is in order to perhaps service third-parties to maybe just improve those returns in the way that other tech and Internet companies have in terms of investments in infrastructure. Thank you.", "start": 106, "labels": ["QUESTION"]}, "origin": "manual", "to_name": "text", "from_name": "label-intro"}, {"type": "labels", "value": {"end": 1146, "text": "Sheryl Kara Sandberg", "start": 1125, "labels": ["REPRESENTATIVE"]}, "origin": "manual", "to_name": "text", "from_name": "label-intro"}, {"type": "labels", "value": {"end": 2477, "text": ": So, on Stories, we've seen great progress with Stories as a format for people to share on our platforms. We have 400 million people sharing with Instagram Stories, 450 million with WhatsApp Status. Facebook is newer, but we're seeing good progress there. The question is will this monetize at the same rate as News Feed? And we honestly don't know. We'll have to see what happens. There are good reasons to be very optimistic about the monetization. The opportunity, full-screen, authentic, very engaging, different format than feed, gives us an opportunity to grow. We also don't have all of our advertisers yet creating story ads. So, obviously, as more and more advertisers come in and do that, the more and the better ads we'll have. I think getting that ramp will take a while because Stories is a new format, and we definitely see that it takes a while for advertisers to adopt new formats. I think one of the other things we feel good about over the long run, not really the short run, is that since we have so many different places where you have Stories formats in Instagram and WhatsApp and Facebook, as volume increases of the opportunity, advertisers get more interested. But we won't know for a while if it's going to monetize at the same rate. We do feel very good about a new and very engaging opportunity for ads.", "start": 1147, "labels": ["ANSWER"]}, "origin": "manual", "to_name": "text", "from_name": "label-intro"}], "was_cancelled": false, "ground_truth": true, "created_at": "2022-02-04T10:25:34.008854Z", "updated_at": "2022-02-04T10:25:34.008860Z", "lead_time": null, "prediction": {}, "result_count": 0, "task": 17691, "parent_prediction": null, "parent_annotation": null}], "data": {"year": 2018, "company": "FB", "my_text": "\nOperator: Your next question comes from the line of Anthony DiClemente from Evercore.\nAnthony DiClemente: Thank you. I have two; one for Sheryl and one for Mark. Sheryl, in Dave's comments and the comments about the business impact of engagement shifting to Stories versus feed products, if you could spell out for us I guess the specific reasons why Stories monetization is not as strong as feed today and in the context perhaps of what needs to happen in the future for Stories monetization to rebound to, let's say, parity to where feed is today and sort of get through that negative impact. And then, for Mark, I think perhaps Heather was getting at this in her question, but the company's investing so much into owned data centers. You talked about that I think in your prepared remarks. Are there ways to improve the return on investment of those investments in data center servers, network infrastructure? And what I'm thinking is in order to perhaps service third-parties to maybe just improve those returns in the way that other tech and Internet companies have in terms of investments in infrastructure. Thank you.\nSheryl Kara Sandberg: So, on Stories, we've seen great progress with Stories as a format for people to share on our platforms. We have 400 million people sharing with Instagram Stories, 450 million with WhatsApp Status. Facebook is newer, but we're seeing good progress there. The question is will this monetize at the same rate as News Feed? And we honestly don't know. We'll have to see what happens. There are good reasons to be very optimistic about the monetization. The opportunity, full-screen, authentic, very engaging, different format than feed, gives us an opportunity to grow. We also don't have all of our advertisers yet creating story ads. So, obviously, as more and more advertisers come in and do that, the more and the better ads we'll have. I think getting that ramp will take a while because Stories is a new format, and we definitely see that it takes a while for advertisers to adopt new formats. I think one of the other things we feel good about over the long run, not really the short run, is that since we have so many different places where you have Stories formats in Instagram and WhatsApp and Facebook, as volume increases of the opportunity, advertisers get more interested. But we won't know for a while if it's going to monetize at the same rate. We do feel very good about a new and very engaging opportunity for ads.", "quarter": 2}}