{"id": 17628, "annotations": [{"id": 17731, "completed_by": 2, "result": [{"type": "labels", "value": {"end": 9, "text": "Operator", "start": 0, "labels": ["OPERATOR"]}, "origin": "manual", "to_name": "text", "from_name": "label-intro"}, {"type": "labels", "value": {"end": 100, "text": ": Your next question comes from the line of Justin Post from Bank of America Merrill Lynch.", "start": 10, "labels": ["INTRO"]}, "origin": "manual", "to_name": "text", "from_name": "label-intro"}, {"type": "labels", "value": {"end": 112, "text": "Justin Post", "start": 100, "labels": ["ANALYST"]}, "origin": "manual", "to_name": "text", "from_name": "label-intro"}, {"type": "labels", "value": {"end": 608, "text": ": Great. Thank you. Maybe a question for Mark. I know video is a priority for the company. To start with, any change in user trends or engagement as you've added video to Facebook? And then secondly, just how do you think about semi-professional or professional video for Facebook? Is that a good business, given all the content-sharing costs and the production costs when you compare it to your existing social business? And do you see it as cannibalistic or additive as far as usage? Thank you.", "start": 113, "labels": ["QUESTION"]}, "origin": "manual", "to_name": "text", "from_name": "label-intro"}, {"type": "labels", "value": {"end": 624, "text": "David M. Wehner", "start": 608, "labels": ["REPRESENTATIVE"]}, "origin": "manual", "to_name": "text", "from_name": "label-intro"}, {"type": "labels", "value": {"end": 1877, "text": ": I can share a little bit about it, then Mark would want to jump in on any other color. I mean, I would say, as I mentioned, Justin, in my commentary, as people spend more time with video, and more time is going to video, that is going to have a limiting factor to how much time they spend in News Feed. And so, that's going to have an impact on impression rate growth. So there is, in that sense, a cannibalistic effect of sorts that happens there. But what Mark alluded to was video is where people \u2013 as networks improve and devices improve and our products improve, video is the most engaging experience that we can offer. And so, we're seeing consumers adopting that and we're building products for them. In terms of the types of content, I think we're looking at a wide variety of content from \u2013 of course, at the core is people sharing experiences in their lives. And that's at the base of what we offer in terms of bringing the world closer together. It's that community content. But then there's opportunities for semi-professional and professional content. And we're exploring things around the platform of making sure that we're a platform where professional content providers can come, find an audience, and then also monetize that audience.", "start": 625, "labels": ["ANSWER"]}, "origin": "manual", "to_name": "text", "from_name": "label-intro"}, {"type": "labels", "value": {"end": 1900, "text": "Mark Elliot Zuckerberg", "start": 1877, "labels": ["REPRESENTATIVE"]}, "origin": "manual", "to_name": "text", "from_name": "label-intro"}, {"type": "labels", "value": {"end": 1933, "text": ": I think you pretty much got it.", "start": 1901, "labels": ["ANSWER"]}, "origin": "manual", "to_name": "text", "from_name": "label-intro"}], "was_cancelled": false, "ground_truth": true, "created_at": "2022-02-04T10:25:34.003987Z", "updated_at": "2022-02-04T10:25:34.003992Z", "lead_time": null, "prediction": {}, "result_count": 0, "task": 17628, "parent_prediction": null, "parent_annotation": null}], "data": {"year": 2017, "company": "FB", "my_text": "\nOperator: Your next question comes from the line of Justin Post from Bank of America Merrill Lynch.\nJustin Post: Great. Thank you. Maybe a question for Mark. I know video is a priority for the company. To start with, any change in user trends or engagement as you've added video to Facebook? And then secondly, just how do you think about semi-professional or professional video for Facebook? Is that a good business, given all the content-sharing costs and the production costs when you compare it to your existing social business? And do you see it as cannibalistic or additive as far as usage? Thank you.\nDavid M. Wehner: I can share a little bit about it, then Mark would want to jump in on any other color. I mean, I would say, as I mentioned, Justin, in my commentary, as people spend more time with video, and more time is going to video, that is going to have a limiting factor to how much time they spend in News Feed. And so, that's going to have an impact on impression rate growth. So there is, in that sense, a cannibalistic effect of sorts that happens there. But what Mark alluded to was video is where people \u2013 as networks improve and devices improve and our products improve, video is the most engaging experience that we can offer. And so, we're seeing consumers adopting that and we're building products for them. In terms of the types of content, I think we're looking at a wide variety of content from \u2013 of course, at the core is people sharing experiences in their lives. And that's at the base of what we offer in terms of bringing the world closer together. It's that community content. But then there's opportunities for semi-professional and professional content. And we're exploring things around the platform of making sure that we're a platform where professional content providers can come, find an audience, and then also monetize that audience.\nMark Elliot Zuckerberg: I think you pretty much got it.", "quarter": 2}}