{"id": 17634, "annotations": [{"id": 17737, "completed_by": 2, "result": [{"type": "labels", "value": {"end": 9, "text": "Operator", "start": 0, "labels": ["OPERATOR"]}, "origin": "manual", "to_name": "text", "from_name": "label-intro"}, {"type": "labels", "value": {"end": 93, "text": ": Your next question comes from the line of Michael Nathanson from MoffettNathanson.", "start": 10, "labels": ["INTRO"]}, "origin": "manual", "to_name": "text", "from_name": "label-intro"}, {"type": "labels", "value": {"end": 114, "text": "Michael B. Nathanson", "start": 93, "labels": ["ANALYST"]}, "origin": "manual", "to_name": "text", "from_name": "label-intro"}, {"type": "labels", "value": {"end": 454, "text": ": Thank you. I have one for Dave and one for Sheryl. Dave, going back to your prepared comments, I think you mentioned there was 24% growth in pricing this quarter, in unit pricing. Can you help us explain or understand underlying that growth which products you're seeing the greatest inflation maybe quarter over quarter or year over year?", "start": 115, "labels": ["QUESTION"]}, "origin": "manual", "to_name": "text", "from_name": "label-intro"}, {"type": "labels", "value": {"end": 470, "text": "David M. Wehner", "start": 454, "labels": ["REPRESENTATIVE"]}, "origin": "manual", "to_name": "text", "from_name": "label-intro"}, {"type": "labels", "value": {"end": 1968, "text": ": I would really just point to the overall dynamics of the system. And again, what we're seeing is with slower supply growth, that's going to play out to higher pricing. And again, are we effective? And we've been effective at delivering good return on investment for our advertisers and getting better at converting what we have as inventory into what they care about as outcomes. And that from a systemic point of view is what's playing through there. From a product perspective, as we get things like Dynamic Product Ads rolled out, those are incredibly valuable. As we connect more advertisers with those and bring more data into the system and we can get more of the impressions that are very highly targeted and very relevant, then we'll be rewarded with better pricing as we can expand that out into things like Lookalikes. We've talked a lot about it on this call. That basically takes some of that really good targeting and extends that into a much bigger audience, and then we can get more impressions at better value because we're really connecting that with end results that the advertisers value. So it's really all that type of work that we do to get the system better and better, and so we're constantly working to get better penetration of these key ad products. In terms of the supply side, obviously News Feed is incredibly valuable because it's very present for the consumer. And we've improved the quality of the ads in News Feed, and that's another driver from the supply side.", "start": 471, "labels": ["ANSWER"]}, "origin": "manual", "to_name": "text", "from_name": "label-intro"}], "was_cancelled": false, "ground_truth": true, "created_at": "2022-02-04T10:25:34.004425Z", "updated_at": "2022-02-04T10:25:34.004430Z", "lead_time": null, "prediction": {}, "result_count": 0, "task": 17634, "parent_prediction": null, "parent_annotation": null}], "data": {"year": 2017, "company": "FB", "my_text": "\nOperator: Your next question comes from the line of Michael Nathanson from MoffettNathanson.\nMichael B. Nathanson: Thank you. I have one for Dave and one for Sheryl. Dave, going back to your prepared comments, I think you mentioned there was 24% growth in pricing this quarter, in unit pricing. Can you help us explain or understand underlying that growth which products you're seeing the greatest inflation maybe quarter over quarter or year over year?\nDavid M. Wehner: I would really just point to the overall dynamics of the system. And again, what we're seeing is with slower supply growth, that's going to play out to higher pricing. And again, are we effective? And we've been effective at delivering good return on investment for our advertisers and getting better at converting what we have as inventory into what they care about as outcomes. And that from a systemic point of view is what's playing through there. From a product perspective, as we get things like Dynamic Product Ads rolled out, those are incredibly valuable. As we connect more advertisers with those and bring more data into the system and we can get more of the impressions that are very highly targeted and very relevant, then we'll be rewarded with better pricing as we can expand that out into things like Lookalikes. We've talked a lot about it on this call. That basically takes some of that really good targeting and extends that into a much bigger audience, and then we can get more impressions at better value because we're really connecting that with end results that the advertisers value. So it's really all that type of work that we do to get the system better and better, and so we're constantly working to get better penetration of these key ad products. In terms of the supply side, obviously News Feed is incredibly valuable because it's very present for the consumer. And we've improved the quality of the ads in News Feed, and that's another driver from the supply side.", "quarter": 2}}