{"id": 17673, "annotations": [{"id": 17776, "completed_by": 2, "result": [{"type": "labels", "value": {"end": 9, "text": "Operator", "start": 0, "labels": ["OPERATOR"]}, "origin": "manual", "to_name": "text", "from_name": "label-intro"}, {"type": "labels", "value": {"end": 95, "text": ": Your next question comes from the line of Peter Stabler with Wells Fargo Securities.", "start": 10, "labels": ["INTRO"]}, "origin": "manual", "to_name": "text", "from_name": "label-intro"}, {"type": "labels", "value": {"end": 112, "text": "Peter C. Stabler", "start": 95, "labels": ["ANALYST"]}, "origin": "manual", "to_name": "text", "from_name": "label-intro"}, {"type": "labels", "value": {"end": 655, "text": ": Thanks very much. A couple for Sheryl, if I may. A couple on GDPR. Do you think it's going to have any impact on your measurement capabilities? So that's one. And then secondly, if users elect to take the strictest possible approach to their data management, would their product experience change in any way on Facebook? I mean, we have a sense that their advertising experience might change, but in terms of their use of News Feed or any of your products, would the actual product functionality materially change for them? Thanks very much.", "start": 113, "labels": ["QUESTION"]}, "origin": "manual", "to_name": "text", "from_name": "label-intro"}, {"type": "labels", "value": {"end": 676, "text": "Sheryl Kara Sandberg", "start": 655, "labels": ["REPRESENTATIVE"]}, "origin": "manual", "to_name": "text", "from_name": "label-intro"}, {"type": "labels", "value": {"end": 1901, "text": ": When you think about the way people have the choice to restrict data use, I think it would affect the product. There is lots of ways we use data to make the product better. It really depends what that would be. I don't think we have full visibility into what those changes would be over the long time. In terms of measurement capabilities, I don't think there's a direct thing we're exactly worried about right now. It's more what happens over the long time. The way we think about it, and Dave said this, is that the amount of uncertainty there is for us and all the other companies in the digital advertising industry is reasonably higher than it's been right now because we're in the process of rolling out GDPR. We're going to all know a lot more after we roll out, but the thing that won't change is that advertisers are going to look at the highest ROI opportunity. And what's most important in winning budgets is relative performance in the industry. And so we think that certainly we want to provide the best advertising, we certainly want to provide the best measurement, but our ability to do so as long as things happen across the industry, which is what's happening, I think we remain in a very strong position.", "start": 677, "labels": ["ANSWER"]}, "origin": "manual", "to_name": "text", "from_name": "label-intro"}], "was_cancelled": false, "ground_truth": true, "created_at": "2022-02-04T10:25:34.007433Z", "updated_at": "2022-02-04T10:25:34.007438Z", "lead_time": null, "prediction": {}, "result_count": 0, "task": 17673, "parent_prediction": null, "parent_annotation": null}], "data": {"year": 2018, "company": "FB", "my_text": "\nOperator: Your next question comes from the line of Peter Stabler with Wells Fargo Securities.\nPeter C. Stabler: Thanks very much. A couple for Sheryl, if I may. A couple on GDPR. Do you think it's going to have any impact on your measurement capabilities? So that's one. And then secondly, if users elect to take the strictest possible approach to their data management, would their product experience change in any way on Facebook? I mean, we have a sense that their advertising experience might change, but in terms of their use of News Feed or any of your products, would the actual product functionality materially change for them? Thanks very much.\nSheryl Kara Sandberg: When you think about the way people have the choice to restrict data use, I think it would affect the product. There is lots of ways we use data to make the product better. It really depends what that would be. I don't think we have full visibility into what those changes would be over the long time. In terms of measurement capabilities, I don't think there's a direct thing we're exactly worried about right now. It's more what happens over the long time. The way we think about it, and Dave said this, is that the amount of uncertainty there is for us and all the other companies in the digital advertising industry is reasonably higher than it's been right now because we're in the process of rolling out GDPR. We're going to all know a lot more after we roll out, but the thing that won't change is that advertisers are going to look at the highest ROI opportunity. And what's most important in winning budgets is relative performance in the industry. And so we think that certainly we want to provide the best advertising, we certainly want to provide the best measurement, but our ability to do so as long as things happen across the industry, which is what's happening, I think we remain in a very strong position.", "quarter": 1}}