{"id": 17624, "annotations": [{"id": 17727, "completed_by": 2, "result": [{"type": "labels", "value": {"end": 9, "text": "Operator", "start": 0, "labels": ["OPERATOR"]}, "origin": "manual", "to_name": "text", "from_name": "label-intro"}, {"type": "labels", "value": {"end": 88, "text": ": Your next question comes from the line of Heather Bellini from Goldman Sachs.", "start": 10, "labels": ["INTRO"]}, "origin": "manual", "to_name": "text", "from_name": "label-intro"}, {"type": "labels", "value": {"end": 104, "text": "Heather Bellini", "start": 88, "labels": ["ANALYST"]}, "origin": "manual", "to_name": "text", "from_name": "label-intro"}, {"type": "labels", "value": {"end": 469, "text": ": Great, thank you. I was wondering. Sheryl talked a little bit about Instagram Stories. I was wondering if you could share with us the initial feedback from advertisers. Do they see it as similar to advertising in the IG feed, or are they using it to reach people in a different way, if you've noticed anything over the period that you've been doing it? Thank you.", "start": 105, "labels": ["QUESTION"]}, "origin": "manual", "to_name": "text", "from_name": "label-intro"}, {"type": "labels", "value": {"end": 490, "text": "Sheryl Kara Sandberg", "start": 469, "labels": ["REPRESENTATIVE"]}, "origin": "manual", "to_name": "text", "from_name": "label-intro"}, {"type": "labels", "value": {"end": 1930, "text": ": So it's pretty early for ads in Stories. And I think the way people largely think about this is this is another way of using the Facebook ad system, including our targeting and measurement capabilities, to create ads that are great creative that can reach people. So the fully immersive format with the targeting and optimization of Facebook ads is a pretty unmatched opportunity. We also have a huge opportunity within Instagram. And obviously, the use of ads in Instagram is much, much bigger than the use of ads in Stories. The way we think about this is we're trying to help marketers reach their customers, both their existing and their new customers, effectively. And we think it's a combination of all these offerings that really are the strength of our business and explains why we can continue to grow. So within one interface, we're working with one sales rep. If you're a large company or a small company, you can buy Facebook. You can buy Instagram. You can buy Audience Network. You can buy the different ad formats within Facebook and Instagram. And that means that you have multiple targeting opportunities, multiple opportunities, and even opportunities to see who engages in an ad in one place and then reinvest to continue the conversation with those customers. So we think all of these things work together. And these new formats fit in really nicely with the ad system we built, which underlies all of the opportunity.", "start": 491, "labels": ["ANSWER"]}, "origin": "manual", "to_name": "text", "from_name": "label-intro"}], "was_cancelled": false, "ground_truth": true, "created_at": "2022-02-04T10:25:34.003706Z", "updated_at": "2022-02-04T10:25:34.003710Z", "lead_time": null, "prediction": {}, "result_count": 0, "task": 17624, "parent_prediction": null, "parent_annotation": null}], "data": {"year": 2017, "company": "FB", "my_text": "\nOperator: Your next question comes from the line of Heather Bellini from Goldman Sachs.\nHeather Bellini: Great, thank you. I was wondering. Sheryl talked a little bit about Instagram Stories. I was wondering if you could share with us the initial feedback from advertisers. Do they see it as similar to advertising in the IG feed, or are they using it to reach people in a different way, if you've noticed anything over the period that you've been doing it? Thank you.\nSheryl Kara Sandberg: So it's pretty early for ads in Stories. And I think the way people largely think about this is this is another way of using the Facebook ad system, including our targeting and measurement capabilities, to create ads that are great creative that can reach people. So the fully immersive format with the targeting and optimization of Facebook ads is a pretty unmatched opportunity. We also have a huge opportunity within Instagram. And obviously, the use of ads in Instagram is much, much bigger than the use of ads in Stories. The way we think about this is we're trying to help marketers reach their customers, both their existing and their new customers, effectively. And we think it's a combination of all these offerings that really are the strength of our business and explains why we can continue to grow. So within one interface, we're working with one sales rep. If you're a large company or a small company, you can buy Facebook. You can buy Instagram. You can buy Audience Network. You can buy the different ad formats within Facebook and Instagram. And that means that you have multiple targeting opportunities, multiple opportunities, and even opportunities to see who engages in an ad in one place and then reinvest to continue the conversation with those customers. So we think all of these things work together. And these new formats fit in really nicely with the ad system we built, which underlies all of the opportunity.", "quarter": 2}}