{"id": 17636, "annotations": [{"id": 17739, "completed_by": 2, "result": [{"type": "labels", "value": {"end": 9, "text": "Operator", "start": 0, "labels": ["OPERATOR"]}, "origin": "manual", "to_name": "text", "from_name": "label-intro"}, {"type": "labels", "value": {"end": 88, "text": ": Your next question comes from the line of Brian Wieser from Pivotal Research.", "start": 10, "labels": ["INTRO"]}, "origin": "manual", "to_name": "text", "from_name": "label-intro"}, {"type": "labels", "value": {"end": 104, "text": "Brian W. Wieser", "start": 88, "labels": ["ANALYST"]}, "origin": "manual", "to_name": "text", "from_name": "label-intro"}, {"type": "labels", "value": {"end": 942, "text": ": Thanks for taking the question. I was wondering if you could comment on how you think the European Commission's GDPR [General Data Protection Regulation] and related privacy initiatives will impact the business, either generally positively, negatively, and whether or not those policies around privacy might yet become global standards. I'm curious how you think that impacts both the consumer product as well as the advertising business. And maybe separately, I'm just curious if among those advertisers who have expressed particular concern around third-party tool access, we certainly heard from some who have said very publicly that they're going to reduce their spending. Obviously, others clearly are increasing their spending. But curious how far you've gone towards allaying those concerns and possibly regaining any lost spend.", "start": 105, "labels": ["QUESTION"]}, "origin": "manual", "to_name": "text", "from_name": "label-intro"}, {"type": "labels", "value": {"end": 963, "text": "Sheryl Kara Sandberg", "start": 942, "labels": ["REPRESENTATIVE"]}, "origin": "manual", "to_name": "text", "from_name": "label-intro"}, {"type": "labels", "value": {"end": 1877, "text": ": When we think about any regulatory issue, GDPR or anything else, we respect local laws and regulations. And we have to work really closely with regulators to make sure they understand our business practices, understand how we contribute to economic growth in their countries, and understand the steps we take and continue to take to protect privacy. Certainly, regulation is always an area of focus that we work hard to make sure that we are explaining our business clearly and making sure regulators know the steps we take to protect privacy as well as making sure that we're in compliance. When you think about the metrics question you asked, how we think about what is \u2013 so what I think you're asking about is third-party verification. We're very interested in making sure that marketers can verify or measure outcomes through third-parties, and that's why we're working to actively expand those partnerships.", "start": 964, "labels": ["ANSWER"]}, "origin": "manual", "to_name": "text", "from_name": "label-intro"}], "was_cancelled": false, "ground_truth": true, "created_at": "2022-02-04T10:25:34.004558Z", "updated_at": "2022-02-04T10:25:34.004563Z", "lead_time": null, "prediction": {}, "result_count": 0, "task": 17636, "parent_prediction": null, "parent_annotation": null}], "data": {"year": 2017, "company": "FB", "my_text": "\nOperator: Your next question comes from the line of Brian Wieser from Pivotal Research.\nBrian W. Wieser: Thanks for taking the question. I was wondering if you could comment on how you think the European Commission's GDPR [General Data Protection Regulation] and related privacy initiatives will impact the business, either generally positively, negatively, and whether or not those policies around privacy might yet become global standards. I'm curious how you think that impacts both the consumer product as well as the advertising business. And maybe separately, I'm just curious if among those advertisers who have expressed particular concern around third-party tool access, we certainly heard from some who have said very publicly that they're going to reduce their spending. Obviously, others clearly are increasing their spending. But curious how far you've gone towards allaying those concerns and possibly regaining any lost spend.\nSheryl Kara Sandberg: When we think about any regulatory issue, GDPR or anything else, we respect local laws and regulations. And we have to work really closely with regulators to make sure they understand our business practices, understand how we contribute to economic growth in their countries, and understand the steps we take and continue to take to protect privacy. Certainly, regulation is always an area of focus that we work hard to make sure that we are explaining our business clearly and making sure regulators know the steps we take to protect privacy as well as making sure that we're in compliance. When you think about the metrics question you asked, how we think about what is \u2013 so what I think you're asking about is third-party verification. We're very interested in making sure that marketers can verify or measure outcomes through third-parties, and that's why we're working to actively expand those partnerships.", "quarter": 2}}