{"id": 17591, "annotations": [{"id": 17694, "completed_by": 2, "result": [{"type": "labels", "value": {"end": 9, "text": "Operator", "start": 0, "labels": ["OPERATOR"]}, "origin": "manual", "to_name": "text", "from_name": "label-intro"}, {"type": "labels", "value": {"end": 54, "text": ": From UBS, we'll hear from Steve Milunovich.", "start": 10, "labels": ["INTRO"]}, "origin": "manual", "to_name": "text", "from_name": "label-intro"}, {"type": "labels", "value": {"end": 75, "text": "Steven M. Milunovich", "start": 54, "labels": ["ANALYST"]}, "origin": "manual", "to_name": "text", "from_name": "label-intro"}, {"type": "labels", "value": {"end": 775, "text": ": Thank you. Tim, I first wanted to ask you about Services, and how do you view Services? You've obviously highlighted it the last two quarters. Do you view it going forward as a primary driver of earnings, or do you view it \u2013 you mentioned platforms in terms of your operating systems, which I would agree with. And in that scenario, I would argue it's more a supporter of the ecosystem and a supporter of the hardware margins over time and therefore somewhat subservient to hardware. So it's great that it's growing, but longer term, I would view its role as more creating ecosystem that supports the high margins on hardware as opposed to independently driving earnings. How do you think about it?", "start": 76, "labels": ["QUESTION"]}, "origin": "manual", "to_name": "text", "from_name": "label-intro"}, {"type": "labels", "value": {"end": 795, "text": "Timothy Donald Cook", "start": 775, "labels": ["REPRESENTATIVE"]}, "origin": "manual", "to_name": "text", "from_name": "label-intro"}, {"type": "labels", "value": {"end": 1616, "text": ": The most important thing for us, Steve, is that we want to have a great customer experience. So overwhelmingly, the thing that drives us are to embark on services that help that and become a part of the ecosystem. The reality is that in doing so, we have developed a very large and profitable business in the Services area. And so we felt last quarter and working up to that that we should pull back the curtain so that people could \u2013 our investors could see the Services business both in terms of the scale of it and the growth of it. As we said earlier, the purchase value of the installed base services grew by 27% during the quarter, which was an acceleration over the previous quarter. And the value of it hit just \u2013 or was just shy of $10 billion. And so it's huge, and we felt it was important to spell that out.", "start": 796, "labels": ["ANSWER"]}, "origin": "manual", "to_name": "text", "from_name": "label-intro"}, {"type": "labels", "value": {"end": 1637, "text": "Steven M. Milunovich", "start": 1616, "labels": ["ANALYST"]}, "origin": "manual", "to_name": "text", "from_name": "label-intro"}, {"type": "labels", "value": {"end": 2268, "text": ": Okay. And then going back to the upgrades of the installed base, you clearly mentioned that you've pulled forward some demand, which makes sense. But there does seem to be a lengthening of the upgrade cycle, particularly in the U.S. AT&T and Verizon have talked about that. Investors I think perceive that maybe the marginal improvements on the phone might be less currently and could be less going forward. At the same time, I think you just announced that you can get the upgrade program online, which I guess potentially could shorten it. Do you believe that upgrade cycles are currently lengthening and can continue to do so?", "start": 1638, "labels": ["QUESTION"]}, "origin": "manual", "to_name": "text", "from_name": "label-intro"}, {"type": "labels", "value": {"end": 2288, "text": "Timothy Donald Cook", "start": 2268, "labels": ["REPRESENTATIVE"]}, "origin": "manual", "to_name": "text", "from_name": "label-intro"}, {"type": "labels", "value": {"end": 3088, "text": ": What we've seen is that it depends on what you compare it to. If you compare to the iPhone 5s, what we're seeing is the upgrade rate today is slightly higher or that there are more people upgrading, if you will, in a similar time period in terms of rate than the iPhone 5s. But if you compare to iPhone 6, you would clearly arrive at the opposite conclusion. And so I think it depends on people's reference points. And we thought it very important in this call to be very clear and transparent about what we are seeing. And so I think in retrospect, you can look at it and say, well maybe the appropriate measure is more to the iPhone 5s, and I think everybody intuitively thought that the upgrades were accelerated with the iPhone 6. In retrospect, when you look at the periods, they clearly were.", "start": 2289, "labels": ["ANSWER"]}, "origin": "manual", "to_name": "text", "from_name": "label-intro"}, {"type": "labels", "value": {"end": 3109, "text": "Steven M. Milunovich", "start": 3088, "labels": ["ANALYST"]}, "origin": "manual", "to_name": "text", "from_name": "label-intro"}, {"type": "labels", "value": {"end": 3121, "text": ": Thank you.", "start": 3110, "labels": ["QUESTION"]}, "origin": "manual", "to_name": "text", "from_name": "label-intro"}, {"type": "labels", "value": {"end": 3134, "text": "Nancy Paxton", "start": 3121, "labels": ["ANALYST"]}, "origin": "manual", "to_name": "text", "from_name": "label-intro"}, {"type": "labels", "value": {"end": 3189, "text": ": Thanks, Steve. Can we have the next question, please?", "start": 3135, "labels": ["QUESTION"]}, "origin": "manual", "to_name": "text", "from_name": "label-intro"}], "was_cancelled": false, "ground_truth": true, "created_at": "2022-02-04T10:03:51.626526Z", "updated_at": "2022-02-04T10:03:51.626531Z", "lead_time": null, "prediction": {}, "result_count": 0, "task": 17591, "parent_prediction": null, "parent_annotation": null}], "data": {"year": 2016, "company": "AAPL", "my_text": "\nOperator: From UBS, we'll hear from Steve Milunovich.\nSteven M. Milunovich: Thank you. Tim, I first wanted to ask you about Services, and how do you view Services? You've obviously highlighted it the last two quarters. Do you view it going forward as a primary driver of earnings, or do you view it \u2013 you mentioned platforms in terms of your operating systems, which I would agree with. And in that scenario, I would argue it's more a supporter of the ecosystem and a supporter of the hardware margins over time and therefore somewhat subservient to hardware. So it's great that it's growing, but longer term, I would view its role as more creating ecosystem that supports the high margins on hardware as opposed to independently driving earnings. How do you think about it?\nTimothy Donald Cook: The most important thing for us, Steve, is that we want to have a great customer experience. So overwhelmingly, the thing that drives us are to embark on services that help that and become a part of the ecosystem. The reality is that in doing so, we have developed a very large and profitable business in the Services area. And so we felt last quarter and working up to that that we should pull back the curtain so that people could \u2013 our investors could see the Services business both in terms of the scale of it and the growth of it. As we said earlier, the purchase value of the installed base services grew by 27% during the quarter, which was an acceleration over the previous quarter. And the value of it hit just \u2013 or was just shy of $10 billion. And so it's huge, and we felt it was important to spell that out.\nSteven M. Milunovich: Okay. And then going back to the upgrades of the installed base, you clearly mentioned that you've pulled forward some demand, which makes sense. But there does seem to be a lengthening of the upgrade cycle, particularly in the U.S. AT&T and Verizon have talked about that. Investors I think perceive that maybe the marginal improvements on the phone might be less currently and could be less going forward. At the same time, I think you just announced that you can get the upgrade program online, which I guess potentially could shorten it. Do you believe that upgrade cycles are currently lengthening and can continue to do so?\nTimothy Donald Cook: What we've seen is that it depends on what you compare it to. If you compare to the iPhone 5s, what we're seeing is the upgrade rate today is slightly higher or that there are more people upgrading, if you will, in a similar time period in terms of rate than the iPhone 5s. But if you compare to iPhone 6, you would clearly arrive at the opposite conclusion. And so I think it depends on people's reference points. And we thought it very important in this call to be very clear and transparent about what we are seeing. And so I think in retrospect, you can look at it and say, well maybe the appropriate measure is more to the iPhone 5s, and I think everybody intuitively thought that the upgrades were accelerated with the iPhone 6. In retrospect, when you look at the periods, they clearly were.\nSteven M. Milunovich: Thank you.\nNancy Paxton: Thanks, Steve. Can we have the next question, please?", "quarter": 2}}