{"id": 18853, "annotations": [{"id": 18956, "completed_by": 2, "result": [{"type": "labels", "value": {"end": 9, "text": "Operator", "start": 0, "labels": ["OPERATOR"]}, "origin": "manual", "to_name": "text", "from_name": "label-intro"}, {"type": "labels", "value": {"end": 80, "text": ": Your first question will come from Shannon Cross with Cross Research.", "start": 10, "labels": ["INTRO"]}, "origin": "manual", "to_name": "text", "from_name": "label-intro"}, {"type": "labels", "value": {"end": 97, "text": "Shannon S. Cross", "start": 80, "labels": ["ANALYST"]}, "origin": "manual", "to_name": "text", "from_name": "label-intro"}, {"type": "labels", "value": {"end": 611, "text": ": Thank you very much. I wanted to ask about your thoughts on sort of iPhone and positioning now that we're a couple of quarters out from the launch of the iPhone X. Given the $1,000 price point, and it's clearly selling but there's been a lot of questions in the market about sustainability of that price point and how you're thinking about it as you look out sort of holistically across your lineup. So if you could talk a bit about what you're hearing from your customers and then I have a follow up. Thank you.", "start": 98, "labels": ["QUESTION"]}, "origin": "manual", "to_name": "text", "from_name": "label-intro"}, {"type": "labels", "value": {"end": 631, "text": "Timothy Donald Cook", "start": 611, "labels": ["REPRESENTATIVE"]}, "origin": "manual", "to_name": "text", "from_name": "label-intro"}, {"type": "labels", "value": {"end": 1884, "text": ": Sure. Shannon, it's Tim. As Luca mentioned earlier, our revenues are up 14% year-over-year on iPhone and that's a combination of single digit unit growth and ASP growth that is mainly driven by iPhone X. I think that our iPhone line shows that there's a variety of different customers in a market that is as large as a smartphone market and so we're going to continue to provide different iPhones for folks to meet their needs. On iPhone X specifically, I think it's important to maybe emphasize again one of the things I mentioned in my opening comments, that customers chose iPhone X more than any other iPhone each and every week in the March quarter, just as they did following its launch in the December quarter. Also, since we split the line with the launch of iPhone 6 and 6 Plus back in 2014, this is the first cycle that we've ever had where the top of the line iPhone model has also been the most popular. And so with the customer set that Luca referenced as well, the 99%, the iPhone X is a beloved product. And so I think that it's one of those things where like a team wins the Super Bowl, maybe you want them to win by a few more points but it's a Super Bowl winner and that's how we feel about it. I could not be prouder of the product.", "start": 632, "labels": ["ANSWER"]}, "origin": "manual", "to_name": "text", "from_name": "label-intro"}, {"type": "labels", "value": {"end": 1901, "text": "Shannon S. Cross", "start": 1884, "labels": ["ANALYST"]}, "origin": "manual", "to_name": "text", "from_name": "label-intro"}, {"type": "labels", "value": {"end": 2259, "text": ": Okay. Thank you. And then, Luca, can you talk a bit about working capital, specifically inventory which went up pretty significantly quarter-over-quarter? What's driving that and how are you thinking about, I mean, it's one of the uses of cash obviously, so how are you thinking about inventory and maybe working capital in general as you're going forward?", "start": 1902, "labels": ["QUESTION"]}, "origin": "manual", "to_name": "text", "from_name": "label-intro"}, {"type": "labels", "value": {"end": 2272, "text": "Luca Maestri", "start": 2259, "labels": ["REPRESENTATIVE"]}, "origin": "manual", "to_name": "text", "from_name": "label-intro"}, {"type": "labels", "value": {"end": 2637, "text": ": Yeah, Shannon, you know that we've always generated significant amount of cash through working capital. We've got a negative cash conversion cycle and we plan to continue to have that. Our inventory level has gone up. It's just a temporary event. We have decided to make some purchasing decision, given current market conditions, and that should unwind over time.", "start": 2273, "labels": ["ANSWER"]}, "origin": "manual", "to_name": "text", "from_name": "label-intro"}, {"type": "labels", "value": {"end": 2654, "text": "Shannon S. Cross", "start": 2637, "labels": ["ANALYST"]}, "origin": "manual", "to_name": "text", "from_name": "label-intro"}, {"type": "labels", "value": {"end": 2700, "text": ": So that was essentially component purchases?", "start": 2655, "labels": ["QUESTION"]}, "origin": "manual", "to_name": "text", "from_name": "label-intro"}, {"type": "labels", "value": {"end": 2713, "text": "Luca Maestri", "start": 2700, "labels": ["REPRESENTATIVE"]}, "origin": "manual", "to_name": "text", "from_name": "label-intro"}, {"type": "labels", "value": {"end": 2723, "text": ": Correct.", "start": 2714, "labels": ["ANSWER"]}, "origin": "manual", "to_name": "text", "from_name": "label-intro"}, {"type": "labels", "value": {"end": 2736, "text": "Nancy Paxton", "start": 2723, "labels": ["REPRESENTATIVE"]}, "origin": "manual", "to_name": "text", "from_name": "label-intro"}, {"type": "labels", "value": {"end": 2757, "text": ": Thank you. Shannon.", "start": 2737, "labels": ["ANSWER"]}, "origin": "manual", "to_name": "text", "from_name": "label-intro"}, {"type": "labels", "value": {"end": 2774, "text": "Shannon S. Cross", "start": 2757, "labels": ["ANALYST"]}, "origin": "manual", "to_name": "text", "from_name": "label-intro"}, {"type": "labels", "value": {"end": 2802, "text": ": Okay. Thank you very much.", "start": 2775, "labels": ["QUESTION"]}, "origin": "manual", "to_name": "text", "from_name": "label-intro"}, {"type": "labels", "value": {"end": 2815, "text": "Nancy Paxton", "start": 2802, "labels": ["REPRESENTATIVE"]}, "origin": "manual", "to_name": "text", "from_name": "label-intro"}, {"type": "labels", "value": {"end": 2855, "text": ": Can we have the next question, please?", "start": 2816, "labels": ["ANSWER"]}, "origin": "manual", "to_name": "text", "from_name": "label-intro"}], "was_cancelled": false, "ground_truth": true, "created_at": "2022-02-04T10:25:35.347462Z", "updated_at": "2022-02-04T10:25:35.347468Z", "lead_time": null, "prediction": {}, "result_count": 0, "task": 18853, "parent_prediction": null, "parent_annotation": null}], "data": {"year": 2018, "company": "AAPL", "my_text": "\nOperator: Your first question will come from Shannon Cross with Cross Research.\nShannon S. Cross: Thank you very much. I wanted to ask about your thoughts on sort of iPhone and positioning now that we're a couple of quarters out from the launch of the iPhone X. Given the $1,000 price point, and it's clearly selling but there's been a lot of questions in the market about sustainability of that price point and how you're thinking about it as you look out sort of holistically across your lineup. So if you could talk a bit about what you're hearing from your customers and then I have a follow up. Thank you.\nTimothy Donald Cook: Sure. Shannon, it's Tim. As Luca mentioned earlier, our revenues are up 14% year-over-year on iPhone and that's a combination of single digit unit growth and ASP growth that is mainly driven by iPhone X. I think that our iPhone line shows that there's a variety of different customers in a market that is as large as a smartphone market and so we're going to continue to provide different iPhones for folks to meet their needs. On iPhone X specifically, I think it's important to maybe emphasize again one of the things I mentioned in my opening comments, that customers chose iPhone X more than any other iPhone each and every week in the March quarter, just as they did following its launch in the December quarter. Also, since we split the line with the launch of iPhone 6 and 6 Plus back in 2014, this is the first cycle that we've ever had where the top of the line iPhone model has also been the most popular. And so with the customer set that Luca referenced as well, the 99%, the iPhone X is a beloved product. And so I think that it's one of those things where like a team wins the Super Bowl, maybe you want them to win by a few more points but it's a Super Bowl winner and that's how we feel about it. I could not be prouder of the product.\nShannon S. Cross: Okay. Thank you. And then, Luca, can you talk a bit about working capital, specifically inventory which went up pretty significantly quarter-over-quarter? What's driving that and how are you thinking about, I mean, it's one of the uses of cash obviously, so how are you thinking about inventory and maybe working capital in general as you're going forward?\nLuca Maestri: Yeah, Shannon, you know that we've always generated significant amount of cash through working capital. We've got a negative cash conversion cycle and we plan to continue to have that. Our inventory level has gone up. It's just a temporary event. We have decided to make some purchasing decision, given current market conditions, and that should unwind over time.\nShannon S. Cross: So that was essentially component purchases?\nLuca Maestri: Correct.\nNancy Paxton: Thank you. Shannon.\nShannon S. Cross: Okay. Thank you very much.\nNancy Paxton: Can we have the next question, please?", "quarter": 2}}