{"id": 18840, "annotations": [{"id": 18943, "completed_by": 2, "result": [{"type": "labels", "value": {"end": 9, "text": "Operator", "start": 0, "labels": ["OPERATOR"]}, "origin": "manual", "to_name": "text", "from_name": "label-intro"}, {"type": "labels", "value": {"end": 46, "text": ": From Cross Research, Shannon Cross.", "start": 10, "labels": ["INTRO"]}, "origin": "manual", "to_name": "text", "from_name": "label-intro"}, {"type": "labels", "value": {"end": 63, "text": "Shannon S. Cross", "start": 46, "labels": ["ANALYST"]}, "origin": "manual", "to_name": "text", "from_name": "label-intro"}, {"type": "labels", "value": {"end": 761, "text": ": Thank you very much. A couple questions. The first, Tim, can you talk a bit about how you're thinking in terms of the lineup? You go from $340 \u2013 this is for iPhone \u2013 you go from $349 to above $1,000. And it appears that you probably sold a fair amount at the lower end. Perhaps that was just some of the switchers in China and maybe drove some of the growth in China in terms of market share. But how are you sort of thinking about what went into the guidance for the December quarter? Are you seeing really strong demand at the low end and obviously expected benefit from the X at the high end? I'm just trying to understand because you have such a broader lineup than you've had in prior years.", "start": 64, "labels": ["QUESTION"]}, "origin": "manual", "to_name": "text", "from_name": "label-intro"}, {"type": "labels", "value": {"end": 777, "text": "Timothy D. Cook", "start": 761, "labels": ["REPRESENTATIVE"]}, "origin": "manual", "to_name": "text", "from_name": "label-intro"}, {"type": "labels", "value": {"end": 1601, "text": ": Yes. In terms of what we saw in Q4, you can probably tell from the ASP we had good success, I would say, through the different iPhones. And we've tried hard to have an iPhone that is as affordable as possible for people that really want an iPhone but may have a more limited budget. And we've got some iPhones that are really great for that market. And then we've got three new iPhones and people will look at these and decide which one they want. And this is the first time we've ever been in the position that we've had three new iPhones at once like this at the top end of the line. And it's the first time we've had a staggered launch. And so we're going to see what happens, but we put our absolutely best thinking that we have here in the guidance that Luca presented, and you can tell from that, that we're bullish.", "start": 778, "labels": ["ANSWER"]}, "origin": "manual", "to_name": "text", "from_name": "label-intro"}, {"type": "labels", "value": {"end": 1618, "text": "Shannon S. Cross", "start": 1601, "labels": ["ANALYST"]}, "origin": "manual", "to_name": "text", "from_name": "label-intro"}, {"type": "labels", "value": {"end": 1944, "text": ": Great. Thank you. And then in terms of Services, $8.5 billion, up 34%, can you talk about some of the portions of that that outperformed, how sustainable? You mentioned China in terms of significant growth in Services, but I'm just curious. That's a pretty remarkable number, so I'm curious what the drivers were. Thank you.", "start": 1619, "labels": ["QUESTION"]}, "origin": "manual", "to_name": "text", "from_name": "label-intro"}, {"type": "labels", "value": {"end": 1957, "text": "Luca Maestri", "start": 1944, "labels": ["REPRESENTATIVE"]}, "origin": "manual", "to_name": "text", "from_name": "label-intro"}, {"type": "labels", "value": {"end": 3332, "text": ": Yes, Shannon. It's Luca. As I mentioned in the prepared remarks, there was a $640 million adjustment and there was a one-off change. And it's important to call it out because of course it's a one-off. And so the underlying growth rate for service in the quarter was fantastic. It was 24%. It's the highest growth rate that we've had for services during fiscal 2017. So the business is going incredibly well. I would highlight maybe three of these businesses within Services at the App Store set a new all-time record. It's going incredibly well. The number of paying accounts continues to grow very strongly, and that's very, very important to us for the App Store business. Apple Music was up, subscriptions were up 75% year over year. We're getting the highest conversion rates that we've had since the launch of the service. And so we turned the corner in Music. You remember that a few years ago, we were actually declining in Music; now with the streaming service in addition to the download business, the business is growing again. And that really helps the growth rate for the entire Services business. iCloud is a service that continues to grow very strong double digits, and that's also helping. So we already become the size of a Fortune 100 company. We set a goal for ourselves to double what we did in fiscal 2016, and the trajectory is actually quite positive.", "start": 1958, "labels": ["ANSWER"]}, "origin": "manual", "to_name": "text", "from_name": "label-intro"}, {"type": "labels", "value": {"end": 3345, "text": "Nancy Paxton", "start": 3332, "labels": ["REPRESENTATIVE"]}, "origin": "manual", "to_name": "text", "from_name": "label-intro"}, {"type": "labels", "value": {"end": 3407, "text": ": Thank you, Shannon. Could we have the next question, please?", "start": 3346, "labels": ["ANSWER"]}, "origin": "manual", "to_name": "text", "from_name": "label-intro"}], "was_cancelled": false, "ground_truth": true, "created_at": "2022-02-04T10:25:35.346109Z", "updated_at": "2022-02-04T10:25:35.346114Z", "lead_time": null, "prediction": {}, "result_count": 0, "task": 18840, "parent_prediction": null, "parent_annotation": null}], "data": {"year": 2017, "company": "AAPL", "my_text": "\nOperator: From Cross Research, Shannon Cross.\nShannon S. Cross: Thank you very much. A couple questions. The first, Tim, can you talk a bit about how you're thinking in terms of the lineup? You go from $340 \u2013 this is for iPhone \u2013 you go from $349 to above $1,000. And it appears that you probably sold a fair amount at the lower end. Perhaps that was just some of the switchers in China and maybe drove some of the growth in China in terms of market share. But how are you sort of thinking about what went into the guidance for the December quarter? Are you seeing really strong demand at the low end and obviously expected benefit from the X at the high end? I'm just trying to understand because you have such a broader lineup than you've had in prior years.\nTimothy D. Cook: Yes. In terms of what we saw in Q4, you can probably tell from the ASP we had good success, I would say, through the different iPhones. And we've tried hard to have an iPhone that is as affordable as possible for people that really want an iPhone but may have a more limited budget. And we've got some iPhones that are really great for that market. And then we've got three new iPhones and people will look at these and decide which one they want. And this is the first time we've ever been in the position that we've had three new iPhones at once like this at the top end of the line. And it's the first time we've had a staggered launch. And so we're going to see what happens, but we put our absolutely best thinking that we have here in the guidance that Luca presented, and you can tell from that, that we're bullish.\nShannon S. Cross: Great. Thank you. And then in terms of Services, $8.5 billion, up 34%, can you talk about some of the portions of that that outperformed, how sustainable? You mentioned China in terms of significant growth in Services, but I'm just curious. That's a pretty remarkable number, so I'm curious what the drivers were. Thank you.\nLuca Maestri: Yes, Shannon. It's Luca. As I mentioned in the prepared remarks, there was a $640 million adjustment and there was a one-off change. And it's important to call it out because of course it's a one-off. And so the underlying growth rate for service in the quarter was fantastic. It was 24%. It's the highest growth rate that we've had for services during fiscal 2017. So the business is going incredibly well. I would highlight maybe three of these businesses within Services at the App Store set a new all-time record. It's going incredibly well. The number of paying accounts continues to grow very strongly, and that's very, very important to us for the App Store business. Apple Music was up, subscriptions were up 75% year over year. We're getting the highest conversion rates that we've had since the launch of the service. And so we turned the corner in Music. You remember that a few years ago, we were actually declining in Music; now with the streaming service in addition to the download business, the business is growing again. And that really helps the growth rate for the entire Services business. iCloud is a service that continues to grow very strong double digits, and that's also helping. So we already become the size of a Fortune 100 company. We set a goal for ourselves to double what we did in fiscal 2016, and the trajectory is actually quite positive.\nNancy Paxton: Thank you, Shannon. Could we have the next question, please?", "quarter": 4}}