{"id": 17592, "annotations": [{"id": 17695, "completed_by": 2, "result": [{"type": "labels", "value": {"end": 9, "text": "Operator", "start": 0, "labels": ["OPERATOR"]}, "origin": "manual", "to_name": "text", "from_name": "label-intro"}, {"type": "labels", "value": {"end": 46, "text": ": We'll go to Rod Hall with JPMorgan.", "start": 10, "labels": ["INTRO"]}, "origin": "manual", "to_name": "text", "from_name": "label-intro"}, {"type": "labels", "value": {"end": 58, "text": "Rod B. Hall", "start": 46, "labels": ["ANALYST"]}, "origin": "manual", "to_name": "text", "from_name": "label-intro"}, {"type": "labels", "value": {"end": 599, "text": ": Thanks, guys, for fitting me in. I wanted to start with a more general question. I guess. Tim, this one is aimed at you. As you think about where you thought things were going to head last quarter when you reported to us and how it's changed this quarter, obviously this kind of a disappointing demand environment. Can you just help us understand what maybe the top two or three things are that have changed, so as we walk away from this we understand what the differences are and what the direction of change is? And I've got a follow up.", "start": 59, "labels": ["QUESTION"]}, "origin": "manual", "to_name": "text", "from_name": "label-intro"}, {"type": "labels", "value": {"end": 619, "text": "Timothy Donald Cook", "start": 599, "labels": ["REPRESENTATIVE"]}, "origin": "manual", "to_name": "text", "from_name": "label-intro"}, {"type": "labels", "value": {"end": 1049, "text": ": I think, Rod, you're probably indirectly asking about our trough comment, if you will, from last quarter. And when we made that, we did not contemplate or comprehend that we were going to make a $2 billion-plus reduction in channel inventory during this quarter. And so if you factor that in and look at true customer demand, which is the way that we look at it internally, I think you'll find a much more reasonable comparison.", "start": 620, "labels": ["ANSWER"]}, "origin": "manual", "to_name": "text", "from_name": "label-intro"}, {"type": "labels", "value": {"end": 1061, "text": "Rod B. Hall", "start": 1049, "labels": ["ANALYST"]}, "origin": "manual", "to_name": "text", "from_name": "label-intro"}, {"type": "labels", "value": {"end": 1421, "text": ": Okay, great. Thank you. And then for my follow-up, I wanted to ask you about the tax situation a little bit. Treasury obviously has made some rule changes, and I wonder maybe if, Luca, you could comment on what the impact to Apple from those is, if anything; and, Tim, maybe more broadly, how you guys see the tax situation for Apple looking forward? Thanks.", "start": 1062, "labels": ["QUESTION"]}, "origin": "manual", "to_name": "text", "from_name": "label-intro"}, {"type": "labels", "value": {"end": 1434, "text": "Luca Maestri", "start": 1421, "labels": ["REPRESENTATIVE"]}, "origin": "manual", "to_name": "text", "from_name": "label-intro"}, {"type": "labels", "value": {"end": 2608, "text": ": Yes. Rod, these are new regulations. We are in the process of assessing them. Frankly, from first read, we don't anticipate that they're going to have any material impact on our tax situation. Some of them relate to inversion transactions, so obviously that's not an issue for us. Some of them are around internal debt financing, which is not something that we use, so we don't expect any issue there. As you know, we are the largest U.S. taxpayer by a wide margin, and we already pay full U.S. tax on all the profits from the sales that we make in the United States. So we don't expect them to have any impact on us. On tax reform, maybe I can continue, and I'll let Tim provide more color, but we've been strong advocates for comprehensive corporate tax reform in this country. We continue to do that. We think a reform of the tax code would have significant benefits for the entire U.S. economy, and we remain optimistic that we're going to get to a point where we can see that tax reform enacted. At that point in time, of course, we would have much more flexibility around optimizing our capital structure and around providing more return of capital to our investors.", "start": 1435, "labels": ["ANSWER"]}, "origin": "manual", "to_name": "text", "from_name": "label-intro"}, {"type": "labels", "value": {"end": 2628, "text": "Timothy Donald Cook", "start": 2608, "labels": ["REPRESENTATIVE"]}, "origin": "manual", "to_name": "text", "from_name": "label-intro"}, {"type": "labels", "value": {"end": 2952, "text": ": The only thing I would add, Rod, is I think there are a growing number of people in both parties that would like to see comprehensive reform, and so I'm optimistic that it will occur. It's just a matter of when. And that's difficult to say, but I think most people do recognize that it's in the U.S.'s interest to do this.", "start": 2629, "labels": ["ANSWER"]}, "origin": "manual", "to_name": "text", "from_name": "label-intro"}, {"type": "labels", "value": {"end": 2964, "text": "Rod B. Hall", "start": 2952, "labels": ["ANALYST"]}, "origin": "manual", "to_name": "text", "from_name": "label-intro"}, {"type": "labels", "value": {"end": 2986, "text": ": Great. Thanks, guys.", "start": 2965, "labels": ["QUESTION"]}, "origin": "manual", "to_name": "text", "from_name": "label-intro"}, {"type": "labels", "value": {"end": 2999, "text": "Nancy Paxton", "start": 2986, "labels": ["ANALYST"]}, "origin": "manual", "to_name": "text", "from_name": "label-intro"}, {"type": "labels", "value": {"end": 3605, "text": ": Thank you, Rod. A replay of today's call will be available for two weeks as a podcast on the iTunes Store and webcast on Apple.com/investor and via telephone. The numbers for the telephone replay are 888-203-1112 or 719-457-0820, and please enter confirmation code 7495552. And these replays will be available by approximately 5:00 PM Pacific time today. Members of the press with additional questions can contact Kristen Huguet at 408-974-2414, and financial analysts can contact Joan Hoover or me with additional questions. Joan is at 408-974-4570, and I'm at 408-974-5420. Thanks again for joining us.", "start": 3000, "labels": ["QUESTION"]}, "origin": "manual", "to_name": "text", "from_name": "label-intro"}], "was_cancelled": false, "ground_truth": true, "created_at": "2022-02-04T10:03:51.626627Z", "updated_at": "2022-02-04T10:03:51.626632Z", "lead_time": null, "prediction": {}, "result_count": 0, "task": 17592, "parent_prediction": null, "parent_annotation": null}], "data": {"year": 2016, "company": "AAPL", "my_text": "\nOperator: We'll go to Rod Hall with JPMorgan.\nRod B. Hall: Thanks, guys, for fitting me in. I wanted to start with a more general question. I guess. Tim, this one is aimed at you. As you think about where you thought things were going to head last quarter when you reported to us and how it's changed this quarter, obviously this kind of a disappointing demand environment. Can you just help us understand what maybe the top two or three things are that have changed, so as we walk away from this we understand what the differences are and what the direction of change is? And I've got a follow up.\nTimothy Donald Cook: I think, Rod, you're probably indirectly asking about our trough comment, if you will, from last quarter. And when we made that, we did not contemplate or comprehend that we were going to make a $2 billion-plus reduction in channel inventory during this quarter. And so if you factor that in and look at true customer demand, which is the way that we look at it internally, I think you'll find a much more reasonable comparison.\nRod B. Hall: Okay, great. Thank you. And then for my follow-up, I wanted to ask you about the tax situation a little bit. Treasury obviously has made some rule changes, and I wonder maybe if, Luca, you could comment on what the impact to Apple from those is, if anything; and, Tim, maybe more broadly, how you guys see the tax situation for Apple looking forward? Thanks.\nLuca Maestri: Yes. Rod, these are new regulations. We are in the process of assessing them. Frankly, from first read, we don't anticipate that they're going to have any material impact on our tax situation. Some of them relate to inversion transactions, so obviously that's not an issue for us. Some of them are around internal debt financing, which is not something that we use, so we don't expect any issue there. As you know, we are the largest U.S. taxpayer by a wide margin, and we already pay full U.S. tax on all the profits from the sales that we make in the United States. So we don't expect them to have any impact on us. On tax reform, maybe I can continue, and I'll let Tim provide more color, but we've been strong advocates for comprehensive corporate tax reform in this country. We continue to do that. We think a reform of the tax code would have significant benefits for the entire U.S. economy, and we remain optimistic that we're going to get to a point where we can see that tax reform enacted. At that point in time, of course, we would have much more flexibility around optimizing our capital structure and around providing more return of capital to our investors.\nTimothy Donald Cook: The only thing I would add, Rod, is I think there are a growing number of people in both parties that would like to see comprehensive reform, and so I'm optimistic that it will occur. It's just a matter of when. And that's difficult to say, but I think most people do recognize that it's in the U.S.'s interest to do this.\nRod B. Hall: Great. Thanks, guys.\nNancy Paxton: Thank you, Rod. A replay of today's call will be available for two weeks as a podcast on the iTunes Store and webcast on Apple.com/investor and via telephone. The numbers for the telephone replay are 888-203-1112 or 719-457-0820, and please enter confirmation code 7495552. And these replays will be available by approximately 5:00 PM Pacific time today. Members of the press with additional questions can contact Kristen Huguet at 408-974-2414, and financial analysts can contact Joan Hoover or me with additional questions. Joan is at 408-974-4570, and I'm at 408-974-5420. Thanks again for joining us.", "quarter": 2}}