{"id": 18885, "annotations": [{"id": 18988, "completed_by": 2, "result": [{"type": "labels", "value": {"end": 9, "text": "Operator", "start": 0, "labels": ["OPERATOR"]}, "origin": "manual", "to_name": "text", "from_name": "label-intro"}, {"type": "labels", "value": {"end": 77, "text": ": Our next question will come from Katy Huberty with Morgan Stanley.", "start": 10, "labels": ["INTRO"]}, "origin": "manual", "to_name": "text", "from_name": "label-intro"}, {"type": "labels", "value": {"end": 90, "text": "Katy Huberty", "start": 77, "labels": ["ANALYST"]}, "origin": "manual", "to_name": "text", "from_name": "label-intro"}, {"type": "labels", "value": {"end": 575, "text": ": Yes. Thank you. I'd like to go back to the discussion around strength in China in the quarter and understand what linearity looked like. I ask because there was some industry data around the smartphone market in China that seemed to deteriorate in the month of June, the App Store data deteriorated a little bit in June, and just curious if that\u2019s something you saw in the business and if it at all informs your outlook around the pace of the China business as you go into September.", "start": 91, "labels": ["QUESTION"]}, "origin": "manual", "to_name": "text", "from_name": "label-intro"}, {"type": "labels", "value": {"end": 584, "text": "Tim Cook", "start": 575, "labels": ["REPRESENTATIVE"]}, "origin": "manual", "to_name": "text", "from_name": "label-intro"}, {"type": "labels", "value": {"end": 830, "text": ": Katy, it's Tim. We obviously took into account all of the information that we had and coming out with the guidance including linearity across last quarter and how this quarter has started. And so, we obviously look at that in quite much detail.", "start": 585, "labels": ["ANSWER"]}, "origin": "manual", "to_name": "text", "from_name": "label-intro"}, {"type": "labels", "value": {"end": 843, "text": "Katy Huberty", "start": 830, "labels": ["ANALYST"]}, "origin": "manual", "to_name": "text", "from_name": "label-intro"}, {"type": "labels", "value": {"end": 1245, "text": ": And then just on the App Store, appreciate there's not a lot of detail out around exact timing and even some pricing of the new services, but how should we think about the new services that launched in March impacting the overall services growth. Does that start to benefit the model in the back half of this calendar year, or will the impact be more longer term in nature and really show up in 2020?", "start": 844, "labels": ["QUESTION"]}, "origin": "manual", "to_name": "text", "from_name": "label-intro"}, {"type": "labels", "value": {"end": 1258, "text": "Luca Maestri", "start": 1245, "labels": ["REPRESENTATIVE"]}, "origin": "manual", "to_name": "text", "from_name": "label-intro"}, {"type": "labels", "value": {"end": 2015, "text": ": Katy, let me just talk about the new services that we've announced in March, and then also about the timing of how we get to revenue, right? We've announced Apple News+, and this is the service that is available for consumers right now. We've announced our channel service, which has also become available a few weeks ago. The other three services, the card is launching in August, the gaming service and the video service are starting in the fall. Keep in mind for all these services, there's a trial period up front, there's going to be different trial periods, we'll see what that what they look like. So, the road to monetization takes some time. Obviously, all of them will add to our base and will help us with growth rates as we get into next year.", "start": 1259, "labels": ["ANSWER"]}, "origin": "manual", "to_name": "text", "from_name": "label-intro"}, {"type": "labels", "value": {"end": 2028, "text": "Nancy Paxton", "start": 2015, "labels": ["REPRESENTATIVE"]}, "origin": "manual", "to_name": "text", "from_name": "label-intro"}, {"type": "labels", "value": {"end": 2086, "text": ": Thank you, Katy. Could we have the next question please?", "start": 2029, "labels": ["ANSWER"]}, "origin": "manual", "to_name": "text", "from_name": "label-intro"}], "was_cancelled": false, "ground_truth": true, "created_at": "2022-02-04T10:25:35.350576Z", "updated_at": "2022-02-04T10:25:35.350581Z", "lead_time": null, "prediction": {}, "result_count": 0, "task": 18885, "parent_prediction": null, "parent_annotation": null}], "data": {"year": 2019, "company": "AAPL", "my_text": "\nOperator: Our next question will come from Katy Huberty with Morgan Stanley.\nKaty Huberty: Yes. Thank you. I'd like to go back to the discussion around strength in China in the quarter and understand what linearity looked like. I ask because there was some industry data around the smartphone market in China that seemed to deteriorate in the month of June, the App Store data deteriorated a little bit in June, and just curious if that\u2019s something you saw in the business and if it at all informs your outlook around the pace of the China business as you go into September.\nTim Cook: Katy, it's Tim. We obviously took into account all of the information that we had and coming out with the guidance including linearity across last quarter and how this quarter has started. And so, we obviously look at that in quite much detail.\nKaty Huberty: And then just on the App Store, appreciate there's not a lot of detail out around exact timing and even some pricing of the new services, but how should we think about the new services that launched in March impacting the overall services growth. Does that start to benefit the model in the back half of this calendar year, or will the impact be more longer term in nature and really show up in 2020?\nLuca Maestri: Katy, let me just talk about the new services that we've announced in March, and then also about the timing of how we get to revenue, right? We've announced Apple News+, and this is the service that is available for consumers right now. We've announced our channel service, which has also become available a few weeks ago. The other three services, the card is launching in August, the gaming service and the video service are starting in the fall. Keep in mind for all these services, there's a trial period up front, there's going to be different trial periods, we'll see what that what they look like. So, the road to monetization takes some time. Obviously, all of them will add to our base and will help us with growth rates as we get into next year.\nNancy Paxton: Thank you, Katy. Could we have the next question please?", "quarter": 3}}