{"id": 20339, "annotations": [{"id": 20726, "completed_by": 2, "result": [{"type": "labels", "value": {"end": 9, "text": "Operator", "start": 0, "labels": ["OPERATOR"]}, "origin": "manual", "to_name": "text", "from_name": "label-intro"}, {"type": "labels", "value": {"end": 62, "text": ": Moving on, we'll hear from Brian White with Drexel.", "start": 10, "labels": ["INTRO"]}, "origin": "manual", "to_name": "text", "from_name": "label-intro"}, {"type": "labels", "value": {"end": 77, "text": "Brian J. White", "start": 62, "labels": ["ANALYST"]}, "origin": "manual", "to_name": "text", "from_name": "label-intro"}, {"type": "labels", "value": {"end": 339, "text": ": Luca, I'm wondering if you could talk a little bit about gross margins. Sales obviously beat the high end of your revenue range. It looks like gross margin was dead down the middle. Can you talk about the puts and takes in gross margins in the quarter, please?", "start": 78, "labels": ["QUESTION"]}, "origin": "manual", "to_name": "text", "from_name": "label-intro"}, {"type": "labels", "value": {"end": 352, "text": "Luca Maestri", "start": 339, "labels": ["REPRESENTATIVE"]}, "origin": "manual", "to_name": "text", "from_name": "label-intro"}, {"type": "labels", "value": {"end": 827, "text": ": Sure. We were actually at the high end of the range for gross margins. We had guided 38% to 38.5%, and we came in at 38.5% exactly. And really, the slight improvement over the midpoint of the guidance range was due to the fact that our revenue was ahead of our expectations, and so we got a bit more leverage out of the increased revenue levels. We felt very good about the gross margins for the quarter. Again, keep in mind the strong dollar doesn't help us on that front.", "start": 353, "labels": ["ANSWER"]}, "origin": "manual", "to_name": "text", "from_name": "label-intro"}, {"type": "labels", "value": {"end": 842, "text": "Brian J. White", "start": 827, "labels": ["ANALYST"]}, "origin": "manual", "to_name": "text", "from_name": "label-intro"}, {"type": "labels", "value": {"end": 1024, "text": ": Okay. And, Tim, I didn't hear much mentioned about India. How did India perform with the iPhone? And how should we think about it for 2017, especially with the 4G network going up?", "start": 843, "labels": ["QUESTION"]}, "origin": "manual", "to_name": "text", "from_name": "label-intro"}, {"type": "labels", "value": {"end": 1044, "text": "Timothy Donald Cook", "start": 1024, "labels": ["REPRESENTATIVE"]}, "origin": "manual", "to_name": "text", "from_name": "label-intro"}, {"type": "labels", "value": {"end": 1641, "text": ": That's a really good question. Despite the demonetization move in India that created lots of economic pressure there last quarter, despite that, we had all-time record revenue results, and so we were very happy about that. The demonetization impact has not worked its way through yet. It's still definitely having some overhang. But I think in the longer term, it's a great move, and I feel really good about how we're doing there. We are in discussions on a number of things, including retail stores, and fully intend to invest significantly in the country and believe it's a great place to be.", "start": 1045, "labels": ["ANSWER"]}, "origin": "manual", "to_name": "text", "from_name": "label-intro"}, {"type": "labels", "value": {"end": 1654, "text": "Nancy Paxton", "start": 1641, "labels": ["REPRESENTATIVE"]}, "origin": "manual", "to_name": "text", "from_name": "label-intro"}, {"type": "labels", "value": {"end": 1714, "text": ": Thank you, Brian. Could we have the next question, please?", "start": 1655, "labels": ["ANSWER"]}, "origin": "manual", "to_name": "text", "from_name": "label-intro"}], "was_cancelled": false, "ground_truth": true, "created_at": "2022-03-20T08:53:40.743214Z", "updated_at": "2022-03-20T08:53:40.743279Z", "lead_time": null, "prediction": {}, "result_count": 0, "task": 20339, "parent_prediction": null, "parent_annotation": null}], "data": {"year": 2017, "company": "AAPL", "my_text": "\nOperator: Moving on, we'll hear from Brian White with Drexel.\nBrian J. White: Luca, I'm wondering if you could talk a little bit about gross margins. Sales obviously beat the high end of your revenue range. It looks like gross margin was dead down the middle. Can you talk about the puts and takes in gross margins in the quarter, please?\nLuca Maestri: Sure. We were actually at the high end of the range for gross margins. We had guided 38% to 38.5%, and we came in at 38.5% exactly. And really, the slight improvement over the midpoint of the guidance range was due to the fact that our revenue was ahead of our expectations, and so we got a bit more leverage out of the increased revenue levels. We felt very good about the gross margins for the quarter. Again, keep in mind the strong dollar doesn't help us on that front.\nBrian J. White: Okay. And, Tim, I didn't hear much mentioned about India. How did India perform with the iPhone? And how should we think about it for 2017, especially with the 4G network going up?\nTimothy Donald Cook: That's a really good question. Despite the demonetization move in India that created lots of economic pressure there last quarter, despite that, we had all-time record revenue results, and so we were very happy about that. The demonetization impact has not worked its way through yet. It's still definitely having some overhang. But I think in the longer term, it's a great move, and I feel really good about how we're doing there. We are in discussions on a number of things, including retail stores, and fully intend to invest significantly in the country and believe it's a great place to be.\nNancy Paxton: Thank you, Brian. Could we have the next question, please?", "quarter": 1}}