{"id": 17606, "annotations": [{"id": 17709, "completed_by": 2, "result": [{"type": "labels", "value": {"end": 9, "text": "Operator", "start": 0, "labels": ["OPERATOR"]}, "origin": "manual", "to_name": "text", "from_name": "label-intro"}, {"type": "labels", "value": {"end": 45, "text": ": From Bank of America, Wamsi Mohan.", "start": 10, "labels": ["INTRO"]}, "origin": "manual", "to_name": "text", "from_name": "label-intro"}, {"type": "labels", "value": {"end": 57, "text": "Wamsi Mohan", "start": 45, "labels": ["ANALYST"]}, "origin": "manual", "to_name": "text", "from_name": "label-intro"}, {"type": "labels", "value": {"end": 660, "text": ": Yes. Thank you. So, Tim and Luca, you saw that you could raise the ASP on the iPhone 7 Plus by $20 and you're completely sold out. So clearly this device plays a central role in our lives, so much that owners probably look at that incremental cost as a great trade-off to get the best device out there. So as you see more and more features being added into iPhones, do you conceptually expect that you are anywhere close to the point where raising ASPs further would be net disruptive to demand? Or do you see more rooms to raise ASPs over time as you add incremental features? And I have a follow up.", "start": 58, "labels": ["QUESTION"]}, "origin": "manual", "to_name": "text", "from_name": "label-intro"}, {"type": "labels", "value": {"end": 680, "text": "Timothy Donald Cook", "start": 660, "labels": ["REPRESENTATIVE"]}, "origin": "manual", "to_name": "text", "from_name": "label-intro"}, {"type": "labels", "value": {"end": 1302, "text": ": With the iPhone 7 Plus, we put an incredible amount of innovation into the camera and the overall photo experience, and customers are obviously using that and have discovered that they love it. And so we're getting an incredible amount of feedback there. We also get incredible feedback on the iPhone 7. And, but the mix that we projected on iPhone 7 Plus is short of what the reality is and so we are chasing supply there. In terms of the ASP, the way we think about it is we want to charge a fair price and so we don't want to charge more than that, and we think it's worth being fair. And so that's how we look at it.", "start": 681, "labels": ["ANSWER"]}, "origin": "manual", "to_name": "text", "from_name": "label-intro"}, {"type": "labels", "value": {"end": 1315, "text": "Luca Maestri", "start": 1302, "labels": ["REPRESENTATIVE"]}, "origin": "manual", "to_name": "text", "from_name": "label-intro"}, {"type": "labels", "value": {"end": 1567, "text": ": If I can add, Wamsi, keep in mind that in a lot of countries around the world, the reality is that our customers have seen some significant price increases because of the FX situation, right. And that's something that we need to keep in mind as well.", "start": 1316, "labels": ["ANSWER"]}, "origin": "manual", "to_name": "text", "from_name": "label-intro"}, {"type": "labels", "value": {"end": 1579, "text": "Wamsi Mohan", "start": 1567, "labels": ["ANALYST"]}, "origin": "manual", "to_name": "text", "from_name": "label-intro"}, {"type": "labels", "value": {"end": 1994, "text": ": Great. Thanks. Thanks for the clarification. And Tim, this year we saw carrier incentives come back to force post the launch of the iPhone 7, 7 Plus. Two years ago there was a giant upgrade to iPhone from the iPhone 6, 6 Plus. Do you think every couple of years we are likely to see carrier incentives come back into play given worries around customer churn, thereby making the phone even more affordable? Thanks.", "start": 1580, "labels": ["QUESTION"]}, "origin": "manual", "to_name": "text", "from_name": "label-intro"}, {"type": "labels", "value": {"end": 2014, "text": "Timothy Donald Cook", "start": 1994, "labels": ["REPRESENTATIVE"]}, "origin": "manual", "to_name": "text", "from_name": "label-intro"}, {"type": "labels", "value": {"end": 2450, "text": ": We clearly saw that this year. There's a lot of competition for customers in the U.S. which I think is the market that you're talking about. Whether that'll happen every two years, I don't know. But I suspect that any time there are large numbers of customers that have a phone that's in that two year kind of range that it tends to be a sweet spot, and I think you probably will see a lot of people trying to recruit those customers.", "start": 2015, "labels": ["ANSWER"]}, "origin": "manual", "to_name": "text", "from_name": "label-intro"}, {"type": "labels", "value": {"end": 2462, "text": "Wamsi Mohan", "start": 2450, "labels": ["ANALYST"]}, "origin": "manual", "to_name": "text", "from_name": "label-intro"}, {"type": "labels", "value": {"end": 2476, "text": ": Thanks, Tim.", "start": 2463, "labels": ["QUESTION"]}, "origin": "manual", "to_name": "text", "from_name": "label-intro"}, {"type": "labels", "value": {"end": 2496, "text": "Timothy Donald Cook", "start": 2476, "labels": ["REPRESENTATIVE"]}, "origin": "manual", "to_name": "text", "from_name": "label-intro"}, {"type": "labels", "value": {"end": 2514, "text": ": Yeah. Thank you.", "start": 2497, "labels": ["ANSWER"]}, "origin": "manual", "to_name": "text", "from_name": "label-intro"}, {"type": "labels", "value": {"end": 2527, "text": "Nancy Paxton", "start": 2514, "labels": ["ANALYST"]}, "origin": "manual", "to_name": "text", "from_name": "label-intro"}, {"type": "labels", "value": {"end": 2587, "text": ": Thank you, Wamsi. Could we have the next question, please?", "start": 2528, "labels": ["QUESTION"]}, "origin": "manual", "to_name": "text", "from_name": "label-intro"}], "was_cancelled": false, "ground_truth": true, "created_at": "2022-02-04T10:03:51.627997Z", "updated_at": "2022-02-04T10:03:51.628003Z", "lead_time": null, "prediction": {}, "result_count": 0, "task": 17606, "parent_prediction": null, "parent_annotation": null}], "data": {"year": 2016, "company": "AAPL", "my_text": "\nOperator: From Bank of America, Wamsi Mohan.\nWamsi Mohan: Yes. Thank you. So, Tim and Luca, you saw that you could raise the ASP on the iPhone 7 Plus by $20 and you're completely sold out. So clearly this device plays a central role in our lives, so much that owners probably look at that incremental cost as a great trade-off to get the best device out there. So as you see more and more features being added into iPhones, do you conceptually expect that you are anywhere close to the point where raising ASPs further would be net disruptive to demand? Or do you see more rooms to raise ASPs over time as you add incremental features? And I have a follow up.\nTimothy Donald Cook: With the iPhone 7 Plus, we put an incredible amount of innovation into the camera and the overall photo experience, and customers are obviously using that and have discovered that they love it. And so we're getting an incredible amount of feedback there. We also get incredible feedback on the iPhone 7. And, but the mix that we projected on iPhone 7 Plus is short of what the reality is and so we are chasing supply there. In terms of the ASP, the way we think about it is we want to charge a fair price and so we don't want to charge more than that, and we think it's worth being fair. And so that's how we look at it.\nLuca Maestri: If I can add, Wamsi, keep in mind that in a lot of countries around the world, the reality is that our customers have seen some significant price increases because of the FX situation, right. And that's something that we need to keep in mind as well.\nWamsi Mohan: Great. Thanks. Thanks for the clarification. And Tim, this year we saw carrier incentives come back to force post the launch of the iPhone 7, 7 Plus. Two years ago there was a giant upgrade to iPhone from the iPhone 6, 6 Plus. Do you think every couple of years we are likely to see carrier incentives come back into play given worries around customer churn, thereby making the phone even more affordable? Thanks.\nTimothy Donald Cook: We clearly saw that this year. There's a lot of competition for customers in the U.S. which I think is the market that you're talking about. Whether that'll happen every two years, I don't know. But I suspect that any time there are large numbers of customers that have a phone that's in that two year kind of range that it tends to be a sweet spot, and I think you probably will see a lot of people trying to recruit those customers.\nWamsi Mohan: Thanks, Tim.\nTimothy Donald Cook: Yeah. Thank you.\nNancy Paxton: Thank you, Wamsi. Could we have the next question, please?", "quarter": 4}}