{"id": 18850, "annotations": [{"id": 18953, "completed_by": 2, "result": [{"type": "labels", "value": {"end": 9, "text": "Operator", "start": 0, "labels": ["OPERATOR"]}, "origin": "manual", "to_name": "text", "from_name": "label-intro"}, {"type": "labels", "value": {"end": 62, "text": ": Next question comes from Laura Martin from Needham.", "start": 10, "labels": ["INTRO"]}, "origin": "manual", "to_name": "text", "from_name": "label-intro"}, {"type": "labels", "value": {"end": 75, "text": "Laura Martin", "start": 62, "labels": ["ANALYST"]}, "origin": "manual", "to_name": "text", "from_name": "label-intro"}, {"type": "labels", "value": {"end": 319, "text": ": I love the 1.3 billion devices you gave us, updating from two years ago. And I\u2019d love the onramp as you spread out the pricing. Do you get a sense that we have more unique users in that 1.3 billion than we had unique users back there in 2016?", "start": 76, "labels": ["QUESTION"]}, "origin": "manual", "to_name": "text", "from_name": "label-intro"}, {"type": "labels", "value": {"end": 328, "text": "Tim Cook", "start": 319, "labels": ["REPRESENTATIVE"]}, "origin": "manual", "to_name": "text", "from_name": "label-intro"}, {"type": "labels", "value": {"end": 396, "text": ": Laura, I missed the first part of that, you broke up on the phone.", "start": 329, "labels": ["ANSWER"]}, "origin": "manual", "to_name": "text", "from_name": "label-intro"}, {"type": "labels", "value": {"end": 409, "text": "Laura Martin", "start": 396, "labels": ["ANALYST"]}, "origin": "manual", "to_name": "text", "from_name": "label-intro"}, {"type": "labels", "value": {"end": 638, "text": ": So we have 1.3 billion [technical difficulty] unique users or I mean fewer products, so we have a higher percentage of unique [users] in the 1.3 devices and more in the billion devices. Is it a [technical difficulty] are they\u2026.", "start": 410, "labels": ["QUESTION"]}, "origin": "manual", "to_name": "text", "from_name": "label-intro"}, {"type": "labels", "value": {"end": 647, "text": "Tim Cook", "start": 638, "labels": ["REPRESENTATIVE"]}, "origin": "manual", "to_name": "text", "from_name": "label-intro"}, {"type": "labels", "value": {"end": 925, "text": ": Laura, you're cutting in and out. But I'm going to take a swing at what I think you're asking. I think you're asking, are there more active users today than there were two years ago when we had 1 billion active devices. And the answer is absolutely, there are many, many more.", "start": 648, "labels": ["ANSWER"]}, "origin": "manual", "to_name": "text", "from_name": "label-intro"}, {"type": "labels", "value": {"end": 938, "text": "Laura Martin", "start": 925, "labels": ["ANALYST"]}, "origin": "manual", "to_name": "text", "from_name": "label-intro"}, {"type": "labels", "value": {"end": 1082, "text": ": Yes, I was asking as a percent, the ownership. You see 1.4 billion devices owned per person. Do you think it's now 1.2 billion or 1.6 billion?", "start": 939, "labels": ["QUESTION"]}, "origin": "manual", "to_name": "text", "from_name": "label-intro"}, {"type": "labels", "value": {"end": 1091, "text": "Tim Cook", "start": 1082, "labels": ["REPRESENTATIVE"]}, "origin": "manual", "to_name": "text", "from_name": "label-intro"}, {"type": "labels", "value": {"end": 1508, "text": ": Well, that 1.4 billion, I don't know where that came from. It did not come from Apple. And so that's one of the things that kind of flowed out there. And I want to divorce Apple from that number. We\u2019re not releasing a user number, because we think that the proper way to look at it is to look at active devices. It's also the one that is the most accurate for us to measure. And so that's our thinking behind there.", "start": 1092, "labels": ["ANSWER"]}, "origin": "manual", "to_name": "text", "from_name": "label-intro"}, {"type": "labels", "value": {"end": 1521, "text": "Laura Martin", "start": 1508, "labels": ["ANALYST"]}, "origin": "manual", "to_name": "text", "from_name": "label-intro"}, {"type": "labels", "value": {"end": 1577, "text": ": Switchers in the quarter, you often give us switchers.", "start": 1522, "labels": ["QUESTION"]}, "origin": "manual", "to_name": "text", "from_name": "label-intro"}, {"type": "labels", "value": {"end": 1586, "text": "Tim Cook", "start": 1577, "labels": ["REPRESENTATIVE"]}, "origin": "manual", "to_name": "text", "from_name": "label-intro"}, {"type": "labels", "value": {"end": 1824, "text": ": It is so early on this product cycle, particularly with the iPhone X only starting in November that we do not feel we have data at this point that would be very meaningful to share. And so I'll pump that question until next time around.", "start": 1587, "labels": ["ANSWER"]}, "origin": "manual", "to_name": "text", "from_name": "label-intro"}], "was_cancelled": false, "ground_truth": true, "created_at": "2022-02-04T10:25:35.347140Z", "updated_at": "2022-02-04T10:25:35.347146Z", "lead_time": null, "prediction": {}, "result_count": 0, "task": 18850, "parent_prediction": null, "parent_annotation": null}], "data": {"year": 2018, "company": "AAPL", "my_text": "\nOperator: Next question comes from Laura Martin from Needham.\nLaura Martin: I love the 1.3 billion devices you gave us, updating from two years ago. And I\u2019d love the onramp as you spread out the pricing. Do you get a sense that we have more unique users in that 1.3 billion than we had unique users back there in 2016?\nTim Cook: Laura, I missed the first part of that, you broke up on the phone.\nLaura Martin: So we have 1.3 billion [technical difficulty] unique users or I mean fewer products, so we have a higher percentage of unique [users] in the 1.3 devices and more in the billion devices. Is it a [technical difficulty] are they\u2026.\nTim Cook: Laura, you're cutting in and out. But I'm going to take a swing at what I think you're asking. I think you're asking, are there more active users today than there were two years ago when we had 1 billion active devices. And the answer is absolutely, there are many, many more.\nLaura Martin: Yes, I was asking as a percent, the ownership. You see 1.4 billion devices owned per person. Do you think it's now 1.2 billion or 1.6 billion?\nTim Cook: Well, that 1.4 billion, I don't know where that came from. It did not come from Apple. And so that's one of the things that kind of flowed out there. And I want to divorce Apple from that number. We\u2019re not releasing a user number, because we think that the proper way to look at it is to look at active devices. It's also the one that is the most accurate for us to measure. And so that's our thinking behind there.\nLaura Martin: Switchers in the quarter, you often give us switchers.\nTim Cook: It is so early on this product cycle, particularly with the iPhone X only starting in November that we do not feel we have data at this point that would be very meaningful to share. And so I'll pump that question until next time around.", "quarter": 1}}