{"id": 17568, "annotations": [{"id": 17671, "completed_by": 2, "result": [{"type": "labels", "value": {"end": 9, "text": "Operator", "start": 0, "labels": ["OPERATOR"]}, "origin": "manual", "to_name": "text", "from_name": "label-intro"}, {"type": "labels", "value": {"end": 60, "text": ": From Piper Jaffray, we'll hear from Gene Munster.", "start": 10, "labels": ["INTRO"]}, "origin": "manual", "to_name": "text", "from_name": "label-intro"}, {"type": "labels", "value": {"end": 73, "text": "Gene Munster", "start": 60, "labels": ["ANALYST"]}, "origin": "manual", "to_name": "text", "from_name": "label-intro"}, {"type": "labels", "value": {"end": 653, "text": ": Good afternoon and congratulations. Tim, you just briefly touched on as reducing the time between upgrades, but how do you think about the iPhone upgrade cycle compressing over the next few years, obviously the impact from carrier\u2019s changes in the iPhone upgrade program. Can you talk a little bit about when that's going to be rolled out internationally? And then lastly, Luca you mentioned some of the accounting changes related to the iPhone upgrade program. Any sense in terms of what percentage of the Plus \u2013 the s upgrades were associated with the upgrade program? Thanks.", "start": 74, "labels": ["QUESTION"]}, "origin": "manual", "to_name": "text", "from_name": "label-intro"}, {"type": "labels", "value": {"end": 662, "text": "Tim Cook", "start": 653, "labels": ["REPRESENTATIVE"]}, "origin": "manual", "to_name": "text", "from_name": "label-intro"}, {"type": "labels", "value": {"end": 1791, "text": ": Gene, in terms of the upgrade program it's early, but here's what we believe our current view is that we do think that the broader upgrade program, so I'm not just talking about our program that in retail, I mean, that is relatively small compared to our total iPhone sales of the company, but the broader thing obviously is that many of the carriers are offering these plans. And that, if you look at them in the aggregate, we think that it would have a positive impact in replacement cycles. We do like the fact that it creates a market for an iPhone at a different price point as well that is a better product than that customer maybe currently buying which would further help from an ecosystem point of view and that's not to be underestimated. It also seems like that from a rollout point of view there's a -- you will see these plans offered in a significant way in the United States already, but in fact these plans are being offered in some derivation in over dozen countries in the world. They're not as pervasive as they are in the U.S. but it seems like we\u2019re on the front end of fairly major trends in the industry.", "start": 663, "labels": ["ANSWER"]}, "origin": "manual", "to_name": "text", "from_name": "label-intro"}, {"type": "labels", "value": {"end": 1804, "text": "Luca Maestri", "start": 1791, "labels": ["REPRESENTATIVE"]}, "origin": "manual", "to_name": "text", "from_name": "label-intro"}, {"type": "labels", "value": {"end": 2374, "text": ": From a financial perspective, Gene, the transaction on our iPhone upgrade program is a purchase, it\u2019s not a lease and so we recognize our revenue upfront, of course we deduct also upfront the cost associated with the program essentially to provide interest free financing and we need to estimate deferred value of the upgrade option for the customer, but as Tim said, it\u2019s a popular program in our U.S store, in the scheme of things, it\u2019s a small percentage of our worldwide iPhone sales and so we'll have really a negligible impact for example, on ASPs for the phone.", "start": 1805, "labels": ["ANSWER"]}, "origin": "manual", "to_name": "text", "from_name": "label-intro"}, {"type": "labels", "value": {"end": 2387, "text": "Gene Munster", "start": 2374, "labels": ["ANALYST"]}, "origin": "manual", "to_name": "text", "from_name": "label-intro"}, {"type": "labels", "value": {"end": 2573, "text": ": And Tim, if we put it all together is it something that has more measurable impact on the business two, three quarters down the road, is that the right way to generally think about it?", "start": 2388, "labels": ["QUESTION"]}, "origin": "manual", "to_name": "text", "from_name": "label-intro"}, {"type": "labels", "value": {"end": 2582, "text": "Tim Cook", "start": 2573, "labels": ["REPRESENTATIVE"]}, "origin": "manual", "to_name": "text", "from_name": "label-intro"}, {"type": "labels", "value": {"end": 2892, "text": ": Yes, we think about it as being \u2013 there were some clearly that were offered in the market prior to this cycle. But they became much more pervasive and much communicated, I think much wider with the September announcements. And so, I would sort of expect to begin seeing this somewhere around a year from now.", "start": 2583, "labels": ["ANSWER"]}, "origin": "manual", "to_name": "text", "from_name": "label-intro"}, {"type": "labels", "value": {"end": 2905, "text": "Gene Munster", "start": 2892, "labels": ["ANALYST"]}, "origin": "manual", "to_name": "text", "from_name": "label-intro"}, {"type": "labels", "value": {"end": 2917, "text": ": Thank you.", "start": 2906, "labels": ["QUESTION"]}, "origin": "manual", "to_name": "text", "from_name": "label-intro"}, {"type": "labels", "value": {"end": 2930, "text": "Nancy Paxton", "start": 2917, "labels": ["ANALYST"]}, "origin": "manual", "to_name": "text", "from_name": "label-intro"}, {"type": "labels", "value": {"end": 2987, "text": ": Thank you, Gene. May we have the next question, please?", "start": 2931, "labels": ["QUESTION"]}, "origin": "manual", "to_name": "text", "from_name": "label-intro"}], "was_cancelled": false, "ground_truth": true, "created_at": "2022-02-04T10:03:51.624383Z", "updated_at": "2022-02-04T10:03:51.624388Z", "lead_time": null, "prediction": {}, "result_count": 0, "task": 17568, "parent_prediction": null, "parent_annotation": null}], "data": {"year": 2015, "company": "AAPL", "my_text": "\nOperator: From Piper Jaffray, we'll hear from Gene Munster.\nGene Munster: Good afternoon and congratulations. Tim, you just briefly touched on as reducing the time between upgrades, but how do you think about the iPhone upgrade cycle compressing over the next few years, obviously the impact from carrier\u2019s changes in the iPhone upgrade program. Can you talk a little bit about when that's going to be rolled out internationally? And then lastly, Luca you mentioned some of the accounting changes related to the iPhone upgrade program. Any sense in terms of what percentage of the Plus \u2013 the s upgrades were associated with the upgrade program? Thanks.\nTim Cook: Gene, in terms of the upgrade program it's early, but here's what we believe our current view is that we do think that the broader upgrade program, so I'm not just talking about our program that in retail, I mean, that is relatively small compared to our total iPhone sales of the company, but the broader thing obviously is that many of the carriers are offering these plans. And that, if you look at them in the aggregate, we think that it would have a positive impact in replacement cycles. We do like the fact that it creates a market for an iPhone at a different price point as well that is a better product than that customer maybe currently buying which would further help from an ecosystem point of view and that's not to be underestimated. It also seems like that from a rollout point of view there's a -- you will see these plans offered in a significant way in the United States already, but in fact these plans are being offered in some derivation in over dozen countries in the world. They're not as pervasive as they are in the U.S. but it seems like we\u2019re on the front end of fairly major trends in the industry.\nLuca Maestri: From a financial perspective, Gene, the transaction on our iPhone upgrade program is a purchase, it\u2019s not a lease and so we recognize our revenue upfront, of course we deduct also upfront the cost associated with the program essentially to provide interest free financing and we need to estimate deferred value of the upgrade option for the customer, but as Tim said, it\u2019s a popular program in our U.S store, in the scheme of things, it\u2019s a small percentage of our worldwide iPhone sales and so we'll have really a negligible impact for example, on ASPs for the phone.\nGene Munster: And Tim, if we put it all together is it something that has more measurable impact on the business two, three quarters down the road, is that the right way to generally think about it?\nTim Cook: Yes, we think about it as being \u2013 there were some clearly that were offered in the market prior to this cycle. But they became much more pervasive and much communicated, I think much wider with the September announcements. And so, I would sort of expect to begin seeing this somewhere around a year from now.\nGene Munster: Thank you.\nNancy Paxton: Thank you, Gene. May we have the next question, please?", "quarter": 4}}