{"id": 17600, "annotations": [{"id": 17703, "completed_by": 2, "result": [{"type": "labels", "value": {"end": 9, "text": "Operator", "start": 0, "labels": ["OPERATOR"]}, "origin": "manual", "to_name": "text", "from_name": "label-intro"}, {"type": "labels", "value": {"end": 65, "text": ": First we'll hear from Gene Munster with Piper Jaffray.", "start": 10, "labels": ["INTRO"]}, "origin": "manual", "to_name": "text", "from_name": "label-intro"}, {"type": "labels", "value": {"end": 88, "text": "Eugene Charles Munster", "start": 65, "labels": ["ANALYST"]}, "origin": "manual", "to_name": "text", "from_name": "label-intro"}, {"type": "labels", "value": {"end": 584, "text": ": Hey, good afternoon and congratulations. And Tim, now that we're a month in the iPhone 7, are you seeing anything measurable in terms of the growing trend of annual upgrades? And second is, historically in terms of new product categories, you guys have always looked for unique advantage before getting into a segment. And I'm curious about the car. There are a lot of rumors out there, and would like your perspective on how you think about an advantage that Apple could add in the auto space?", "start": 89, "labels": ["QUESTION"]}, "origin": "manual", "to_name": "text", "from_name": "label-intro"}, {"type": "labels", "value": {"end": 604, "text": "Timothy Donald Cook", "start": 584, "labels": ["REPRESENTATIVE"]}, "origin": "manual", "to_name": "text", "from_name": "label-intro"}, {"type": "labels", "value": {"end": 1561, "text": ": In terms of iPhone 7, Gene, the carriers that had upgrade plans, the information that we have from them is that demand is very robust. But from a worldwide point of view, the truth is that demand is outstripping supply in the vast majority of places, particularly on the iPhone 7 Plus. And so it's sort of we are in a situation at the moment, it's difficult in the early weeks to be able to differentiate. But on an anecdotal basis, it's clear the upgrade programs are a win. I can't speak about rumors, but as you know, we look for ways that we can improve the experience and the customers' experience on different sets of products. And we are always looking at new things, and the car space in general is an area that it's clear that there is a lot of technologies that will either become available or will be able to revolutionize the car experience. And so it's interesting from that point of view, but nothing to, certainly nothing to announce today.", "start": 605, "labels": ["ANSWER"]}, "origin": "manual", "to_name": "text", "from_name": "label-intro"}, {"type": "labels", "value": {"end": 1584, "text": "Eugene Charles Munster", "start": 1561, "labels": ["ANALYST"]}, "origin": "manual", "to_name": "text", "from_name": "label-intro"}, {"type": "labels", "value": {"end": 1718, "text": ": Just one quick follow up in terms of the supply. Do you think we'll be at equilibrium by the end of the quarter for iPhone supplies?", "start": 1585, "labels": ["QUESTION"]}, "origin": "manual", "to_name": "text", "from_name": "label-intro"}, {"type": "labels", "value": {"end": 1738, "text": "Timothy Donald Cook", "start": 1718, "labels": ["REPRESENTATIVE"]}, "origin": "manual", "to_name": "text", "from_name": "label-intro"}, {"type": "labels", "value": {"end": 2018, "text": ": It's hard to say. I believe that on iPhone 7 we will. On iPhone 7 Plus, I'm not sure. I wouldn't say yes at this point, because the underlying demand looks extremely strong on both products but particularly on the iPhone 7 Plus versus our forecast going into the product launch.", "start": 1739, "labels": ["ANSWER"]}, "origin": "manual", "to_name": "text", "from_name": "label-intro"}, {"type": "labels", "value": {"end": 2041, "text": "Eugene Charles Munster", "start": 2018, "labels": ["ANALYST"]}, "origin": "manual", "to_name": "text", "from_name": "label-intro"}, {"type": "labels", "value": {"end": 2053, "text": ": Thank you.", "start": 2042, "labels": ["QUESTION"]}, "origin": "manual", "to_name": "text", "from_name": "label-intro"}, {"type": "labels", "value": {"end": 2066, "text": "Nancy Paxton", "start": 2053, "labels": ["ANALYST"]}, "origin": "manual", "to_name": "text", "from_name": "label-intro"}, {"type": "labels", "value": {"end": 2120, "text": ": Thanks, Gene. Can we have the next question, please?", "start": 2067, "labels": ["QUESTION"]}, "origin": "manual", "to_name": "text", "from_name": "label-intro"}], "was_cancelled": false, "ground_truth": true, "created_at": "2022-02-04T10:03:51.627381Z", "updated_at": "2022-02-04T10:03:51.627386Z", "lead_time": null, "prediction": {}, "result_count": 0, "task": 17600, "parent_prediction": null, "parent_annotation": null}], "data": {"year": 2016, "company": "AAPL", "my_text": "\nOperator: First we'll hear from Gene Munster with Piper Jaffray.\nEugene Charles Munster: Hey, good afternoon and congratulations. And Tim, now that we're a month in the iPhone 7, are you seeing anything measurable in terms of the growing trend of annual upgrades? And second is, historically in terms of new product categories, you guys have always looked for unique advantage before getting into a segment. And I'm curious about the car. There are a lot of rumors out there, and would like your perspective on how you think about an advantage that Apple could add in the auto space?\nTimothy Donald Cook: In terms of iPhone 7, Gene, the carriers that had upgrade plans, the information that we have from them is that demand is very robust. But from a worldwide point of view, the truth is that demand is outstripping supply in the vast majority of places, particularly on the iPhone 7 Plus. And so it's sort of we are in a situation at the moment, it's difficult in the early weeks to be able to differentiate. But on an anecdotal basis, it's clear the upgrade programs are a win. I can't speak about rumors, but as you know, we look for ways that we can improve the experience and the customers' experience on different sets of products. And we are always looking at new things, and the car space in general is an area that it's clear that there is a lot of technologies that will either become available or will be able to revolutionize the car experience. And so it's interesting from that point of view, but nothing to, certainly nothing to announce today.\nEugene Charles Munster: Just one quick follow up in terms of the supply. Do you think we'll be at equilibrium by the end of the quarter for iPhone supplies?\nTimothy Donald Cook: It's hard to say. I believe that on iPhone 7 we will. On iPhone 7 Plus, I'm not sure. I wouldn't say yes at this point, because the underlying demand looks extremely strong on both products but particularly on the iPhone 7 Plus versus our forecast going into the product launch.\nEugene Charles Munster: Thank you.\nNancy Paxton: Thanks, Gene. Can we have the next question, please?", "quarter": 4}}