{"id": 17550, "annotations": [{"id": 17653, "completed_by": 2, "result": [{"type": "labels", "value": {"end": 9, "text": "Operator", "start": 0, "labels": ["OPERATOR"]}, "origin": "manual", "to_name": "text", "from_name": "label-intro"}, {"type": "labels", "value": {"end": 46, "text": ": From JPMorgan we\u2019ll go to Rod Hall.", "start": 10, "labels": ["INTRO"]}, "origin": "manual", "to_name": "text", "from_name": "label-intro"}, {"type": "labels", "value": {"end": 55, "text": "Rod Hall", "start": 46, "labels": ["ANALYST"]}, "origin": "manual", "to_name": "text", "from_name": "label-intro"}, {"type": "labels", "value": {"end": 499, "text": ": So I wanted to start off Tim. You talked about the smaller of the user base who have upgraded to iPhone 6 or 6 Plus. And I wonder if you could give us a little bit more color on that, maybe even go as far as quantifying how many of the base you think have upgraded and also talk a little bit about the pattern of upgrades? Are they all tending to be over iPhones or is there are good spread? Can you give us any further color on that? Thanks.", "start": 56, "labels": ["QUESTION"]}, "origin": "manual", "to_name": "text", "from_name": "label-intro"}, {"type": "labels", "value": {"end": 508, "text": "Tim Cook", "start": 499, "labels": ["REPRESENTATIVE"]}, "origin": "manual", "to_name": "text", "from_name": "label-intro"}, {"type": "labels", "value": {"end": 1144, "text": ": It\u2019s a small fraction. It\u2019s a number that's in the mid-teens or barely in the teens. And so when I look at that I say that there is an enormous amount left. And given there are fair amount of Android units out there, there is also an enormous amount of Android customers that could switch. And I\u2019d also remind you that there is a lot of people that have not yet bought a smartphone. And I know it doesn\u2019t feel like that when you\u2019re sitting in the United States, but from a worldwide point of view there's still lots of them. And so I see all three of those groups there and I'm very excited about all of them, and serving all of them.", "start": 509, "labels": ["ANSWER"]}, "origin": "manual", "to_name": "text", "from_name": "label-intro"}, {"type": "labels", "value": {"end": 1153, "text": "Rod Hall", "start": 1144, "labels": ["ANALYST"]}, "origin": "manual", "to_name": "text", "from_name": "label-intro"}, {"type": "labels", "value": {"end": 1491, "text": ": And then my follow up I\u2019d like to direct at Luca. Luca, I wonder, could you talk a little bit about the duration of the hedge contracts and the renewal pattern that we should expect to see this year? Just kind of remind us what your typical renewal pattern is and will you be accelerating that this year given all the currency movement?", "start": 1154, "labels": ["QUESTION"]}, "origin": "manual", "to_name": "text", "from_name": "label-intro"}, {"type": "labels", "value": {"end": 1504, "text": "Luca Maestri", "start": 1491, "labels": ["REPRESENTATIVE"]}, "origin": "manual", "to_name": "text", "from_name": "label-intro"}, {"type": "labels", "value": {"end": 2235, "text": ": Yes Rod. Typically, I think, we have clearly active hedging programs of winning the market almost every day, but we tend to hedge three to 12 months out. There are cases where maybe we\u2019ve had to go a bit longer, if we feel that we have a strong conviction about certain currencies. Otherwise again the typical period is three to 12 months. And as hedges roll off, we replace them with new hedges. We take into account the exposures that we have around the world, taking into account our most recent forecast and we hedge accordingly. We feel very good about our hedging position and the decisions that we\u2019ve made particularly during the summer when we felt that maybe we needed to hedge a bit more than we have done historically.", "start": 1505, "labels": ["ANSWER"]}, "origin": "manual", "to_name": "text", "from_name": "label-intro"}, {"type": "labels", "value": {"end": 2244, "text": "Tim Cook", "start": 2235, "labels": ["REPRESENTATIVE"]}, "origin": "manual", "to_name": "text", "from_name": "label-intro"}, {"type": "labels", "value": {"end": 2344, "text": ": It\u2019s probably worth pointing out too that there is some markets where we can\u2019t economically hedge.", "start": 2245, "labels": ["ANSWER"]}, "origin": "manual", "to_name": "text", "from_name": "label-intro"}, {"type": "labels", "value": {"end": 2357, "text": "Luca Maestri", "start": 2344, "labels": ["REPRESENTATIVE"]}, "origin": "manual", "to_name": "text", "from_name": "label-intro"}, {"type": "labels", "value": {"end": 2567, "text": ": Yes. There are some exposures where the cost of hedging is prohibitive or the financial instruments are not there to hedge. And in those cases of course that\u2019s where you get the full impact of the volatility.", "start": 2358, "labels": ["ANSWER"]}, "origin": "manual", "to_name": "text", "from_name": "label-intro"}, {"type": "labels", "value": {"end": 2580, "text": "Nancy Paxton", "start": 2567, "labels": ["ANALYST"]}, "origin": "manual", "to_name": "text", "from_name": "label-intro"}, {"type": "labels", "value": {"end": 2633, "text": ": Thanks Rod. Could we have the next question please?", "start": 2581, "labels": ["QUESTION"]}, "origin": "manual", "to_name": "text", "from_name": "label-intro"}], "was_cancelled": false, "ground_truth": true, "created_at": "2022-02-04T10:03:51.622675Z", "updated_at": "2022-02-04T10:03:51.622680Z", "lead_time": null, "prediction": {}, "result_count": 0, "task": 17550, "parent_prediction": null, "parent_annotation": null}], "data": {"year": 2015, "company": "AAPL", "my_text": "\nOperator: From JPMorgan we\u2019ll go to Rod Hall.\nRod Hall: So I wanted to start off Tim. You talked about the smaller of the user base who have upgraded to iPhone 6 or 6 Plus. And I wonder if you could give us a little bit more color on that, maybe even go as far as quantifying how many of the base you think have upgraded and also talk a little bit about the pattern of upgrades? Are they all tending to be over iPhones or is there are good spread? Can you give us any further color on that? Thanks.\nTim Cook: It\u2019s a small fraction. It\u2019s a number that's in the mid-teens or barely in the teens. And so when I look at that I say that there is an enormous amount left. And given there are fair amount of Android units out there, there is also an enormous amount of Android customers that could switch. And I\u2019d also remind you that there is a lot of people that have not yet bought a smartphone. And I know it doesn\u2019t feel like that when you\u2019re sitting in the United States, but from a worldwide point of view there's still lots of them. And so I see all three of those groups there and I'm very excited about all of them, and serving all of them.\nRod Hall: And then my follow up I\u2019d like to direct at Luca. Luca, I wonder, could you talk a little bit about the duration of the hedge contracts and the renewal pattern that we should expect to see this year? Just kind of remind us what your typical renewal pattern is and will you be accelerating that this year given all the currency movement?\nLuca Maestri: Yes Rod. Typically, I think, we have clearly active hedging programs of winning the market almost every day, but we tend to hedge three to 12 months out. There are cases where maybe we\u2019ve had to go a bit longer, if we feel that we have a strong conviction about certain currencies. Otherwise again the typical period is three to 12 months. And as hedges roll off, we replace them with new hedges. We take into account the exposures that we have around the world, taking into account our most recent forecast and we hedge accordingly. We feel very good about our hedging position and the decisions that we\u2019ve made particularly during the summer when we felt that maybe we needed to hedge a bit more than we have done historically.\nTim Cook: It\u2019s probably worth pointing out too that there is some markets where we can\u2019t economically hedge.\nLuca Maestri: Yes. There are some exposures where the cost of hedging is prohibitive or the financial instruments are not there to hedge. And in those cases of course that\u2019s where you get the full impact of the volatility.\nNancy Paxton: Thanks Rod. Could we have the next question please?", "quarter": 1}}