{"id": 17552, "annotations": [{"id": 17655, "completed_by": 2, "result": [{"id": "8EurvUd5Zk", "type": "labels", "value": {"end": 9, "text": "Operator", "start": 0, "labels": ["OPERATOR"]}, "origin": "manual", "to_name": "text", "from_name": "label-intro"}, {"id": "n5apK208Wu", "type": "labels", "value": {"end": 62, "text": " From Deutsche Bank we\u2019ll hear from Sherri Scribner.", "start": 10, "labels": ["INTRO"]}, "origin": "manual", "to_name": "text", "from_name": "label-intro"}, {"id": "FmCyZ6b1gI", "type": "labels", "value": {"end": 78, "text": "Sherri Scribner", "start": 62, "labels": ["ANALYST"]}, "origin": "manual", "to_name": "text", "from_name": "label-intro"}, {"id": "yAze7GjnAT", "type": "labels", "value": {"end": 345, "text": " Luca, I was hoping you can give us some detail on your expectations for operating expenses going forward. I know you\u2019ve been investing pretty significantly in new products, but wanted to see how we should think about those trending over the next couple of quarters?", "start": 79, "labels": ["QUESTION"]}, "origin": "manual", "to_name": "text", "from_name": "label-intro"}, {"id": "MsbRJmLeni", "type": "labels", "value": {"end": 358, "text": "Luca Maestri", "start": 345, "labels": ["REPRESENTATIVE"]}, "origin": "manual", "to_name": "text", "from_name": "label-intro"}, {"id": "ozCwDEo3D8", "type": "labels", "value": {"end": 1734, "text": " Sherry, as you know, we provide guidance just for the upcoming quarter. And from what you\u2019ve seen from our guidance for the March quarter, we\u2019re guiding to a growth in OpEx on a year-over-year basis that is similar to what we\u2019ve experienced during the course of the December quarter. We obviously feel good about the business during the December quarter. Our revenue exceeded in terms of growth, our growth in operating expenses. There's going to be quarters where the opposite is going to happen. Our expense to revenue ratio during the December quarter was that 7.4%. It was the lowest that we\u2019ve had in two years. It\u2019s among the lowest ratios that we\u2019ve ever had. But obviously we are investing in the business and we will never under invest in the business. The majority of the increase will continue to come from R&D, given the fact that we\u2019ve expanded our product portfolio and we\u2019re making investments all the time ahead of the revenue that would be generated in the future. We also expect to continue to invest in marketing and advertising. We\u2019re expanding distribution all over the world. We\u2019ve taken our brand to more places and we continue to open new retail stores around the world. And so the idea for us is to continue to invest in the business, making the right trade-offs and the results from the December quarter give us very good confidence for the future.", "start": 359, "labels": ["ANSWER"]}, "origin": "manual", "to_name": "text", "from_name": "label-intro"}, {"id": "4j4C18v20x", "type": "labels", "value": {"end": 1747, "text": "Nancy Paxton", "start": 1734, "labels": ["ANALYST"]}, "origin": "manual", "to_name": "text", "from_name": "label-intro"}, {"id": "7n-kcPqxgo", "type": "labels", "value": {"end": 1788, "text": " Could we have the next question please?", "start": 1748, "labels": ["QUESTION"]}, "origin": "manual", "to_name": "text", "from_name": "label-intro"}], "was_cancelled": false, "ground_truth": true, "created_at": "2022-02-04T10:03:51.622836Z", "updated_at": "2022-02-11T00:13:29.717914Z", "lead_time": 7371.855, "prediction": {}, "result_count": 0, "task": 17552, "parent_prediction": null, "parent_annotation": null}], "data": {"year": 2015, "company": "AAPL", "my_text": "\nOperator: From Deutsche Bank we\u2019ll hear from Sherri Scribner.\nSherri Scribner: Luca, I was hoping you can give us some detail on your expectations for operating expenses going forward. I know you\u2019ve been investing pretty significantly in new products, but wanted to see how we should think about those trending over the next couple of quarters?\nLuca Maestri: Sherry, as you know, we provide guidance just for the upcoming quarter. And from what you\u2019ve seen from our guidance for the March quarter, we\u2019re guiding to a growth in OpEx on a year-over-year basis that is similar to what we\u2019ve experienced during the course of the December quarter. We obviously feel good about the business during the December quarter. Our revenue exceeded in terms of growth, our growth in operating expenses. There's going to be quarters where the opposite is going to happen. Our expense to revenue ratio during the December quarter was that 7.4%. It was the lowest that we\u2019ve had in two years. It\u2019s among the lowest ratios that we\u2019ve ever had. But obviously we are investing in the business and we will never under invest in the business. The majority of the increase will continue to come from R&D, given the fact that we\u2019ve expanded our product portfolio and we\u2019re making investments all the time ahead of the revenue that would be generated in the future. We also expect to continue to invest in marketing and advertising. We\u2019re expanding distribution all over the world. We\u2019ve taken our brand to more places and we continue to open new retail stores around the world. And so the idea for us is to continue to invest in the business, making the right trade-offs and the results from the December quarter give us very good confidence for the future.\nNancy Paxton: Could we have the next question please?", "quarter": 1}}