{"id": 17555, "annotations": [{"id": 17658, "completed_by": 2, "result": [{"id": "Zs8luOGlMt", "type": "labels", "value": {"end": 9, "text": "Operator", "start": 0, "labels": ["OPERATOR"]}, "origin": "manual", "to_name": "text", "from_name": "label-intro"}, {"id": "Nd0kh60B_V", "type": "labels", "value": {"end": 60, "text": " From Piper Jaffray, we\u2019ll hear from Gene Munster.", "start": 10, "labels": ["INTRO"]}, "origin": "manual", "to_name": "text", "from_name": "label-intro"}, {"id": "JOAfUL6wiE", "type": "labels", "value": {"end": 73, "text": "Gene Munster", "start": 60, "labels": ["ANALYST"]}, "origin": "manual", "to_name": "text", "from_name": "label-intro"}, {"id": "Gc_SSOu92_", "type": "labels", "value": {"end": 438, "text": " Tim, you mentioned there\u2019s more switchers versus previous cycles. Any thoughts on what that would mean or could mean for market share over the next few quarters, and kind of I guess the sustainability of the 6 cycle? And then second question, for Luca, in terms of any thoughts on what the margin impact from the watch is that ramps over the next couple of years?", "start": 74, "labels": ["QUESTION"]}, "origin": "manual", "to_name": "text", "from_name": "label-intro"}, {"id": "j_9C-wfE1i", "type": "labels", "value": {"end": 447, "text": "Tim Cook", "start": 438, "labels": ["REPRESENTATIVE"]}, "origin": "manual", "to_name": "text", "from_name": "label-intro"}, {"id": "Xod_pMRNIY", "type": "labels", "value": {"end": 1222, "text": " Gene, if you look at the overall worldwide, we grew iPhone 40%. And IDC\u2019s estimate of the market for last quarter is a 16%, so we grew two and a half times. And if you kind of look through at the different countries, in almost every country, we grew at a multiple of the market. And as I mentioned before, in emerging markets, we did extremely well. And so I feel really good about where we are, and you can hopefully tell with the strong guidance that we provided, that we\u2019re very bullish on the current quarter as well. And so I think things look very, very good. We\u2019re also pleased, in addition to the switcher number, that we\u2019re doing fairly well with first time buyers, which is also a key metric for us. And so it\u2019s tough to find something in the numbers not to like.", "start": 448, "labels": ["ANSWER"]}, "origin": "manual", "to_name": "text", "from_name": "label-intro"}, {"id": "7rR962NK3n", "type": "labels", "value": {"end": 1235, "text": "Luca Maestri", "start": 1222, "labels": ["REPRESENTATIVE"]}, "origin": "manual", "to_name": "text", "from_name": "label-intro"}, {"id": "Jto2HBNVLg", "type": "labels", "value": {"end": 1978, "text": " And Gene, let me take your question on margins. I\u2019ll talk about Q3, because you know, this is the period that we provide guidance for. And we guided to 38.5% to 39.5%, which is slightly down versus our performance in Q2. And this is driven by a number of things. First of all, it\u2019s the loss of leverage from the sequential decline in revenue. This is typical of our seasonality. There\u2019s a foreign exchange element, and I mentioned before the negative impact on a sequential basis about 40 basis points. And also, we\u2019re launching the Apple Watch. Apple Watch is not only a new product, but it\u2019s a brand new category with a lot of new features, a lot of new, innovative technologies. And Apple Watch margins will be lower than company average.", "start": 1236, "labels": ["ANSWER"]}, "origin": "manual", "to_name": "text", "from_name": "label-intro"}, {"id": "aWmU1cVlAc", "type": "labels", "value": {"end": 1991, "text": "Gene Munster", "start": 1978, "labels": ["ANALYST"]}, "origin": "manual", "to_name": "text", "from_name": "label-intro"}, {"id": "GaEUnKY5qs", "type": "labels", "value": {"end": 2164, "text": " One maybe quick follow up, Tim, in terms of the base of iPhones that have upgraded. I think you provided a number last quarter on that. Is there any update to that metric?", "start": 1992, "labels": ["QUESTION"]}, "origin": "manual", "to_name": "text", "from_name": "label-intro"}, {"id": "L2l73WzU9r", "type": "labels", "value": {"end": 2173, "text": "Tim Cook", "start": 2164, "labels": ["REPRESENTATIVE"]}, "origin": "manual", "to_name": "text", "from_name": "label-intro"}, {"id": "6QxOnrZ8ZM", "type": "labels", "value": {"end": 2541, "text": " Yeah, sure. Our current estimate is that about 20% of the active installed base has upgraded to a 6 or 6 plus. And so as I look at that number, that suggests there\u2019s plenty of upgrade headroom in addition to we want to keep inviting over as many switchers as we can. So between both of those and the first time buyers as well, it seems really, really good right now.", "start": 2174, "labels": ["ANSWER"]}, "origin": "manual", "to_name": "text", "from_name": "label-intro"}], "was_cancelled": false, "ground_truth": true, "created_at": "2022-02-04T10:03:51.623114Z", "updated_at": "2022-04-10T20:12:07.555537Z", "lead_time": 14270.719, "prediction": {}, "result_count": 0, "task": 17555, "parent_prediction": null, "parent_annotation": null}], "data": {"year": 2015, "company": "AAPL", "my_text": "\nOperator: From Piper Jaffray, we\u2019ll hear from Gene Munster.\nGene Munster: Tim, you mentioned there\u2019s more switchers versus previous cycles. Any thoughts on what that would mean or could mean for market share over the next few quarters, and kind of I guess the sustainability of the 6 cycle? And then second question, for Luca, in terms of any thoughts on what the margin impact from the watch is that ramps over the next couple of years?\nTim Cook: Gene, if you look at the overall worldwide, we grew iPhone 40%. And IDC\u2019s estimate of the market for last quarter is a 16%, so we grew two and a half times. And if you kind of look through at the different countries, in almost every country, we grew at a multiple of the market. And as I mentioned before, in emerging markets, we did extremely well. And so I feel really good about where we are, and you can hopefully tell with the strong guidance that we provided, that we\u2019re very bullish on the current quarter as well. And so I think things look very, very good. We\u2019re also pleased, in addition to the switcher number, that we\u2019re doing fairly well with first time buyers, which is also a key metric for us. And so it\u2019s tough to find something in the numbers not to like.\nLuca Maestri: And Gene, let me take your question on margins. I\u2019ll talk about Q3, because you know, this is the period that we provide guidance for. And we guided to 38.5% to 39.5%, which is slightly down versus our performance in Q2. And this is driven by a number of things. First of all, it\u2019s the loss of leverage from the sequential decline in revenue. This is typical of our seasonality. There\u2019s a foreign exchange element, and I mentioned before the negative impact on a sequential basis about 40 basis points. And also, we\u2019re launching the Apple Watch. Apple Watch is not only a new product, but it\u2019s a brand new category with a lot of new features, a lot of new, innovative technologies. And Apple Watch margins will be lower than company average.\nGene Munster: One maybe quick follow up, Tim, in terms of the base of iPhones that have upgraded. I think you provided a number last quarter on that. Is there any update to that metric?\nTim Cook: Yeah, sure. Our current estimate is that about 20% of the active installed base has upgraded to a 6 or 6 plus. And so as I look at that number, that suggests there\u2019s plenty of upgrade headroom in addition to we want to keep inviting over as many switchers as we can. So between both of those and the first time buyers as well, it seems really, really good right now.", "quarter": 2}}