{"id": 20352, "annotations": [{"id": 20752, "completed_by": 2, "result": [{"type": "labels", "value": {"end": 9, "text": "Operator", "start": 0, "labels": ["OPERATOR"]}, "origin": "manual", "to_name": "text", "from_name": "label-intro"}, {"type": "labels", "value": {"end": 75, "text": ": The next question will come from Samik Chatterjee with JPMorgan.", "start": 10, "labels": ["INTRO"]}, "origin": "manual", "to_name": "text", "from_name": "label-intro"}, {"type": "labels", "value": {"end": 92, "text": "Samik Chatterjee", "start": 75, "labels": ["ANALYST"]}, "origin": "manual", "to_name": "text", "from_name": "label-intro"}, {"type": "labels", "value": {"end": 410, "text": ": Hi. Thanks for taking the question. Tim, you talked about China responding well to these pricing actions that you've taken in that market. Do any of those learnings kind of carry through into how you decide pricing in the remaining emerging markets, like India, et cetera as you get ready for the next product cycle?", "start": 93, "labels": ["QUESTION"]}, "origin": "manual", "to_name": "text", "from_name": "label-intro"}, {"type": "labels", "value": {"end": 419, "text": "Tim Cook", "start": 410, "labels": ["REPRESENTATIVE"]}, "origin": "manual", "to_name": "text", "from_name": "label-intro"}, {"type": "labels", "value": {"end": 702, "text": ": We have made some adjustments in India, and we've seen preliminarily some better results there. Everything that we do does advise everything we do in the future, so we try to learn the best we can and hold [ph] that into our thinking, and we'll obviously do that with this as well.", "start": 420, "labels": ["ANSWER"]}, "origin": "manual", "to_name": "text", "from_name": "label-intro"}, {"type": "labels", "value": {"end": 719, "text": "Samik Chatterjee", "start": 702, "labels": ["ANALYST"]}, "origin": "manual", "to_name": "text", "from_name": "label-intro"}, {"type": "labels", "value": {"end": 992, "text": ": Thank you. I just had a quick follow-up for Luca on the Services side. Luca, we see that you're guiding to higher operating expenses quarter-on-quarter. How much of that incremental is going in to support the new services that you're planning to launch later in the year?", "start": 720, "labels": ["QUESTION"]}, "origin": "manual", "to_name": "text", "from_name": "label-intro"}, {"type": "labels", "value": {"end": 1005, "text": "Luca Maestri", "start": 992, "labels": ["REPRESENTATIVE"]}, "origin": "manual", "to_name": "text", "from_name": "label-intro"}, {"type": "labels", "value": {"end": 1767, "text": ": Yeah. Of course, we are supporting both our products and services business and you can see the trajectory of our OpEx over the different quarters. Clearly as we add new services, we will need to make the necessary investments to support them. Our Services business has multiple streams. In total, it is accretive to company gross margins. You've seen the latest -- we're running services margins at over 60%. So, it's a very important business for us in many ways for our ecosystem and for our ability to monetize it. And so, clearly we will make all the necessary investments to ensure that the new services are successful, and we're really encouraged by the level of customer response that we received so far in anticipation for the launch of these services.", "start": 1006, "labels": ["ANSWER"]}, "origin": "manual", "to_name": "text", "from_name": "label-intro"}, {"type": "labels", "value": {"end": 1780, "text": "Nancy Paxton", "start": 1767, "labels": ["REPRESENTATIVE"]}, "origin": "manual", "to_name": "text", "from_name": "label-intro"}, {"type": "labels", "value": {"end": 1837, "text": ": Thank you, Samik. Can we have the next question please.", "start": 1781, "labels": ["ANSWER"]}, "origin": "manual", "to_name": "text", "from_name": "label-intro"}], "was_cancelled": false, "ground_truth": true, "created_at": "2022-03-20T08:53:40.751372Z", "updated_at": "2022-03-20T08:53:40.751378Z", "lead_time": null, "prediction": {}, "result_count": 0, "task": 20352, "parent_prediction": null, "parent_annotation": null}], "data": {"year": 2019, "company": "AAPL", "my_text": "\nOperator: The next question will come from Samik Chatterjee with JPMorgan.\nSamik Chatterjee: Hi. Thanks for taking the question. Tim, you talked about China responding well to these pricing actions that you've taken in that market. Do any of those learnings kind of carry through into how you decide pricing in the remaining emerging markets, like India, et cetera as you get ready for the next product cycle?\nTim Cook: We have made some adjustments in India, and we've seen preliminarily some better results there. Everything that we do does advise everything we do in the future, so we try to learn the best we can and hold [ph] that into our thinking, and we'll obviously do that with this as well.\nSamik Chatterjee: Thank you. I just had a quick follow-up for Luca on the Services side. Luca, we see that you're guiding to higher operating expenses quarter-on-quarter. How much of that incremental is going in to support the new services that you're planning to launch later in the year?\nLuca Maestri: Yeah. Of course, we are supporting both our products and services business and you can see the trajectory of our OpEx over the different quarters. Clearly as we add new services, we will need to make the necessary investments to support them. Our Services business has multiple streams. In total, it is accretive to company gross margins. You've seen the latest -- we're running services margins at over 60%. So, it's a very important business for us in many ways for our ecosystem and for our ability to monetize it. And so, clearly we will make all the necessary investments to ensure that the new services are successful, and we're really encouraged by the level of customer response that we received so far in anticipation for the launch of these services.\nNancy Paxton: Thank you, Samik. Can we have the next question please.", "quarter": 2}}