{"id": 18833, "annotations": [{"id": 18936, "completed_by": 2, "result": [{"id": "QkTFmIc781", "type": "labels", "value": {"end": 9, "text": "Operator", "start": 0, "labels": ["OPERATOR"]}, "origin": "manual", "to_name": "text", "from_name": "label-intro"}, {"id": "SdOEXew8MX", "type": "labels", "value": {"end": 832, "text": "Timothy Donald Cook", "start": 812, "labels": ["REPRESENTATIVE"]}, "origin": "manual", "to_name": "text", "from_name": "label-intro"}, {"id": "nqFhP0NzCf", "type": "labels", "value": {"end": 1777, "text": " I think the upgrade rate is a function of many, many different things, from the size of the installed base, the age of the installed base, the product that is new at the time, the regional distribution, the upgrade plans that are in various markets around the world. And so I think there are many, many factors in that. It's not a simple thing that you can apply a set formula to or one variable or a couple of variable formula in my opinion. But I think in general, because our installed base was up strong double digit once again, there's a lot of factors that are very positive for us. And between the upgraders and the switchers that we see, and the first-time buyer category is still out there too in several countries, including some that you may not think there is, there's still a sizable base in some. Between those three areas, I think we have a lot of opportunity. Kulbinder S. Garcha - Credit Suisse Securities (USA) LLC Thank you.", "start": 833, "labels": ["ANSWER"]}, "origin": "manual", "to_name": "text", "from_name": "label-intro"}, {"id": "tvPB0Mhpda", "type": "labels", "value": {"end": 1797, "text": "Timothy Donald Cook", "start": 1777, "labels": ["REPRESENTATIVE"]}, "origin": "manual", "to_name": "text", "from_name": "label-intro"}, {"id": "Wn0JoRWqFj", "type": "labels", "value": {"end": 1803, "text": " Yes.", "start": 1798, "labels": ["ANSWER"]}, "origin": "manual", "to_name": "text", "from_name": "label-intro"}, {"id": "I70S6paMfr", "type": "labels", "value": {"end": 1816, "text": "Nancy Paxton", "start": 1803, "labels": ["REPRESENTATIVE"]}, "origin": "manual", "to_name": "text", "from_name": "label-intro"}, {"id": "GipUIIcxzX", "type": "labels", "value": {"end": 1880, "text": " Thank you, Kulbinder. Could we have the next question, please?", "start": 1817, "labels": ["ANSWER"]}, "origin": "manual", "to_name": "text", "from_name": "label-intro"}, {"id": "UPV5876H7-", "type": "labels", "value": {"end": 63, "text": "We'll hear from Kulbinder Garcha with Credit Suisse.", "start": 11, "labels": ["INTRO"]}, "origin": "manual", "to_name": "text", "from_name": "label-intro"}, {"id": "XDPZWsmKoJ", "type": "labels", "value": {"end": 120, "text": "Kulbinder S. Garcha - Credit Suisse Securities (USA) LLC", "start": 64, "labels": ["ANALYST"]}, "origin": "manual", "to_name": "text", "from_name": "label-intro"}, {"id": "0GLnhlchaP", "type": "labels", "value": {"end": 812, "text": "Thank you, a question for Tim maybe on the iPhone install base. At various points in the past you've told us the rate at which that was growing. At the end of the first half, what is that up year on year? At what rate is it growing? Can you give us some sense of that? And on upgrade rates over the longer term, there are lots of moving parts, and I get that there's I guess geographic mix shift of your base. There's many new phones that you may or may not bring out. There's how carriers promote your products. But do you think this upgrade rate is sustainable? Do you think it gets faster all the time? How should we think about the major drivers that you want to see for it? Many thanks.", "start": 121, "labels": ["QUESTION"]}, "origin": "manual", "to_name": "text", "from_name": "label-intro"}], "was_cancelled": false, "ground_truth": true, "created_at": "2022-02-04T10:25:35.345443Z", "updated_at": "2022-05-06T14:52:01.810431Z", "lead_time": 2335.099, "prediction": {}, "result_count": 0, "task": 18833, "parent_prediction": null, "parent_annotation": null}], "data": {"year": 2017, "company": "AAPL", "my_text": "\nOperator: We'll hear from Kulbinder Garcha with Credit Suisse. Kulbinder S. Garcha - Credit Suisse Securities (USA) LLC Thank you, a question for Tim maybe on the iPhone install base. At various points in the past you've told us the rate at which that was growing. At the end of the first half, what is that up year on year? At what rate is it growing? Can you give us some sense of that? And on upgrade rates over the longer term, there are lots of moving parts, and I get that there's I guess geographic mix shift of your base. There's many new phones that you may or may not bring out. There's how carriers promote your products. But do you think this upgrade rate is sustainable? Do you think it gets faster all the time? How should we think about the major drivers that you want to see for it? Many thanks.\nTimothy Donald Cook: I think the upgrade rate is a function of many, many different things, from the size of the installed base, the age of the installed base, the product that is new at the time, the regional distribution, the upgrade plans that are in various markets around the world. And so I think there are many, many factors in that. It's not a simple thing that you can apply a set formula to or one variable or a couple of variable formula in my opinion. But I think in general, because our installed base was up strong double digit once again, there's a lot of factors that are very positive for us. And between the upgraders and the switchers that we see, and the first-time buyer category is still out there too in several countries, including some that you may not think there is, there's still a sizable base in some. Between those three areas, I think we have a lot of opportunity. Kulbinder S. Garcha - Credit Suisse Securities (USA) LLC Thank you.\nTimothy Donald Cook: Yes.\nNancy Paxton: Thank you, Kulbinder. Could we have the next question, please?", "quarter": 3}}