{"id": 17583, "annotations": [{"id": 17686, "completed_by": 2, "result": [{"type": "labels", "value": {"end": 9, "text": "Operator", "start": 0, "labels": ["OPERATOR"]}, "origin": "manual", "to_name": "text", "from_name": "label-intro"}, {"type": "labels", "value": {"end": 118, "text": ": And next we'll hear from Steve Milunovich with UBS. Mr. Milunovich, you may want to check your mute button.", "start": 10, "labels": ["INTRO"]}, "origin": "manual", "to_name": "text", "from_name": "label-intro"}, {"type": "labels", "value": {"end": 127, "text": "Tim Cook", "start": 118, "labels": ["REPRESENTATIVE"]}, "origin": "manual", "to_name": "text", "from_name": "label-intro"}, {"type": "labels", "value": {"end": 150, "text": ": Steve, are you there?", "start": 128, "labels": ["ANSWER"]}, "origin": "manual", "to_name": "text", "from_name": "label-intro"}, {"type": "labels", "value": {"end": 163, "text": "Nancy Paxton", "start": 150, "labels": ["ANALYST"]}, "origin": "manual", "to_name": "text", "from_name": "label-intro"}, {"type": "labels", "value": {"end": 206, "text": ": Okay. Let's try the next question please.", "start": 164, "labels": ["QUESTION"]}, "origin": "manual", "to_name": "text", "from_name": "label-intro"}], "was_cancelled": false, "ground_truth": true, "created_at": "2022-02-04T10:03:51.625757Z", "updated_at": "2022-02-04T10:03:51.625763Z", "lead_time": null, "prediction": {}, "result_count": 0, "task": 17583, "parent_prediction": null, "parent_annotation": null}], "data": {"year": 2016, "company": "AAPL", "my_text": "\nOperator: And next we'll hear from Steve Milunovich with UBS. Mr. Milunovich, you may want to check your mute button.\nTim Cook: Steve, are you there?\nNancy Paxton: Okay. Let's try the next question please.", "quarter": 1}}