{"id": 17553, "annotations": [{"id": 17656, "completed_by": 2, "result": [{"type": "labels", "value": {"end": 9, "text": "Operator", "start": 0, "labels": ["OPERATOR"]}, "origin": "manual", "to_name": "text", "from_name": "label-intro"}, {"type": "labels", "value": {"end": 99, "text": ": [Operator instructions.] Your first question will come from Bill Schultz, Goldman Sachs.", "start": 10, "labels": ["INTRO"]}, "origin": "manual", "to_name": "text", "from_name": "label-intro"}, {"type": "labels", "value": {"end": 112, "text": "Bill Schultz", "start": 99, "labels": ["ANALYST"]}, "origin": "manual", "to_name": "text", "from_name": "label-intro"}, {"type": "labels", "value": {"end": 403, "text": ": When we look at the effect of currency on your gross profit, which I think was far less than anyone anticipated, have you be able to reduce some of the pressure by adjusting the terms of your suppliers? Or is that something we should expect to see more of as you progress through the year?", "start": 113, "labels": ["QUESTION"]}, "origin": "manual", "to_name": "text", "from_name": "label-intro"}, {"type": "labels", "value": {"end": 416, "text": "Luca Maestri", "start": 403, "labels": ["REPRESENTATIVE"]}, "origin": "manual", "to_name": "text", "from_name": "label-intro"}, {"type": "labels", "value": {"end": 1558, "text": ": I\u2019m gonna give you some numbers on the currency, because I know it\u2019s a topic that is top of mind. You\u2019re asking about gross margin, and you know, we look at this on a sequential basis. And I mentioned during the call in January that we were expecting FX to have a negative impact on a sequential basis of about 100 basis points after the effect of the hedges. And that is exactly what happened in our actual results. So that was pretty much in line with what we were anticipating. Of course, we expect this headwind to continue. And on a sequential basis, when we look into the June quarter, we expect to see another 40 basis points of negative impact from currency. We\u2019re dealing with these headwinds. They\u2019re part of business, and so we\u2019re dealing with them in many ways. We are looking at, in some cases, at the potential to increase prices in certain markets. We\u2019re looking of course at our cost structure, and we try to remain as competitive as possible. So we feel very good about the gross margins that we\u2019ve generated in the March quarter, and we feel very good about the guidance that we provided, given the severity of the impact.", "start": 417, "labels": ["ANSWER"]}, "origin": "manual", "to_name": "text", "from_name": "label-intro"}, {"type": "labels", "value": {"end": 1571, "text": "Bill Schultz", "start": 1558, "labels": ["ANALYST"]}, "origin": "manual", "to_name": "text", "from_name": "label-intro"}, {"type": "labels", "value": {"end": 2027, "text": ": And then as a follow up, obviously, I guess one of the incremental tailwinds to gross margin continues to be the iPhone upside relative to expectations. Can you give us a bit more color on the dynamics of the customer mix for the iPhone? You had mentioned you\u2019re very excited about the new iPhone rate so far, but if you could just give us a bit more color, as we had last quarter, on folks that are new to iPhone, Android switchers, versus replacements?", "start": 1572, "labels": ["QUESTION"]}, "origin": "manual", "to_name": "text", "from_name": "label-intro"}, {"type": "labels", "value": {"end": 2036, "text": "Tim Cook", "start": 2027, "labels": ["REPRESENTATIVE"]}, "origin": "manual", "to_name": "text", "from_name": "label-intro"}, {"type": "labels", "value": {"end": 2618, "text": ": Bill, we continue to see a higher rate of switchers than we have seen in previous cycles, and so we\u2019re extremely excited about that. We also continue to see a reasonable percentage of first time buyers, particularly in some of the emerging markets. And if you look at emerging markets in general, I think Luca covered some of this, the revenue from emerging markets, just for the March quarter, was up 58% year on year. And a big piece of what is driving that is iPhone. Obviously, those results would have been higher without some of the FX headwinds that Luca mentioned earlier.", "start": 2037, "labels": ["ANSWER"]}, "origin": "manual", "to_name": "text", "from_name": "label-intro"}], "was_cancelled": false, "ground_truth": true, "created_at": "2022-02-04T10:03:51.622919Z", "updated_at": "2022-02-04T10:03:51.622924Z", "lead_time": null, "prediction": {}, "result_count": 0, "task": 17553, "parent_prediction": null, "parent_annotation": null}], "data": {"year": 2015, "company": "AAPL", "my_text": "\nOperator: [Operator instructions.] Your first question will come from Bill Schultz, Goldman Sachs.\nBill Schultz: When we look at the effect of currency on your gross profit, which I think was far less than anyone anticipated, have you be able to reduce some of the pressure by adjusting the terms of your suppliers? Or is that something we should expect to see more of as you progress through the year?\nLuca Maestri: I\u2019m gonna give you some numbers on the currency, because I know it\u2019s a topic that is top of mind. You\u2019re asking about gross margin, and you know, we look at this on a sequential basis. And I mentioned during the call in January that we were expecting FX to have a negative impact on a sequential basis of about 100 basis points after the effect of the hedges. And that is exactly what happened in our actual results. So that was pretty much in line with what we were anticipating. Of course, we expect this headwind to continue. And on a sequential basis, when we look into the June quarter, we expect to see another 40 basis points of negative impact from currency. We\u2019re dealing with these headwinds. They\u2019re part of business, and so we\u2019re dealing with them in many ways. We are looking at, in some cases, at the potential to increase prices in certain markets. We\u2019re looking of course at our cost structure, and we try to remain as competitive as possible. So we feel very good about the gross margins that we\u2019ve generated in the March quarter, and we feel very good about the guidance that we provided, given the severity of the impact.\nBill Schultz: And then as a follow up, obviously, I guess one of the incremental tailwinds to gross margin continues to be the iPhone upside relative to expectations. Can you give us a bit more color on the dynamics of the customer mix for the iPhone? You had mentioned you\u2019re very excited about the new iPhone rate so far, but if you could just give us a bit more color, as we had last quarter, on folks that are new to iPhone, Android switchers, versus replacements?\nTim Cook: Bill, we continue to see a higher rate of switchers than we have seen in previous cycles, and so we\u2019re extremely excited about that. We also continue to see a reasonable percentage of first time buyers, particularly in some of the emerging markets. And if you look at emerging markets in general, I think Luca covered some of this, the revenue from emerging markets, just for the March quarter, was up 58% year on year. And a big piece of what is driving that is iPhone. Obviously, those results would have been higher without some of the FX headwinds that Luca mentioned earlier.", "quarter": 2}}