{"id": 18891, "annotations": [{"id": 18994, "completed_by": 2, "result": [{"type": "labels", "value": {"end": 9, "text": "Operator", "start": 0, "labels": ["OPERATOR"]}, "origin": "manual", "to_name": "text", "from_name": "label-intro"}, {"type": "labels", "value": {"end": 72, "text": ": Our next question will be from Mike Olson with Piper Jaffray.", "start": 10, "labels": ["INTRO"]}, "origin": "manual", "to_name": "text", "from_name": "label-intro"}, {"type": "labels", "value": {"end": 83, "text": "Mike Olson", "start": 72, "labels": ["ANALYST"]}, "origin": "manual", "to_name": "text", "from_name": "label-intro"}, {"type": "labels", "value": {"end": 563, "text": ": Good afternoon, and thanks for taking my questions. So Wearables category has been strong, and it's hard to believe it's now essentially the same size as Mac. But related to Apple's initiatives in healthcare, do you think health-related features are a primary driver of Wearables growth and maybe conversely how important is a rising installed base of Wearables and the data that's associated with that to the ongoing innovation within Apple health? And then I have a follow-up.", "start": 84, "labels": ["QUESTION"]}, "origin": "manual", "to_name": "text", "from_name": "label-intro"}, {"type": "labels", "value": {"end": 572, "text": "Tim Cook", "start": 563, "labels": ["REPRESENTATIVE"]}, "origin": "manual", "to_name": "text", "from_name": "label-intro"}, {"type": "labels", "value": {"end": 1648, "text": ": Michael, it's Tim. The Wearables have done extremely well. It was acceleration further from the previous quarter. So we're thrilled with the results as to what's driving it it's the totality that's driving it. For some people it's about fitness; for some people, it's about health; for some other people, it's about communication; and for some people, it's all of the above. And I think the new feature of Always-On on Series 5 is a game changer for many of our users.And in terms of other health-related things that we have going, we will be continuing to build out our health records connection into the health app, really democratizes the information about people's health, and so they can easily go from doctor to doctor.We've got the research going that I had mentioned earlier, there will be more of those through time, and obviously we've got things that we're not going to talk about just yet that we're working on. But as I've said before, my view is there will be a day in the future that we look back, and Apple's greatest contribution will be to people's health.", "start": 573, "labels": ["ANSWER"]}, "origin": "manual", "to_name": "text", "from_name": "label-intro"}, {"type": "labels", "value": {"end": 1659, "text": "Mike Olson", "start": 1648, "labels": ["ANALYST"]}, "origin": "manual", "to_name": "text", "from_name": "label-intro"}, {"type": "labels", "value": {"end": 1900, "text": ": Okay. Thanks. And then with the strong slate of content in Apple TV+, can you just talk about the strategy behind giving it away to those that are buying in applicable device versus charging for it? And my congrats to Nancy. And thank you.", "start": 1660, "labels": ["QUESTION"]}, "origin": "manual", "to_name": "text", "from_name": "label-intro"}, {"type": "labels", "value": {"end": 1909, "text": "Tim Cook", "start": 1900, "labels": ["REPRESENTATIVE"]}, "origin": "manual", "to_name": "text", "from_name": "label-intro"}, {"type": "labels", "value": {"end": 2487, "text": ": Yes, it's a gift to our users, and from a business point of view, we'd like to -- we're really proud of the content. We'd like as many people as possible to view it. And so this allows us to focus on maximizing subscribers, particularly in the early going. And so we are - we feel great about doing that.I think it's a bold move. And the price also for those people that are not buying a device in the period of time that we offer this, the price is very aggressive as well. You think - think about the quality of content that you get for 499, and it's amazing. It is amazing.", "start": 1910, "labels": ["ANSWER"]}, "origin": "manual", "to_name": "text", "from_name": "label-intro"}, {"type": "labels", "value": {"end": 2500, "text": "Nancy Paxton", "start": 2487, "labels": ["REPRESENTATIVE"]}, "origin": "manual", "to_name": "text", "from_name": "label-intro"}, {"type": "labels", "value": {"end": 2553, "text": ": Thanks, Mike. Can we have the next question please?", "start": 2501, "labels": ["ANSWER"]}, "origin": "manual", "to_name": "text", "from_name": "label-intro"}], "was_cancelled": false, "ground_truth": true, "created_at": "2022-02-04T10:25:35.351114Z", "updated_at": "2022-02-04T10:25:35.351119Z", "lead_time": null, "prediction": {}, "result_count": 0, "task": 18891, "parent_prediction": null, "parent_annotation": null}], "data": {"year": 2019, "company": "AAPL", "my_text": "\nOperator: Our next question will be from Mike Olson with Piper Jaffray.\nMike Olson: Good afternoon, and thanks for taking my questions. So Wearables category has been strong, and it's hard to believe it's now essentially the same size as Mac. But related to Apple's initiatives in healthcare, do you think health-related features are a primary driver of Wearables growth and maybe conversely how important is a rising installed base of Wearables and the data that's associated with that to the ongoing innovation within Apple health? And then I have a follow-up.\nTim Cook: Michael, it's Tim. The Wearables have done extremely well. It was acceleration further from the previous quarter. So we're thrilled with the results as to what's driving it it's the totality that's driving it. For some people it's about fitness; for some people, it's about health; for some other people, it's about communication; and for some people, it's all of the above. And I think the new feature of Always-On on Series 5 is a game changer for many of our users.And in terms of other health-related things that we have going, we will be continuing to build out our health records connection into the health app, really democratizes the information about people's health, and so they can easily go from doctor to doctor.We've got the research going that I had mentioned earlier, there will be more of those through time, and obviously we've got things that we're not going to talk about just yet that we're working on. But as I've said before, my view is there will be a day in the future that we look back, and Apple's greatest contribution will be to people's health.\nMike Olson: Okay. Thanks. And then with the strong slate of content in Apple TV+, can you just talk about the strategy behind giving it away to those that are buying in applicable device versus charging for it? And my congrats to Nancy. And thank you.\nTim Cook: Yes, it's a gift to our users, and from a business point of view, we'd like to -- we're really proud of the content. We'd like as many people as possible to view it. And so this allows us to focus on maximizing subscribers, particularly in the early going. And so we are - we feel great about doing that.I think it's a bold move. And the price also for those people that are not buying a device in the period of time that we offer this, the price is very aggressive as well. You think - think about the quality of content that you get for 499, and it's amazing. It is amazing.\nNancy Paxton: Thanks, Mike. Can we have the next question please?", "quarter": 4}}