{"id": 18855, "annotations": [{"id": 18958, "completed_by": 2, "result": [{"type": "labels", "value": {"end": 9, "text": "Operator", "start": 0, "labels": ["OPERATOR"]}, "origin": "manual", "to_name": "text", "from_name": "label-intro"}, {"type": "labels", "value": {"end": 65, "text": ": And that will come from Mike Olson with Piper Jaffray.", "start": 10, "labels": ["INTRO"]}, "origin": "manual", "to_name": "text", "from_name": "label-intro"}, {"type": "labels", "value": {"end": 82, "text": "Michael J. Olson", "start": 65, "labels": ["ANALYST"]}, "origin": "manual", "to_name": "text", "from_name": "label-intro"}, {"type": "labels", "value": {"end": 475, "text": ": Hey. Good afternoon, and thank you for taking my question. Just following on the services question, I'd be curious what the next drivers of services revenue are. Will it be continued penetration of Music and Pay that you see as kind of the largest future categories of incremental growth? Or maybe when could augmented reality become a material part of services? And then I have a follow up.", "start": 83, "labels": ["QUESTION"]}, "origin": "manual", "to_name": "text", "from_name": "label-intro"}, {"type": "labels", "value": {"end": 495, "text": "Timothy Donald Cook", "start": 475, "labels": ["REPRESENTATIVE"]}, "origin": "manual", "to_name": "text", "from_name": "label-intro"}, {"type": "labels", "value": {"end": 1181, "text": ": Well, Mike, it's Tim. Again, the great thing about services is there are several services that make up the total that are growing nicely. And I think the other good news is that because our active installed base is at such a level, that last quarter we said that we had exceeded 1.3 billion. This year \u2013 we're not going to release this number every quarter, but we've obviously grown again. And it's growing at a double digit number on a year-over-year basis. And so with that kind of change in the installed base and with the services that we have now and others that we are working on, I think this is just a huge opportunity for us and feel very good about the track that we're on.", "start": 496, "labels": ["ANSWER"]}, "origin": "manual", "to_name": "text", "from_name": "label-intro"}, {"type": "labels", "value": {"end": 1198, "text": "Michael J. Olson", "start": 1181, "labels": ["ANALYST"]}, "origin": "manual", "to_name": "text", "from_name": "label-intro"}, {"type": "labels", "value": {"end": 1492, "text": ": Okay. And then any potential tariff issues aside, what's working for Apple in China right now? You talked about it being the strongest year-over-year growth in 10 quarters. I guess, what's driving that? Is it iPhone X specifically, or something else that's behind that improvement? Thank you.", "start": 1199, "labels": ["QUESTION"]}, "origin": "manual", "to_name": "text", "from_name": "label-intro"}, {"type": "labels", "value": {"end": 1512, "text": "Timothy Donald Cook", "start": 1492, "labels": ["REPRESENTATIVE"]}, "origin": "manual", "to_name": "text", "from_name": "label-intro"}, {"type": "labels", "value": {"end": 2317, "text": ": It's a good question. iPhone X was the most popular smartphone in all of China last quarter. And so iPhone X has done well there. In order to hit a number like 21% on the growth that you see on your data sheet there, there has to be several things working well. And the things that have huge growth rates there are the other products category, which is our wearables business in China and the services business, which you and I just spoke about. The iPhone obviously had to do extremely well to get a 21% number. And we gained share in the market for the Mac as well. And so there's actually several vectors there that are working well for us. We also \u2013 more broadly on the iPhone, the iPhone was the top three selling phones in China. And so it's iPhone X was number one, but we had several in the top.", "start": 1513, "labels": ["ANSWER"]}, "origin": "manual", "to_name": "text", "from_name": "label-intro"}, {"type": "labels", "value": {"end": 2330, "text": "Nancy Paxton", "start": 2317, "labels": ["REPRESENTATIVE"]}, "origin": "manual", "to_name": "text", "from_name": "label-intro"}, {"type": "labels", "value": {"end": 2386, "text": ": Thanks, Mike. Could we have the next question, please?", "start": 2331, "labels": ["ANSWER"]}, "origin": "manual", "to_name": "text", "from_name": "label-intro"}], "was_cancelled": false, "ground_truth": true, "created_at": "2022-02-04T10:25:35.347642Z", "updated_at": "2022-02-04T10:25:35.347647Z", "lead_time": null, "prediction": {}, "result_count": 0, "task": 18855, "parent_prediction": null, "parent_annotation": null}], "data": {"year": 2018, "company": "AAPL", "my_text": "\nOperator: And that will come from Mike Olson with Piper Jaffray.\nMichael J. Olson: Hey. Good afternoon, and thank you for taking my question. Just following on the services question, I'd be curious what the next drivers of services revenue are. Will it be continued penetration of Music and Pay that you see as kind of the largest future categories of incremental growth? Or maybe when could augmented reality become a material part of services? And then I have a follow up.\nTimothy Donald Cook: Well, Mike, it's Tim. Again, the great thing about services is there are several services that make up the total that are growing nicely. And I think the other good news is that because our active installed base is at such a level, that last quarter we said that we had exceeded 1.3 billion. This year \u2013 we're not going to release this number every quarter, but we've obviously grown again. And it's growing at a double digit number on a year-over-year basis. And so with that kind of change in the installed base and with the services that we have now and others that we are working on, I think this is just a huge opportunity for us and feel very good about the track that we're on.\nMichael J. Olson: Okay. And then any potential tariff issues aside, what's working for Apple in China right now? You talked about it being the strongest year-over-year growth in 10 quarters. I guess, what's driving that? Is it iPhone X specifically, or something else that's behind that improvement? Thank you.\nTimothy Donald Cook: It's a good question. iPhone X was the most popular smartphone in all of China last quarter. And so iPhone X has done well there. In order to hit a number like 21% on the growth that you see on your data sheet there, there has to be several things working well. And the things that have huge growth rates there are the other products category, which is our wearables business in China and the services business, which you and I just spoke about. The iPhone obviously had to do extremely well to get a 21% number. And we gained share in the market for the Mac as well. And so there's actually several vectors there that are working well for us. We also \u2013 more broadly on the iPhone, the iPhone was the top three selling phones in China. And so it's iPhone X was number one, but we had several in the top.\nNancy Paxton: Thanks, Mike. Could we have the next question, please?", "quarter": 2}}