{"id": 18883, "annotations": [{"id": 18986, "completed_by": 2, "result": [{"type": "labels", "value": {"end": 9, "text": "Operator", "start": 0, "labels": ["OPERATOR"]}, "origin": "manual", "to_name": "text", "from_name": "label-intro"}, {"type": "labels", "value": {"end": 74, "text": ": The first question will come from Amit Daryanani from Evercore.", "start": 10, "labels": ["INTRO"]}, "origin": "manual", "to_name": "text", "from_name": "label-intro"}, {"type": "labels", "value": {"end": 89, "text": "Amit Daryanani", "start": 74, "labels": ["ANALYST"]}, "origin": "manual", "to_name": "text", "from_name": "label-intro"}, {"type": "labels", "value": {"end": 549, "text": ": Thanks a lot. Thanks for taking my question guys. I guess, two from me. First off, could you just talk about, when I think about the September quarter guide, it's implied I think up 16% or so sequentially. Historically, at least, in that guide has been in the 10% low double-digit kind of range. Just can you help us understand, what gives you the confidence for a better than seasonal guide in September, either from a geo or product basis would be helpful.", "start": 90, "labels": ["QUESTION"]}, "origin": "manual", "to_name": "text", "from_name": "label-intro"}, {"type": "labels", "value": {"end": 562, "text": "Luca Maestri", "start": 549, "labels": ["REPRESENTATIVE"]}, "origin": "manual", "to_name": "text", "from_name": "label-intro"}, {"type": "labels", "value": {"end": 1222, "text": ": Amit, it's Luca. Of course, this is our best estimate of where we think we will land. Clearly, we expect to have continued strong growth from the non-iPhone categories. We have great momentum in wearables. We mentioned that we were up almost 50% in the June quarter, or actually over 50% in the June quarter. Our services business, we set an all-time record in June. And so, these two categories have become really important and really large for us. And so, as we continue to grow, quickly that is going to help us as we go through the year. Keep in mind that the guidance includes an estimated almost $1 billion of foreign exchange headwind for the quarter.", "start": 563, "labels": ["ANSWER"]}, "origin": "manual", "to_name": "text", "from_name": "label-intro"}, {"type": "labels", "value": {"end": 1237, "text": "Amit Daryanani", "start": 1222, "labels": ["ANALYST"]}, "origin": "manual", "to_name": "text", "from_name": "label-intro"}, {"type": "labels", "value": {"end": 1584, "text": ": Fair enough. That's really helpful. And I guess if I just follow-up on China, impressed to see the continued recovery you guys are seeing that despite all the headlines that are out there. Just curious, what are the few things that are driving the success in China, and how sustainable do you think those changes are for Apple as you go forward.", "start": 1238, "labels": ["QUESTION"]}, "origin": "manual", "to_name": "text", "from_name": "label-intro"}, {"type": "labels", "value": {"end": 1593, "text": "Tim Cook", "start": 1584, "labels": ["REPRESENTATIVE"]}, "origin": "manual", "to_name": "text", "from_name": "label-intro"}, {"type": "labels", "value": {"end": 2485, "text": ": Yes, Amit, Hi. It's Tim, and I apologize for my voice, I'm suffering from an allergy. But what happened last quarter in China was a confluence of things. The government stimulus, this came in terms of a VAT reduction, a very bold one. We took some pricing action, we instituted our trade-in and financing programs in our retail stores and worked with certain channel partners on that as well. And we're seeing a growing engagement with the broader Apple ecosystem during the quarter. And so, when you look at it, each of our categories, iPhone, iPad, Mac, wearables, services, everything improved sequentially. So, we couldn't be happier with the progress. I would point out, I think I mentioned in my comments, that we actually grew in constant currency for Greater China and we grew in Mainland China on a reported basis. So, there's several things going on there that are quite positive.", "start": 1594, "labels": ["ANSWER"]}, "origin": "manual", "to_name": "text", "from_name": "label-intro"}, {"type": "labels", "value": {"end": 2498, "text": "Nancy Paxton", "start": 2485, "labels": ["REPRESENTATIVE"]}, "origin": "manual", "to_name": "text", "from_name": "label-intro"}, {"type": "labels", "value": {"end": 2556, "text": ": Thank you, Amit. Could we have the next question please.", "start": 2499, "labels": ["ANSWER"]}, "origin": "manual", "to_name": "text", "from_name": "label-intro"}], "was_cancelled": false, "ground_truth": true, "created_at": "2022-02-04T10:25:35.350396Z", "updated_at": "2022-02-04T10:25:35.350402Z", "lead_time": null, "prediction": {}, "result_count": 0, "task": 18883, "parent_prediction": null, "parent_annotation": null}], "data": {"year": 2019, "company": "AAPL", "my_text": "\nOperator: The first question will come from Amit Daryanani from Evercore.\nAmit Daryanani: Thanks a lot. Thanks for taking my question guys. I guess, two from me. First off, could you just talk about, when I think about the September quarter guide, it's implied I think up 16% or so sequentially. Historically, at least, in that guide has been in the 10% low double-digit kind of range. Just can you help us understand, what gives you the confidence for a better than seasonal guide in September, either from a geo or product basis would be helpful.\nLuca Maestri: Amit, it's Luca. Of course, this is our best estimate of where we think we will land. Clearly, we expect to have continued strong growth from the non-iPhone categories. We have great momentum in wearables. We mentioned that we were up almost 50% in the June quarter, or actually over 50% in the June quarter. Our services business, we set an all-time record in June. And so, these two categories have become really important and really large for us. And so, as we continue to grow, quickly that is going to help us as we go through the year. Keep in mind that the guidance includes an estimated almost $1 billion of foreign exchange headwind for the quarter.\nAmit Daryanani: Fair enough. That's really helpful. And I guess if I just follow-up on China, impressed to see the continued recovery you guys are seeing that despite all the headlines that are out there. Just curious, what are the few things that are driving the success in China, and how sustainable do you think those changes are for Apple as you go forward.\nTim Cook: Yes, Amit, Hi. It's Tim, and I apologize for my voice, I'm suffering from an allergy. But what happened last quarter in China was a confluence of things. The government stimulus, this came in terms of a VAT reduction, a very bold one. We took some pricing action, we instituted our trade-in and financing programs in our retail stores and worked with certain channel partners on that as well. And we're seeing a growing engagement with the broader Apple ecosystem during the quarter. And so, when you look at it, each of our categories, iPhone, iPad, Mac, wearables, services, everything improved sequentially. So, we couldn't be happier with the progress. I would point out, I think I mentioned in my comments, that we actually grew in constant currency for Greater China and we grew in Mainland China on a reported basis. So, there's several things going on there that are quite positive.\nNancy Paxton: Thank you, Amit. Could we have the next question please.", "quarter": 3}}