{"id": 18886, "annotations": [{"id": 18989, "completed_by": 2, "result": [{"type": "labels", "value": {"end": 9, "text": "Operator", "start": 0, "labels": ["OPERATOR"]}, "origin": "manual", "to_name": "text", "from_name": "label-intro"}, {"type": "labels", "value": {"end": 78, "text": ": The next question will come from Krish Sankar with Cowen & Company.", "start": 10, "labels": ["INTRO"]}, "origin": "manual", "to_name": "text", "from_name": "label-intro"}, {"type": "labels", "value": {"end": 91, "text": "Krish Sankar", "start": 78, "labels": ["ANALYST"]}, "origin": "manual", "to_name": "text", "from_name": "label-intro"}, {"type": "labels", "value": {"end": 372, "text": ": Hi. Thanks for taking my question. I have two of them. First one, on the iPhone trade-in program, how effective was it and what percentage of the iPhone sales came from the trade-ins and are there any other geographies where you are left to rule it out? Then, I have a follow-up.", "start": 92, "labels": ["QUESTION"]}, "origin": "manual", "to_name": "text", "from_name": "label-intro"}, {"type": "labels", "value": {"end": 381, "text": "Tim Cook", "start": 372, "labels": ["REPRESENTATIVE"]}, "origin": "manual", "to_name": "text", "from_name": "label-intro"}, {"type": "labels", "value": {"end": 1030, "text": ": Hi, it's Tim. In retail, it was quite successful. We got going in a larger way during that quarter, we were pretty much just ramping in the previous quarter. And trade-in as a percentage of their total sales is significant and financing is a key element of it. Those two things in the aggregate led the combination of retail and online, just short form that is retail Apple Store let to growth in June trajectory. We are obviously taking those programs and advocating those more widely and that is at different levels of implementation throughout different geographies. Because we're working with our carrier partners on those and retail partners.", "start": 382, "labels": ["ANSWER"]}, "origin": "manual", "to_name": "text", "from_name": "label-intro"}, {"type": "labels", "value": {"end": 1043, "text": "Krish Sankar", "start": 1030, "labels": ["ANALYST"]}, "origin": "manual", "to_name": "text", "from_name": "label-intro"}, {"type": "labels", "value": {"end": 1511, "text": ": Got it. Got it. That's pretty helpful, Tim. And then, a follow-up for you, a much longer-term question. I understand we're in the very early innings of the services growth story. Is there a way to think about it down the road, 3 or 5 years down the road, would the services growth still be tethered to the hardware of the iPhone, or do you think at some point down the road services would be independent by itself and not really tied to your hardware installed base?", "start": 1044, "labels": ["QUESTION"]}, "origin": "manual", "to_name": "text", "from_name": "label-intro"}, {"type": "labels", "value": {"end": 1520, "text": "Tim Cook", "start": 1511, "labels": ["REPRESENTATIVE"]}, "origin": "manual", "to_name": "text", "from_name": "label-intro"}, {"type": "labels", "value": {"end": 4025, "text": ": Well, there are elements today that are not necessarily tethered to iPhone, right? We have other products where people are both purchasing things, they're watching Apple TV. We offer Apple Music on Android, and so there's a series of things that are outside of that. And so we'll see what we do in the future. I don't want to really get into that.But, more broadly, to answer your question about growth as we go forward, the way I see it is, we have the strongest hardware portfolio ever, we've got new products on the way, the pipeline is full of great new stuff both on the product and the services side. We're very fortunate and work very hard to have loyal customers and to continue attracting an impressive number of switchers. The installed base is growing, hit a new record, that's obviously good. And it hit a new record across all geographies and across all categories. And so, this is a really good thing.And we've got the Wearables area that is doing extremely well. We stuck with that when others perhaps didn't and really put a lot of energy into this and a lot of R&D and are in a very good position today to keep playing out what's next there.At the same time, on the market side, we have emerging markets where we have low penetration. And during the quarter tactically the emerging markets had a bit of a rebound. And in fact, on a constant currency basis, we actually grew slightly in emerging markets. We still declined on a reported basis. India bounced back. During the quarter, we returned to growth there. We're very happy with that. We grew in Brazil as well.We're also continuing to focus on the enterprise market. Luca mentioned some of this in his comments and we think that continues to be a big opportunity for us. And then, we've got lots of what I would call core technology kinds of things like augmented reality, where we're placing big bets and bet that we have a big future, in addition to the health kinds of things that may fall out of the watch. And so hopefully that kind of gives you a view over the total.And so, we're focusing on products and services and there will be some services that aren't hooked and some that are hooked not on current period sales mostly, very much services are rarely connected on that today or at least not a high percentage by any means there. They're more correlated to the active installed base and also the level of transacting customers that are there and the amount per customer, which relates also to the offering that we have.", "start": 1521, "labels": ["ANSWER"]}, "origin": "manual", "to_name": "text", "from_name": "label-intro"}, {"type": "labels", "value": {"end": 4038, "text": "Nancy Paxton", "start": 4025, "labels": ["REPRESENTATIVE"]}, "origin": "manual", "to_name": "text", "from_name": "label-intro"}, {"type": "labels", "value": {"end": 4098, "text": ": Thank you, Krish. Could we have the next question, please?", "start": 4039, "labels": ["ANSWER"]}, "origin": "manual", "to_name": "text", "from_name": "label-intro"}], "was_cancelled": false, "ground_truth": true, "created_at": "2022-02-04T10:25:35.350681Z", "updated_at": "2022-02-04T10:25:35.350686Z", "lead_time": null, "prediction": {}, "result_count": 0, "task": 18886, "parent_prediction": null, "parent_annotation": null}], "data": {"year": 2019, "company": "AAPL", "my_text": "\nOperator: The next question will come from Krish Sankar with Cowen & Company.\nKrish Sankar: Hi. Thanks for taking my question. I have two of them. First one, on the iPhone trade-in program, how effective was it and what percentage of the iPhone sales came from the trade-ins and are there any other geographies where you are left to rule it out? Then, I have a follow-up.\nTim Cook: Hi, it's Tim. In retail, it was quite successful. We got going in a larger way during that quarter, we were pretty much just ramping in the previous quarter. And trade-in as a percentage of their total sales is significant and financing is a key element of it. Those two things in the aggregate led the combination of retail and online, just short form that is retail Apple Store let to growth in June trajectory. We are obviously taking those programs and advocating those more widely and that is at different levels of implementation throughout different geographies. Because we're working with our carrier partners on those and retail partners.\nKrish Sankar: Got it. Got it. That's pretty helpful, Tim. And then, a follow-up for you, a much longer-term question. I understand we're in the very early innings of the services growth story. Is there a way to think about it down the road, 3 or 5 years down the road, would the services growth still be tethered to the hardware of the iPhone, or do you think at some point down the road services would be independent by itself and not really tied to your hardware installed base?\nTim Cook: Well, there are elements today that are not necessarily tethered to iPhone, right? We have other products where people are both purchasing things, they're watching Apple TV. We offer Apple Music on Android, and so there's a series of things that are outside of that. And so we'll see what we do in the future. I don't want to really get into that.But, more broadly, to answer your question about growth as we go forward, the way I see it is, we have the strongest hardware portfolio ever, we've got new products on the way, the pipeline is full of great new stuff both on the product and the services side. We're very fortunate and work very hard to have loyal customers and to continue attracting an impressive number of switchers. The installed base is growing, hit a new record, that's obviously good. And it hit a new record across all geographies and across all categories. And so, this is a really good thing.And we've got the Wearables area that is doing extremely well. We stuck with that when others perhaps didn't and really put a lot of energy into this and a lot of R&D and are in a very good position today to keep playing out what's next there.At the same time, on the market side, we have emerging markets where we have low penetration. And during the quarter tactically the emerging markets had a bit of a rebound. And in fact, on a constant currency basis, we actually grew slightly in emerging markets. We still declined on a reported basis. India bounced back. During the quarter, we returned to growth there. We're very happy with that. We grew in Brazil as well.We're also continuing to focus on the enterprise market. Luca mentioned some of this in his comments and we think that continues to be a big opportunity for us. And then, we've got lots of what I would call core technology kinds of things like augmented reality, where we're placing big bets and bet that we have a big future, in addition to the health kinds of things that may fall out of the watch. And so hopefully that kind of gives you a view over the total.And so, we're focusing on products and services and there will be some services that aren't hooked and some that are hooked not on current period sales mostly, very much services are rarely connected on that today or at least not a high percentage by any means there. They're more correlated to the active installed base and also the level of transacting customers that are there and the amount per customer, which relates also to the offering that we have.\nNancy Paxton: Thank you, Krish. Could we have the next question, please?", "quarter": 3}}