{"id": 18895, "annotations": [{"id": 18998, "completed_by": 2, "result": [{"type": "labels", "value": {"end": 9, "text": "Operator", "start": 0, "labels": ["OPERATOR"]}, "origin": "manual", "to_name": "text", "from_name": "label-intro"}, {"type": "labels", "value": {"end": 59, "text": ": That will be from Chris Caso with Raymond James.", "start": 10, "labels": ["INTRO"]}, "origin": "manual", "to_name": "text", "from_name": "label-intro"}, {"type": "labels", "value": {"end": 70, "text": "Chris Caso", "start": 59, "labels": ["ANALYST"]}, "origin": "manual", "to_name": "text", "from_name": "label-intro"}, {"type": "labels", "value": {"end": 171, "text": ": Yes. Thank you. Good afternoon. And Nancy, congratulations to you too, and we're going to miss you.", "start": 71, "labels": ["QUESTION"]}, "origin": "manual", "to_name": "text", "from_name": "label-intro"}, {"type": "labels", "value": {"end": 184, "text": "Nancy Paxton", "start": 171, "labels": ["REPRESENTATIVE"]}, "origin": "manual", "to_name": "text", "from_name": "label-intro"}, {"type": "labels", "value": {"end": 196, "text": ": Thank you.", "start": 185, "labels": ["ANSWER"]}, "origin": "manual", "to_name": "text", "from_name": "label-intro"}, {"type": "labels", "value": {"end": 207, "text": "Chris Caso", "start": 196, "labels": ["ANALYST"]}, "origin": "manual", "to_name": "text", "from_name": "label-intro"}, {"type": "labels", "value": {"end": 766, "text": ": My first question is about pricing and the effect of some of the lower price points for iPhone 11 as compared to last year. And it looked like margins and revenues did well on that, and also followed some price adjustments you made in emerging markets last year, and obviously we've seen some improvement in China as well.So if you could talk about maybe what that tells us about pricing strategy in general and perhaps that you're willing to take a little more flexible approach to drive some elasticity if you think that's going to have a positive effect?", "start": 208, "labels": ["QUESTION"]}, "origin": "manual", "to_name": "text", "from_name": "label-intro"}, {"type": "labels", "value": {"end": 779, "text": "Luca Maestri", "start": 766, "labels": ["REPRESENTATIVE"]}, "origin": "manual", "to_name": "text", "from_name": "label-intro"}, {"type": "labels", "value": {"end": 1877, "text": ": Yes, Chris, I think that the price moves we've made have been smart and well received and do show a level of elasticity, but the most important thing by far is the product. And I think we've got the best line-up we've ever had in the customer response to the product and what the product does for them is really incredible.And photos I am getting from many users around the world are just incredible that people are taking. And so I think it's product first, and then prices sort of falls out of that, and we did decide to be more aggressive. And looking at the results in the early going, I think it was the right call.In terms of emerging markets we picked sort of locally relevant prices, and in some cases where the dollar had become stronger, we took an exchange rate that would have reflected a while back, instead of the current exchange rate.And in other words, we tried to stay as close as we could to a local price point that we knew was effective for that particular market. And those in addition to the U.S. price that has gotten more of a discussion had been extremely well received.", "start": 780, "labels": ["ANSWER"]}, "origin": "manual", "to_name": "text", "from_name": "label-intro"}, {"type": "labels", "value": {"end": 1888, "text": "Chris Caso", "start": 1877, "labels": ["ANALYST"]}, "origin": "manual", "to_name": "text", "from_name": "label-intro"}, {"type": "labels", "value": {"end": 2200, "text": ": Thank you. As a follow-on, perhaps you could talk about the potential for some of the tariffs that are upcoming what -- do you have a view of what potential impact that could have going forward and how Apple is looking to address it? Will you need to adjust your own pricing if in fact the tariffs are imposed?", "start": 1889, "labels": ["QUESTION"]}, "origin": "manual", "to_name": "text", "from_name": "label-intro"}, {"type": "labels", "value": {"end": 2209, "text": "Tim Cook", "start": 2200, "labels": ["REPRESENTATIVE"]}, "origin": "manual", "to_name": "text", "from_name": "label-intro"}, {"type": "labels", "value": {"end": 2876, "text": ": We are paying some tariffs today as you know, some that went into effect pre-September, and some others that went into effect in September. So we are paying some that's been comprehended. But in general, my view is very positive in terms of how things are going, and that positive view is obviously factored in our guidance as well.And just the tone I think has changed significantly and I have long thought that it was in both countries, best interests to get to an agreement that may be initially doesn't solve everything but solves some things that each party may want and get to a better place than where we're at and I'm hopeful that that's where we're headed.", "start": 2210, "labels": ["ANSWER"]}, "origin": "manual", "to_name": "text", "from_name": "label-intro"}, {"type": "labels", "value": {"end": 2889, "text": "Nancy Paxton", "start": 2876, "labels": ["REPRESENTATIVE"]}, "origin": "manual", "to_name": "text", "from_name": "label-intro"}, {"type": "labels", "value": {"end": 2948, "text": ": Thank you, Chris. Could we have the next question please?", "start": 2890, "labels": ["ANSWER"]}, "origin": "manual", "to_name": "text", "from_name": "label-intro"}], "was_cancelled": false, "ground_truth": true, "created_at": "2022-02-04T10:25:35.351538Z", "updated_at": "2022-02-04T10:25:35.351543Z", "lead_time": null, "prediction": {}, "result_count": 0, "task": 18895, "parent_prediction": null, "parent_annotation": null}], "data": {"year": 2019, "company": "AAPL", "my_text": "\nOperator: That will be from Chris Caso with Raymond James.\nChris Caso: Yes. Thank you. Good afternoon. And Nancy, congratulations to you too, and we're going to miss you.\nNancy Paxton: Thank you.\nChris Caso: My first question is about pricing and the effect of some of the lower price points for iPhone 11 as compared to last year. And it looked like margins and revenues did well on that, and also followed some price adjustments you made in emerging markets last year, and obviously we've seen some improvement in China as well.So if you could talk about maybe what that tells us about pricing strategy in general and perhaps that you're willing to take a little more flexible approach to drive some elasticity if you think that's going to have a positive effect?\nLuca Maestri: Yes, Chris, I think that the price moves we've made have been smart and well received and do show a level of elasticity, but the most important thing by far is the product. And I think we've got the best line-up we've ever had in the customer response to the product and what the product does for them is really incredible.And photos I am getting from many users around the world are just incredible that people are taking. And so I think it's product first, and then prices sort of falls out of that, and we did decide to be more aggressive. And looking at the results in the early going, I think it was the right call.In terms of emerging markets we picked sort of locally relevant prices, and in some cases where the dollar had become stronger, we took an exchange rate that would have reflected a while back, instead of the current exchange rate.And in other words, we tried to stay as close as we could to a local price point that we knew was effective for that particular market. And those in addition to the U.S. price that has gotten more of a discussion had been extremely well received.\nChris Caso: Thank you. As a follow-on, perhaps you could talk about the potential for some of the tariffs that are upcoming what -- do you have a view of what potential impact that could have going forward and how Apple is looking to address it? Will you need to adjust your own pricing if in fact the tariffs are imposed?\nTim Cook: We are paying some tariffs today as you know, some that went into effect pre-September, and some others that went into effect in September. So we are paying some that's been comprehended. But in general, my view is very positive in terms of how things are going, and that positive view is obviously factored in our guidance as well.And just the tone I think has changed significantly and I have long thought that it was in both countries, best interests to get to an agreement that may be initially doesn't solve everything but solves some things that each party may want and get to a better place than where we're at and I'm hopeful that that's where we're headed.\nNancy Paxton: Thank you, Chris. Could we have the next question please?", "quarter": 4}}