{"id": 18826, "annotations": [{"id": 18929, "completed_by": 2, "result": [{"type": "labels", "value": {"end": 9, "text": "Operator", "start": 0, "labels": ["OPERATOR"]}, "origin": "manual", "to_name": "text", "from_name": "label-intro"}, {"type": "labels", "value": {"end": 38, "text": ": From UBS, Steve Milunovich.", "start": 10, "labels": ["INTRO"]}, "origin": "manual", "to_name": "text", "from_name": "label-intro"}, {"type": "labels", "value": {"end": 59, "text": "Steven M. Milunovich", "start": 38, "labels": ["ANALYST"]}, "origin": "manual", "to_name": "text", "from_name": "label-intro"}, {"type": "labels", "value": {"end": 490, "text": ": Thank you. Tim, could you comment on the opportunity in wearables? The watch, some people consider disappointing, had what seems to be a very good quarter, and ironically the competition almost seems to be fading in that part of the market right now. The AirPods of course are doing well. Do you see wearables: A), expanding over time into a broader product line; and B), increasingly being independent of the iPhone longer term?", "start": 60, "labels": ["QUESTION"]}, "origin": "manual", "to_name": "text", "from_name": "label-intro"}, {"type": "labels", "value": {"end": 510, "text": "Timothy Donald Cook", "start": 490, "labels": ["REPRESENTATIVE"]}, "origin": "manual", "to_name": "text", "from_name": "label-intro"}, {"type": "labels", "value": {"end": 2127, "text": ": Thanks for the question. We have seen the watch as a really key product category for us since before we launched it. We took our time to get it right, and we've made it even better with the Series 2 offering. And we're really proud of the growth of the business. The watch units more than doubled in six of our top ten markets, which is phenomenal growth, particularly in a non-holiday quarter. And so we couldn't be more satisfied with it. As some people are doing when you begin to combine the watch revenues with the revenues for AirPods, and as you know, this was the first full quarter of shipments for AirPods. It's still very much in the ramping mode, and we're not coming close to satisfying the demand. And then add the Beats products that a group of our customers really enjoy as well, and look on the trailing 12 months \u2013 so this is not a forecast \u2013 that business was well into the Fortune 500. And so as I look at that, that's pretty fast to come that far. The watch hasn't out very long and AirPods has been out there for three, four months, and so we feel really great about it. Where does it go? I wouldn't want to comment on that, but we do have a really great pipeline here. And I think in terms of competition falling out and so forth, the watch area is really hard. It in essence from an engineering point of view is similar to a phone in terms of the intricacies and so forth. And so I'm not very surprised that some people are falling out of it. But we're very committed to it and believe that \u2013 it's already a big business and believe over time it will be even larger. Thanks for the question.", "start": 511, "labels": ["ANSWER"]}, "origin": "manual", "to_name": "text", "from_name": "label-intro"}, {"type": "labels", "value": {"end": 2148, "text": "Steven M. Milunovich", "start": 2127, "labels": ["ANALYST"]}, "origin": "manual", "to_name": "text", "from_name": "label-intro"}, {"type": "labels", "value": {"end": 2508, "text": ": Thank you. And then there was a \u2013 you mentioned the 451 Research survey. They did have a couple findings that were interesting. One is a nine-year low in iPhone purchase intent, and that might just be where you are in the cycle. And the other was a declining retention rate in the U.S. toward 80%. Any comment on either of those and whether you're concerned?", "start": 2149, "labels": ["QUESTION"]}, "origin": "manual", "to_name": "text", "from_name": "label-intro"}, {"type": "labels", "value": {"end": 2528, "text": "Timothy Donald Cook", "start": 2508, "labels": ["REPRESENTATIVE"]}, "origin": "manual", "to_name": "text", "from_name": "label-intro"}, {"type": "labels", "value": {"end": 2923, "text": ": I only glanced at it, and so I haven't had time to study it. But in general, what we are seeing, we're seeing what we believe to be a pause in purchases on iPhone, which we believe are due to the earlier and much more frequent reports about future iPhones. And so that part is clearly going on, and it could be what's behind the data. I don't know, but we are seeing that in full transparency.", "start": 2529, "labels": ["ANSWER"]}, "origin": "manual", "to_name": "text", "from_name": "label-intro"}, {"type": "labels", "value": {"end": 2944, "text": "Steven M. Milunovich", "start": 2923, "labels": ["ANALYST"]}, "origin": "manual", "to_name": "text", "from_name": "label-intro"}, {"type": "labels", "value": {"end": 2956, "text": ": Thank you.", "start": 2945, "labels": ["QUESTION"]}, "origin": "manual", "to_name": "text", "from_name": "label-intro"}, {"type": "labels", "value": {"end": 2976, "text": "Timothy Donald Cook", "start": 2956, "labels": ["REPRESENTATIVE"]}, "origin": "manual", "to_name": "text", "from_name": "label-intro"}, {"type": "labels", "value": {"end": 3002, "text": ": Thanks for the question.", "start": 2977, "labels": ["ANSWER"]}, "origin": "manual", "to_name": "text", "from_name": "label-intro"}, {"type": "labels", "value": {"end": 3015, "text": "Nancy Paxton", "start": 3002, "labels": ["REPRESENTATIVE"]}, "origin": "manual", "to_name": "text", "from_name": "label-intro"}, {"type": "labels", "value": {"end": 3073, "text": ": Thank you, Steve. Can we have the next question, please?", "start": 3016, "labels": ["ANSWER"]}, "origin": "manual", "to_name": "text", "from_name": "label-intro"}], "was_cancelled": false, "ground_truth": true, "created_at": "2022-02-04T10:25:35.344829Z", "updated_at": "2022-02-04T10:25:35.344834Z", "lead_time": null, "prediction": {}, "result_count": 0, "task": 18826, "parent_prediction": null, "parent_annotation": null}], "data": {"year": 2017, "company": "AAPL", "my_text": "\nOperator: From UBS, Steve Milunovich.\nSteven M. Milunovich: Thank you. Tim, could you comment on the opportunity in wearables? The watch, some people consider disappointing, had what seems to be a very good quarter, and ironically the competition almost seems to be fading in that part of the market right now. The AirPods of course are doing well. Do you see wearables: A), expanding over time into a broader product line; and B), increasingly being independent of the iPhone longer term?\nTimothy Donald Cook: Thanks for the question. We have seen the watch as a really key product category for us since before we launched it. We took our time to get it right, and we've made it even better with the Series 2 offering. And we're really proud of the growth of the business. The watch units more than doubled in six of our top ten markets, which is phenomenal growth, particularly in a non-holiday quarter. And so we couldn't be more satisfied with it. As some people are doing when you begin to combine the watch revenues with the revenues for AirPods, and as you know, this was the first full quarter of shipments for AirPods. It's still very much in the ramping mode, and we're not coming close to satisfying the demand. And then add the Beats products that a group of our customers really enjoy as well, and look on the trailing 12 months \u2013 so this is not a forecast \u2013 that business was well into the Fortune 500. And so as I look at that, that's pretty fast to come that far. The watch hasn't out very long and AirPods has been out there for three, four months, and so we feel really great about it. Where does it go? I wouldn't want to comment on that, but we do have a really great pipeline here. And I think in terms of competition falling out and so forth, the watch area is really hard. It in essence from an engineering point of view is similar to a phone in terms of the intricacies and so forth. And so I'm not very surprised that some people are falling out of it. But we're very committed to it and believe that \u2013 it's already a big business and believe over time it will be even larger. Thanks for the question.\nSteven M. Milunovich: Thank you. And then there was a \u2013 you mentioned the 451 Research survey. They did have a couple findings that were interesting. One is a nine-year low in iPhone purchase intent, and that might just be where you are in the cycle. And the other was a declining retention rate in the U.S. toward 80%. Any comment on either of those and whether you're concerned?\nTimothy Donald Cook: I only glanced at it, and so I haven't had time to study it. But in general, what we are seeing, we're seeing what we believe to be a pause in purchases on iPhone, which we believe are due to the earlier and much more frequent reports about future iPhones. And so that part is clearly going on, and it could be what's behind the data. I don't know, but we are seeing that in full transparency.\nSteven M. Milunovich: Thank you.\nTimothy Donald Cook: Thanks for the question.\nNancy Paxton: Thank you, Steve. Can we have the next question, please?", "quarter": 2}}