{"id": 18382, "annotations": [{"id": 18485, "completed_by": 2, "result": [{"type": "labels", "value": {"end": 9, "text": "Operator", "start": 0, "labels": ["OPERATOR"]}, "origin": "manual", "to_name": "text", "from_name": "label-intro"}, {"type": "labels", "value": {"end": 117, "text": ": Thank you. Our next question comes from the line of Mark May with Citi. Please proceed with your question.", "start": 10, "labels": ["INTRO"]}, "origin": "manual", "to_name": "text", "from_name": "label-intro"}, {"type": "labels", "value": {"end": 129, "text": "Mark A. May", "start": 117, "labels": ["ANALYST"]}, "origin": "manual", "to_name": "text", "from_name": "label-intro"}, {"type": "labels", "value": {"end": 1013, "text": ": Thank you. Some of the data that we've seen suggests that this year, the rate of growth in the build out of fulfillment centers and other parts of the retail logistics network as well as data centers, but more on the former, that rate of growth is slowing this year relative to last year and even the year before. I know that you guys go through periods of kind of heavy investment, then you grow into that capacity. But I just wonder if you could comment a little bit about where we are kind of in that ebb and flow of that cycle right now. And in terms of the accounting change that Dave referenced earlier with regard to revenue going from cost of revenue to the other line, can you comment if that particular type of advertising, that trade dollars type of marketing, is that growing at a meaningfully different rate than the ad revenue that's already booked as revenue? Thanks.", "start": 130, "labels": ["QUESTION"]}, "origin": "manual", "to_name": "text", "from_name": "label-intro"}, {"type": "labels", "value": {"end": 1025, "text": "Dave Fildes", "start": 1013, "labels": ["REPRESENTATIVE"]}, "origin": "manual", "to_name": "text", "from_name": "label-intro"}, {"type": "labels", "value": {"end": 1429, "text": ": Yeah, Mark, this is Dave. On that second question, we've not commented on the growth rate or given the prior year period, so not much we can say there. As I said, the $560 million, if you were to back that out and look at the sort of pre-existing advertised \u2013 or other revenue rather that was included in that line item, we'd be growing about 72%. But again, that's not in relation to the COGS portion.", "start": 1026, "labels": ["ANSWER"]}, "origin": "manual", "to_name": "text", "from_name": "label-intro"}, {"type": "labels", "value": {"end": 1447, "text": "Brian T. Olsavsky", "start": 1429, "labels": ["REPRESENTATIVE"]}, "origin": "manual", "to_name": "text", "from_name": "label-intro"}, {"type": "labels", "value": {"end": 2651, "text": ": And on the question on capacity, \u2013 excuse me, cap \u2013 I'll address it as CapEx and capital leases, we're still seeing strong investment there. If I look at the quarterly trends, you're right, that this quarter was up 33% in isolation versus last year. I look back to last year's first quarter and we grew 82% year-over-year. So it was a particularly heavy quarter, particularly for investment in warehouses. So if I step back on the trailing 12 months though, CapEx, which is predominantly tied to our fulfillment center network, is up 47%. That is above the Amazon fulfilled unit growth rate, but we combined the strength of the FBA program and the space requirements as we get into bigger and bigger products. That's a representative number for that period. On the capital leases, which is a good proxy for the spend to support the AWS business, that's up 49% year-over-year on the trailing 12 months. So again, usage rates continue to exceed the revenue growth rates. Usage rates are strong, but we also have a number of projects underway that seek to increase our efficiency of our data centers. So have a couple things at play there that hopefully keep that number closer to the revenue growth rate.", "start": 1448, "labels": ["ANSWER"]}, "origin": "manual", "to_name": "text", "from_name": "label-intro"}], "was_cancelled": false, "ground_truth": true, "created_at": "2022-02-04T10:25:34.063906Z", "updated_at": "2022-02-04T10:25:34.063911Z", "lead_time": null, "prediction": {}, "result_count": 0, "task": 18382, "parent_prediction": null, "parent_annotation": null}], "data": {"year": 2018, "company": "AMZN", "my_text": "\nOperator: Thank you. Our next question comes from the line of Mark May with Citi. Please proceed with your question.\nMark A. May: Thank you. Some of the data that we've seen suggests that this year, the rate of growth in the build out of fulfillment centers and other parts of the retail logistics network as well as data centers, but more on the former, that rate of growth is slowing this year relative to last year and even the year before. I know that you guys go through periods of kind of heavy investment, then you grow into that capacity. But I just wonder if you could comment a little bit about where we are kind of in that ebb and flow of that cycle right now. And in terms of the accounting change that Dave referenced earlier with regard to revenue going from cost of revenue to the other line, can you comment if that particular type of advertising, that trade dollars type of marketing, is that growing at a meaningfully different rate than the ad revenue that's already booked as revenue? Thanks.\nDave Fildes: Yeah, Mark, this is Dave. On that second question, we've not commented on the growth rate or given the prior year period, so not much we can say there. As I said, the $560 million, if you were to back that out and look at the sort of pre-existing advertised \u2013 or other revenue rather that was included in that line item, we'd be growing about 72%. But again, that's not in relation to the COGS portion.\nBrian T. Olsavsky: And on the question on capacity, \u2013 excuse me, cap \u2013 I'll address it as CapEx and capital leases, we're still seeing strong investment there. If I look at the quarterly trends, you're right, that this quarter was up 33% in isolation versus last year. I look back to last year's first quarter and we grew 82% year-over-year. So it was a particularly heavy quarter, particularly for investment in warehouses. So if I step back on the trailing 12 months though, CapEx, which is predominantly tied to our fulfillment center network, is up 47%. That is above the Amazon fulfilled unit growth rate, but we combined the strength of the FBA program and the space requirements as we get into bigger and bigger products. That's a representative number for that period. On the capital leases, which is a good proxy for the spend to support the AWS business, that's up 49% year-over-year on the trailing 12 months. So again, usage rates continue to exceed the revenue growth rates. Usage rates are strong, but we also have a number of projects underway that seek to increase our efficiency of our data centers. So have a couple things at play there that hopefully keep that number closer to the revenue growth rate.", "quarter": 1}}