{"id": 17413, "annotations": [{"id": 17516, "completed_by": 2, "result": [{"type": "labels", "value": {"end": 9, "text": "Operator", "start": 0, "labels": ["OPERATOR"]}, "origin": "manual", "to_name": "text", "from_name": "label-intro"}, {"type": "labels", "value": {"end": 127, "text": ": Thank you. Your next question comes from Justin Post with Bank of America Merrill Lynch. Please state your question.", "start": 10, "labels": ["INTRO"]}, "origin": "manual", "to_name": "text", "from_name": "label-intro"}, {"type": "labels", "value": {"end": 139, "text": "Justin Post", "start": 127, "labels": ["ANALYST"]}, "origin": "manual", "to_name": "text", "from_name": "label-intro"}, {"type": "labels", "value": {"end": 603, "text": ": Thank you. Just a follow-up on India and China. I know you are investing a lot. I'd love to hear how much, but you probably won't tell us. But can you tell us why you think the market is worth investment and what really attracts you to the market as you think out longer-term? And then China, can you give us any updates there on how financial performance is doing and if you've changed your strategy and if anything has gotten better there this year? Thank you.", "start": 140, "labels": ["QUESTION"]}, "origin": "manual", "to_name": "text", "from_name": "label-intro"}, {"type": "labels", "value": {"end": 621, "text": "Brian T. Olsavsky", "start": 603, "labels": ["REPRESENTATIVE"]}, "origin": "manual", "to_name": "text", "from_name": "label-intro"}, {"type": "labels", "value": {"end": 1411, "text": ": Sure. Let me start with India. So, it's still very early. We continue to say that, but we are very encouraged with what we've created with customers and sellers alike in India over the last few years. We continue to develop new functionality for that country, whether it's delivery, whether it's seller features. We rolled out Prime last summer if you'll remember, and we recently launched Prime Video there. So we've had success with [technical difficulty] (10:55) we've been in. We don't expect India to be any different. We will continue to build our business there and continue to do a great job for both customers and sellers. We're bullish on India longer-term and it's early. But we like the initial engagement we're seeing and the response from, again, both customers and sellers.", "start": 622, "labels": ["ANSWER"]}, "origin": "manual", "to_name": "text", "from_name": "label-intro"}, {"type": "labels", "value": {"end": 1424, "text": "Darin Manney", "start": 1411, "labels": ["REPRESENTATIVE"]}, "origin": "manual", "to_name": "text", "from_name": "label-intro"}, {"type": "labels", "value": {"end": 1895, "text": ": Yes, and this is Darin. On China, like I said, we're very pleased with our offering in China. Our strategy there has been one of bringing a trusted and authentic product to customers in China, both domestically and from international offers. So we'll continue to focus on the Global Store there. As you may know, we've launched the Prime program that's focused around the availability of international goods in China and that we're pleased with what we're seeing there.", "start": 1425, "labels": ["ANSWER"]}, "origin": "manual", "to_name": "text", "from_name": "label-intro"}], "was_cancelled": false, "ground_truth": true, "created_at": "2022-02-04T10:03:51.611942Z", "updated_at": "2022-02-04T10:03:51.611948Z", "lead_time": null, "prediction": {}, "result_count": 0, "task": 17413, "parent_prediction": null, "parent_annotation": null}], "data": {"year": 2016, "company": "AMZN", "my_text": "\nOperator: Thank you. Your next question comes from Justin Post with Bank of America Merrill Lynch. Please state your question.\nJustin Post: Thank you. Just a follow-up on India and China. I know you are investing a lot. I'd love to hear how much, but you probably won't tell us. But can you tell us why you think the market is worth investment and what really attracts you to the market as you think out longer-term? And then China, can you give us any updates there on how financial performance is doing and if you've changed your strategy and if anything has gotten better there this year? Thank you.\nBrian T. Olsavsky: Sure. Let me start with India. So, it's still very early. We continue to say that, but we are very encouraged with what we've created with customers and sellers alike in India over the last few years. We continue to develop new functionality for that country, whether it's delivery, whether it's seller features. We rolled out Prime last summer if you'll remember, and we recently launched Prime Video there. So we've had success with [technical difficulty] (10:55) we've been in. We don't expect India to be any different. We will continue to build our business there and continue to do a great job for both customers and sellers. We're bullish on India longer-term and it's early. But we like the initial engagement we're seeing and the response from, again, both customers and sellers.\nDarin Manney: Yes, and this is Darin. On China, like I said, we're very pleased with our offering in China. Our strategy there has been one of bringing a trusted and authentic product to customers in China, both domestically and from international offers. So we'll continue to focus on the Global Store there. As you may know, we've launched the Prime program that's focused around the availability of international goods in China and that we're pleased with what we're seeing there.", "quarter": 4}}