{"id": 18445, "annotations": [{"id": 18548, "completed_by": 2, "result": [{"id": "VANHi-cJW-", "type": "labels", "value": {"end": 9, "text": "Operator", "start": 0, "labels": ["OPERATOR"]}, "origin": "manual", "to_name": "text", "from_name": "label-intro"}, {"id": "160dCxOpyl", "type": "labels", "value": {"end": 110, "text": " Thank you. Our next question comes from the line of Heath Terry with Goldman Sachs. Please proceed.", "start": 10, "labels": ["INTRO"]}, "origin": "manual", "to_name": "text", "from_name": "label-intro"}, {"id": "muNtgrgCyi", "type": "labels", "value": {"end": 122, "text": "Heath Terry", "start": 110, "labels": ["ANALYST"]}, "origin": "manual", "to_name": "text", "from_name": "label-intro"}, {"id": "W35-mMjAEg", "type": "labels", "value": {"end": 809, "text": " Great, thanks. I know most of the focus on One Day has been on speed, but based on the vans we\u2019re all seeing, it would seem that the shift to more of your own last mile infrastructure is maybe the bigger part of this.  As it scales and you get to higher levels of efficiency and utilization, does that become margin accretive or profitability accretive relative to using the third parties almost exclusively in the way that you have in the past? And then this was also a very big hiring quarter for you, 100,000 people. Can you give us a sense of where those people are going you know relative to AWS fulfillment, retail, kind of understanding sort of where they have been prioritized?", "start": 123, "labels": ["QUESTION"]}, "origin": "manual", "to_name": "text", "from_name": "label-intro"}, {"id": "9x4QfCSeky", "type": "labels", "value": {"end": 824, "text": "Brian Olsavsky", "start": 809, "labels": ["REPRESENTATIVE"]}, "origin": "manual", "to_name": "text", "from_name": "label-intro"}, {"id": "VfgGKlZFJL", "type": "labels", "value": {"end": 1787, "text": " Sure. Thank you for your questions Heath. On the first question, I think it boils down to whether it will be competitive long term with other options out there. Yes, we will be, we believe that. In many cases we are already are and the places where we have very high AMZL percentages, the U.K. for instance, in some cases we\u2019re lacking alternative options for the type of delivery that we\u2019re doing. But in the long run we\u2019re going to have a combination both of our own capacity, certainly fueled by helps with third party carriers, large carriers that we\u2019ve used in the past. So we see a role for all carriers, in fact including the delivery service partner program that we\u2019ve developed to help spur small businesses to help fill this need as well.  But on the cost side, yes it\u2019s going to be the route density and other things will improve over time and get our cost structure down, but for now, there is certainly some start-up paying in adding new capacity. ", "start": 825, "labels": ["ANSWER"]}, "origin": "manual", "to_name": "text", "from_name": "label-intro"}], "was_cancelled": false, "ground_truth": true, "created_at": "2022-02-04T10:25:34.068431Z", "updated_at": "2022-06-12T16:17:05.297899Z", "lead_time": 5461.509, "prediction": {}, "result_count": 0, "task": 18445, "parent_prediction": null, "parent_annotation": null}], "data": {"year": 2019, "company": "AMZN", "my_text": "\nOperator: Thank you. Our next question comes from the line of Heath Terry with Goldman Sachs. Please proceed.\nHeath Terry: Great, thanks. I know most of the focus on One Day has been on speed, but based on the vans we\u2019re all seeing, it would seem that the shift to more of your own last mile infrastructure is maybe the bigger part of this.  As it scales and you get to higher levels of efficiency and utilization, does that become margin accretive or profitability accretive relative to using the third parties almost exclusively in the way that you have in the past? And then this was also a very big hiring quarter for you, 100,000 people. Can you give us a sense of where those people are going you know relative to AWS fulfillment, retail, kind of understanding sort of where they have been prioritized?\nBrian Olsavsky: Sure. Thank you for your questions Heath. On the first question, I think it boils down to whether it will be competitive long term with other options out there. Yes, we will be, we believe that. In many cases we are already are and the places where we have very high AMZL percentages, the U.K. for instance, in some cases we\u2019re lacking alternative options for the type of delivery that we\u2019re doing. But in the long run we\u2019re going to have a combination both of our own capacity, certainly fueled by helps with third party carriers, large carriers that we\u2019ve used in the past. So we see a role for all carriers, in fact including the delivery service partner program that we\u2019ve developed to help spur small businesses to help fill this need as well.  But on the cost side, yes it\u2019s going to be the route density and other things will improve over time and get our cost structure down, but for now, there is certainly some start-up paying in adding new capacity. ", "quarter": 3}}