{"id": 17308, "annotations": [{"id": 17411, "completed_by": 2, "result": [{"id": "dCxN53w35o", "type": "labels", "value": {"end": 9, "text": "Operator", "start": 0, "labels": ["OPERATOR"]}, "origin": "manual", "to_name": "text", "from_name": "label-intro"}, {"id": "3pwpA0KVKe", "type": "labels", "value": {"end": 78, "text": " Our next question comes from Mark Mahaney with RBC Capital Markets.", "start": 10, "labels": ["INTRO"]}, "origin": "manual", "to_name": "text", "from_name": "label-intro"}, {"id": "oMYwTSlb9i", "type": "labels", "value": {"end": 91, "text": "Mark Mahaney", "start": 78, "labels": ["ANALYST"]}, "origin": "manual", "to_name": "text", "from_name": "label-intro"}, {"id": "enBf80vbVn", "type": "labels", "value": {"end": 1020, "text": " Thanks. Thanks. I want to go back on North America retail margins and just I want to try to figure out, I know you're not going to go, where they could go, but if we look in the past, I assume that if the base o2014 and in full year 2013 was probably depressed for North American retail margins, North American segment margins and if we look back five or six years, it's probable that that was running at kind of mid to high single digits CSOI margins. Kind of similar to the incremental margins you just reported for that segment 8.7%. So I guess the big question I want to ask is, is there a structural change in the North American retail business over the next \u2013 this year and the next couple years versus what you had call it in 2004 to 2009 when the margins were \u2013 I think were pretty clearly higher and now you're going to be recovering to those levels. That's what I'm trying to get at. Any color would be great? Thanks.", "start": 92, "labels": ["QUESTION"]}, "origin": "manual", "to_name": "text", "from_name": "label-intro"}, {"id": "hGS0YSMKjy", "type": "labels", "value": {"end": 1032, "text": "Tom Szkutak", "start": 1020, "labels": ["REPRESENTATIVE"]}, "origin": "manual", "to_name": "text", "from_name": "label-intro"}, {"id": "7_TPYHJpYF", "type": "labels", "value": {"end": 2479, "text": " Yes, the \u2013 thanks for the question Mark. Just in terms of going forward, we're not giving any specific guidance, beyond the current quarter. So I can't predict for you what could happen. But what you mentioned is, and some of the periods you were describing as you mentioned what our business look like, several years ago when we Prime was nascent and we were early \u2013 a bit earlier business. And so we go through different cycles. We're certainly still investing very heavily. That being said, we \u2013 as I mentioned last quarter, we're spending time on making sure that we get productivity. So we're working on both investing heavily in the business, we're working on fixed and variable productivity in other areas, putting a lot more energy into it. That\u2019s what's helping us with the improvement that Prime mentioned in terms of operating margins year-over-year, it\u2019s a number of different aspects, but certainly mix of business and some productivity is certainly impacting that. But again we think there is opportunities to improve margins over time, you'll have to stay tuned on that to see what it looks like. But we certainly as you can see from not only results, but some of the data points that we've given over the last several quarters we are investing heavily in the business, again, because we like what we see and Prime growing so dramatically globally after being in it for long time and we think that that\u2019s a great platform to feed.", "start": 1033, "labels": ["ANSWER"]}, "origin": "manual", "to_name": "text", "from_name": "label-intro"}, {"id": "ROZ_uk5t_i", "type": "labels", "value": {"end": 2492, "text": "Mark Mahaney", "start": 2479, "labels": ["ANALYST"]}, "origin": "manual", "to_name": "text", "from_name": "label-intro"}, {"id": "VEBv83w0p-", "type": "labels", "value": {"end": 2512, "text": " Okay. Thanks, Tom.", "start": 2493, "labels": ["QUESTION"]}, "origin": "manual", "to_name": "text", "from_name": "label-intro"}], "was_cancelled": false, "ground_truth": true, "created_at": "2022-02-04T10:03:51.604095Z", "updated_at": "2022-05-27T16:07:37.448961Z", "lead_time": 819.54, "prediction": {}, "result_count": 0, "task": 17308, "parent_prediction": null, "parent_annotation": null}], "data": {"year": 2015, "company": "AMZN", "my_text": "\nOperator: Our next question comes from Mark Mahaney with RBC Capital Markets.\nMark Mahaney: Thanks. Thanks. I want to go back on North America retail margins and just I want to try to figure out, I know you're not going to go, where they could go, but if we look in the past, I assume that if the base o2014 and in full year 2013 was probably depressed for North American retail margins, North American segment margins and if we look back five or six years, it's probable that that was running at kind of mid to high single digits CSOI margins. Kind of similar to the incremental margins you just reported for that segment 8.7%. So I guess the big question I want to ask is, is there a structural change in the North American retail business over the next \u2013 this year and the next couple years versus what you had call it in 2004 to 2009 when the margins were \u2013 I think were pretty clearly higher and now you're going to be recovering to those levels. That's what I'm trying to get at. Any color would be great? Thanks.\nTom Szkutak: Yes, the \u2013 thanks for the question Mark. Just in terms of going forward, we're not giving any specific guidance, beyond the current quarter. So I can't predict for you what could happen. But what you mentioned is, and some of the periods you were describing as you mentioned what our business look like, several years ago when we Prime was nascent and we were early \u2013 a bit earlier business. And so we go through different cycles. We're certainly still investing very heavily. That being said, we \u2013 as I mentioned last quarter, we're spending time on making sure that we get productivity. So we're working on both investing heavily in the business, we're working on fixed and variable productivity in other areas, putting a lot more energy into it. That\u2019s what's helping us with the improvement that Prime mentioned in terms of operating margins year-over-year, it\u2019s a number of different aspects, but certainly mix of business and some productivity is certainly impacting that. But again we think there is opportunities to improve margins over time, you'll have to stay tuned on that to see what it looks like. But we certainly as you can see from not only results, but some of the data points that we've given over the last several quarters we are investing heavily in the business, again, because we like what we see and Prime growing so dramatically globally after being in it for long time and we think that that\u2019s a great platform to feed.\nMark Mahaney: Okay. Thanks, Tom.", "quarter": 1}}