{"id": 17409, "annotations": [{"id": 17512, "completed_by": 2, "result": [{"type": "labels", "value": {"end": 9, "text": "Operator", "start": 0, "labels": ["OPERATOR"]}, "origin": "manual", "to_name": "text", "from_name": "label-intro"}, {"type": "labels", "value": {"end": 551, "text": ": Thank you. Our next question comes from the line of Ben Schachter with Macquarie. Please proceed with your question. Ben Schachter - Macquarie Capital (USA), Inc. Given the low unemployment rates that you're seeing in the U.S., do you expect any unusual impact on wages for seasonal workers this year? And are you seeing overall wage pressure in the fulfillment centers? And then separately, if you could just talk about trend lines you're seeing in paid units versus shipping units. Are they diverging meaningfully versus the past? Thanks.", "start": 10, "labels": ["INTRO"]}, "origin": "manual", "to_name": "text", "from_name": "label-intro"}, {"type": "labels", "value": {"end": 569, "text": "Brian T. Olsavsky", "start": 551, "labels": ["REPRESENTATIVE"]}, "origin": "manual", "to_name": "text", "from_name": "label-intro"}, {"type": "labels", "value": {"end": 1316, "text": ": Yeah, so on wages, nothing to point out for this holiday. Our challenge generally is the volume of head count that we're looking to hire and we work well in advance with agencies to help to get seasonal employees and many of them turn into full-time employees after the holiday. So nothing specific on the wage pressure front. As you probably saw, head count is up 38% year-over-year in Q3 and that is a continuation of a lot of ops roles they're supporting this high demand, the opening of the fulfillment centers we talked about, new Fresh locations, Prime Now. But also a lot of hiring in our tech areas particularly around AWS and also the Echo, Alexa areas. Ben Schachter - Macquarie Capital (USA), Inc. And the second, the second question?", "start": 570, "labels": ["ANSWER"]}, "origin": "manual", "to_name": "text", "from_name": "label-intro"}], "was_cancelled": false, "ground_truth": true, "created_at": "2022-02-04T10:03:51.611644Z", "updated_at": "2022-02-04T10:03:51.611665Z", "lead_time": null, "prediction": {}, "result_count": 0, "task": 17409, "parent_prediction": null, "parent_annotation": null}], "data": {"year": 2016, "company": "AMZN", "my_text": "\nOperator: Thank you. Our next question comes from the line of Ben Schachter with Macquarie. Please proceed with your question. Ben Schachter - Macquarie Capital (USA), Inc. Given the low unemployment rates that you're seeing in the U.S., do you expect any unusual impact on wages for seasonal workers this year? And are you seeing overall wage pressure in the fulfillment centers? And then separately, if you could just talk about trend lines you're seeing in paid units versus shipping units. Are they diverging meaningfully versus the past? Thanks.\nBrian T. Olsavsky: Yeah, so on wages, nothing to point out for this holiday. Our challenge generally is the volume of head count that we're looking to hire and we work well in advance with agencies to help to get seasonal employees and many of them turn into full-time employees after the holiday. So nothing specific on the wage pressure front. As you probably saw, head count is up 38% year-over-year in Q3 and that is a continuation of a lot of ops roles they're supporting this high demand, the opening of the fulfillment centers we talked about, new Fresh locations, Prime Now. But also a lot of hiring in our tech areas particularly around AWS and also the Echo, Alexa areas. Ben Schachter - Macquarie Capital (USA), Inc. And the second, the second question?", "quarter": 3}}