{"id": 17367, "annotations": [{"id": 17470, "completed_by": 2, "result": [{"type": "labels", "value": {"end": 9, "text": "Operator", "start": 0, "labels": ["OPERATOR"]}, "origin": "manual", "to_name": "text", "from_name": "label-intro"}, {"type": "labels", "value": {"end": 121, "text": ": Thank you. Our next question comes from the line of Neil Doshi with Mizuho. Please proceed with your question.", "start": 10, "labels": ["INTRO"]}, "origin": "manual", "to_name": "text", "from_name": "label-intro"}, {"type": "labels", "value": {"end": 132, "text": "Neil Doshi", "start": 121, "labels": ["ANALYST"]}, "origin": "manual", "to_name": "text", "from_name": "label-intro"}, {"type": "labels", "value": {"end": 565, "text": ": Great. Two questions, please. And one, it seems like the Echo did perform well. Can you talk more broadly about your Internet of Things ambitions and kind of how Echo plays into that strategy? And then secondly, just wanted to know a little bit more about restaurant delivery. It seems a little bit outside of the wheelhouse. What's the impetus behind doing more in terms of food delivery and what are your ambitions there? Thanks.", "start": 133, "labels": ["QUESTION"]}, "origin": "manual", "to_name": "text", "from_name": "label-intro"}, {"type": "labels", "value": {"end": 580, "text": "Brian Olsavsky", "start": 565, "labels": ["REPRESENTATIVE"]}, "origin": "manual", "to_name": "text", "from_name": "label-intro"}, {"type": "labels", "value": {"end": 1696, "text": ": So on the Echo, we like what - how Echo has done. We're really excited about the ecosystem and some of the skills that are being added to Echo, as well as some of the other devices that are taking advantage of Alexa, which is kind of the brains behind Echo. So we like our device business in general. As you probably saw from the press release, we had a good Q4, where we did almost doubled, or double what we did last year. So very excited about the devices. We like that they pump more energy into Prime and really the whole ecosystem. Not sure on the Internet of Things, but it's very exciting for devices standpoint. And the brains of Echo are in the AWS cloud. And so, Echo gets new capabilities all the time as Alexa gets better and better. On the restaurant delivery, it's just another great service we can offer for our Prime members. This is tied in with the Prime Now offering in a handful of cities at this point. And so we have the delivery people going out and making the deliveries in the neighborhoods. And so this is one more really valuable convenient service we can offer for our Prime customers.", "start": 581, "labels": ["ANSWER"]}, "origin": "manual", "to_name": "text", "from_name": "label-intro"}], "was_cancelled": false, "ground_truth": true, "created_at": "2022-02-04T10:03:51.608490Z", "updated_at": "2022-02-04T10:03:51.608496Z", "lead_time": null, "prediction": {}, "result_count": 0, "task": 17367, "parent_prediction": null, "parent_annotation": null}], "data": {"year": 2015, "company": "AMZN", "my_text": "\nOperator: Thank you. Our next question comes from the line of Neil Doshi with Mizuho. Please proceed with your question.\nNeil Doshi: Great. Two questions, please. And one, it seems like the Echo did perform well. Can you talk more broadly about your Internet of Things ambitions and kind of how Echo plays into that strategy? And then secondly, just wanted to know a little bit more about restaurant delivery. It seems a little bit outside of the wheelhouse. What's the impetus behind doing more in terms of food delivery and what are your ambitions there? Thanks.\nBrian Olsavsky: So on the Echo, we like what - how Echo has done. We're really excited about the ecosystem and some of the skills that are being added to Echo, as well as some of the other devices that are taking advantage of Alexa, which is kind of the brains behind Echo. So we like our device business in general. As you probably saw from the press release, we had a good Q4, where we did almost doubled, or double what we did last year. So very excited about the devices. We like that they pump more energy into Prime and really the whole ecosystem. Not sure on the Internet of Things, but it's very exciting for devices standpoint. And the brains of Echo are in the AWS cloud. And so, Echo gets new capabilities all the time as Alexa gets better and better. On the restaurant delivery, it's just another great service we can offer for our Prime members. This is tied in with the Prime Now offering in a handful of cities at this point. And so we have the delivery people going out and making the deliveries in the neighborhoods. And so this is one more really valuable convenient service we can offer for our Prime customers.", "quarter": 4}}