{"id": 17376, "annotations": [{"id": 17479, "completed_by": 2, "result": [{"type": "labels", "value": {"end": 9, "text": "Operator", "start": 0, "labels": ["OPERATOR"]}, "origin": "manual", "to_name": "text", "from_name": "label-intro"}, {"type": "labels", "value": {"end": 100, "text": ": Our next question comes from Ross Sandler with Deutsche Bank. Please state your question.", "start": 10, "labels": ["INTRO"]}, "origin": "manual", "to_name": "text", "from_name": "label-intro"}, {"type": "labels", "value": {"end": 113, "text": "Ross Sandler", "start": 100, "labels": ["ANALYST"]}, "origin": "manual", "to_name": "text", "from_name": "label-intro"}, {"type": "labels", "value": {"end": 775, "text": ": Great. I just had two questions on AWS. First, last fall at re:Invent, you guys disclosed that data management revenue was at a $1 billion run rate. So can you provide an update on that figure? And maybe just talk about how much of AWS revenue today is outside of the storage and compute layers. And then the second question is on the AWS margin. So I think everybody is trying to learn more about the structural long-term margin, and it was down a tad quarter-on-quarter. So is that solely from FX impact? Or was there some seasonality of expenses? Any color on what's driving the AWS margin and how we should think about that over the longer term? Thank you.", "start": 114, "labels": ["QUESTION"]}, "origin": "manual", "to_name": "text", "from_name": "label-intro"}, {"type": "labels", "value": {"end": 793, "text": "Brian T. Olsavsky", "start": 775, "labels": ["REPRESENTATIVE"]}, "origin": "manual", "to_name": "text", "from_name": "label-intro"}, {"type": "labels", "value": {"end": 1414, "text": ": I'll take your second question first. So again, we had margin expansion year-over-year that was quite significant, from 12.4% to 23.5%. But again, it's very early in this business. We're very pleased with the results we're seeing on the top and bottom line, but margins are going to be bumpy and affected by levels of investing, price reductions and also cost efficiencies that we're driving. So quarter-to-quarter, it will vary. We are concerned at this point about capital efficiency, returning price to customers periodically with price reductions and adding feature sets for them to make the business more valuable.", "start": 794, "labels": ["ANSWER"]}, "origin": "manual", "to_name": "text", "from_name": "label-intro"}, {"type": "labels", "value": {"end": 1426, "text": "Phil Hardin", "start": 1414, "labels": ["REPRESENTATIVE"]}, "origin": "manual", "to_name": "text", "from_name": "label-intro"}, {"type": "labels", "value": {"end": 1847, "text": ": This is Phil. For your other part of your question, we're not providing an update on the $1 billion stat. What I would say is that the AWS team has strong revenue growth across their suite of products. The fastest-growing product in their history is actually Aurora, the new database. So we're very excited about what we're seeing in that space but we're not breaking out the revenue for those various components today.", "start": 1427, "labels": ["ANSWER"]}, "origin": "manual", "to_name": "text", "from_name": "label-intro"}], "was_cancelled": false, "ground_truth": true, "created_at": "2022-02-04T10:03:51.609188Z", "updated_at": "2022-02-04T10:03:51.609193Z", "lead_time": null, "prediction": {}, "result_count": 0, "task": 17376, "parent_prediction": null, "parent_annotation": null}], "data": {"year": 2016, "company": "AMZN", "my_text": "\nOperator: Our next question comes from Ross Sandler with Deutsche Bank. Please state your question.\nRoss Sandler: Great. I just had two questions on AWS. First, last fall at re:Invent, you guys disclosed that data management revenue was at a $1 billion run rate. So can you provide an update on that figure? And maybe just talk about how much of AWS revenue today is outside of the storage and compute layers. And then the second question is on the AWS margin. So I think everybody is trying to learn more about the structural long-term margin, and it was down a tad quarter-on-quarter. So is that solely from FX impact? Or was there some seasonality of expenses? Any color on what's driving the AWS margin and how we should think about that over the longer term? Thank you.\nBrian T. Olsavsky: I'll take your second question first. So again, we had margin expansion year-over-year that was quite significant, from 12.4% to 23.5%. But again, it's very early in this business. We're very pleased with the results we're seeing on the top and bottom line, but margins are going to be bumpy and affected by levels of investing, price reductions and also cost efficiencies that we're driving. So quarter-to-quarter, it will vary. We are concerned at this point about capital efficiency, returning price to customers periodically with price reductions and adding feature sets for them to make the business more valuable.\nPhil Hardin: This is Phil. For your other part of your question, we're not providing an update on the $1 billion stat. What I would say is that the AWS team has strong revenue growth across their suite of products. The fastest-growing product in their history is actually Aurora, the new database. So we're very excited about what we're seeing in that space but we're not breaking out the revenue for those various components today.", "quarter": 1}}