{"id": 18388, "annotations": [{"id": 18491, "completed_by": 2, "result": [{"type": "labels", "value": {"end": 9, "text": "Operator", "start": 0, "labels": ["OPERATOR"]}, "origin": "manual", "to_name": "text", "from_name": "label-intro"}, {"type": "labels", "value": {"end": 53, "text": ": Thank you. Our next question comes from...", "start": 10, "labels": ["INTRO"]}, "origin": "manual", "to_name": "text", "from_name": "label-intro"}, {"type": "labels", "value": {"end": 71, "text": "Brian T. Olsavsky", "start": 53, "labels": ["REPRESENTATIVE"]}, "origin": "manual", "to_name": "text", "from_name": "label-intro"}, {"type": "labels", "value": {"end": 88, "text": ": Sorry go ahead.", "start": 72, "labels": ["ANSWER"]}, "origin": "manual", "to_name": "text", "from_name": "label-intro"}], "was_cancelled": false, "ground_truth": true, "created_at": "2022-02-04T10:25:34.064331Z", "updated_at": "2022-02-04T10:25:34.064336Z", "lead_time": null, "prediction": {}, "result_count": 0, "task": 18388, "parent_prediction": null, "parent_annotation": null}], "data": {"year": 2018, "company": "AMZN", "my_text": "\nOperator: Thank you. Our next question comes from...\nBrian T. Olsavsky: Sorry go ahead.", "quarter": 1}}