{"id": 17387, "annotations": [{"id": 17490, "completed_by": 2, "result": [{"type": "labels", "value": {"end": 9, "text": "Operator", "start": 0, "labels": ["OPERATOR"]}, "origin": "manual", "to_name": "text", "from_name": "label-intro"}, {"type": "labels", "value": {"end": 71, "text": ": Our next question comes from Heath Terry from Goldman Sachs.", "start": 10, "labels": ["INTRO"]}, "origin": "manual", "to_name": "text", "from_name": "label-intro"}, {"type": "labels", "value": {"end": 83, "text": "Heath Terry", "start": 71, "labels": ["ANALYST"]}, "origin": "manual", "to_name": "text", "from_name": "label-intro"}, {"type": "labels", "value": {"end": 466, "text": ": Great. Thanks. I was wondering as it relates to the Q3 guidance, can you give us a bit of a sense of just how we should think about margins in the AWS business, especially as the next eight availability zones roll out? Presumably that kind of increase in capacity likely has an impact on margins, but would appreciate sort of any direction you can share on how to think about that.", "start": 84, "labels": ["QUESTION"]}, "origin": "manual", "to_name": "text", "from_name": "label-intro"}, {"type": "labels", "value": {"end": 484, "text": "Brian T. Olsavsky", "start": 466, "labels": ["REPRESENTATIVE"]}, "origin": "manual", "to_name": "text", "from_name": "label-intro"}, {"type": "labels", "value": {"end": 1536, "text": ": Sure. We don't give \u2013 obviously we don't give segment-based guidance. But to your question about AWS, we actually see nine availability zones in four regions coming out in the next \u2013 in the coming year. The impact on short-term is pretty much indistinguishable from the growth that we're seeing in our expansion of our base customers in our existing regions, so we don't see a large step-up from the addition of new regions relative to the large and rapid growth in the business itself. We do think that it does pay benefits both for ourselves and for our customers because of the expansion, and we're happy to have added the region in Mumbai this past quarter. We think when we expand geographically, existing customers will run more of their workloads on AWS. Sometimes they have local latency concerns or security issues that require them to run things in their country, so that helps. And we also open up to new customers when we add these regions. So not a large impact on Q3 guidance, but certainly an exciting investment for our customer base.", "start": 485, "labels": ["ANSWER"]}, "origin": "manual", "to_name": "text", "from_name": "label-intro"}], "was_cancelled": false, "ground_truth": true, "created_at": "2022-02-04T10:03:51.610063Z", "updated_at": "2022-02-04T10:03:51.610068Z", "lead_time": null, "prediction": {}, "result_count": 0, "task": 17387, "parent_prediction": null, "parent_annotation": null}], "data": {"year": 2016, "company": "AMZN", "my_text": "\nOperator: Our next question comes from Heath Terry from Goldman Sachs.\nHeath Terry: Great. Thanks. I was wondering as it relates to the Q3 guidance, can you give us a bit of a sense of just how we should think about margins in the AWS business, especially as the next eight availability zones roll out? Presumably that kind of increase in capacity likely has an impact on margins, but would appreciate sort of any direction you can share on how to think about that.\nBrian T. Olsavsky: Sure. We don't give \u2013 obviously we don't give segment-based guidance. But to your question about AWS, we actually see nine availability zones in four regions coming out in the next \u2013 in the coming year. The impact on short-term is pretty much indistinguishable from the growth that we're seeing in our expansion of our base customers in our existing regions, so we don't see a large step-up from the addition of new regions relative to the large and rapid growth in the business itself. We do think that it does pay benefits both for ourselves and for our customers because of the expansion, and we're happy to have added the region in Mumbai this past quarter. We think when we expand geographically, existing customers will run more of their workloads on AWS. Sometimes they have local latency concerns or security issues that require them to run things in their country, so that helps. And we also open up to new customers when we add these regions. So not a large impact on Q3 guidance, but certainly an exciting investment for our customer base.", "quarter": 2}}