{"id": 17353, "annotations": [{"id": 17456, "completed_by": 2, "result": [{"type": "labels", "value": {"end": 9, "text": "Operator", "start": 0, "labels": ["OPERATOR"]}, "origin": "manual", "to_name": "text", "from_name": "label-intro"}, {"type": "labels", "value": {"end": 141, "text": ": Thank you. Our next question comes from the line of Colin Sebastian with Baird Equity Research. Please proceed with your question.", "start": 10, "labels": ["INTRO"]}, "origin": "manual", "to_name": "text", "from_name": "label-intro"}, {"type": "labels", "value": {"end": 157, "text": "Colin Sebastian", "start": 141, "labels": ["ANALYST"]}, "origin": "manual", "to_name": "text", "from_name": "label-intro"}, {"type": "labels", "value": {"end": 705, "text": ": Great, thanks. One follow-up and then another question. On the logistics and transportation side, I was curious if that's to date just to supplement some of the other carriers. But more broadly or longer term, is there an ambition from the services side to perhaps provide capacity to other companies. And then on AWS margins, I was just wondering if we should expect more leverage there going forward and whether Q1, whether that should demonstrate some seasonality versus what we've seen in terms of sequential growth in prior years? Thank you.", "start": 158, "labels": ["QUESTION"]}, "origin": "manual", "to_name": "text", "from_name": "label-intro"}, {"type": "labels", "value": {"end": 720, "text": "Brian Olsavsky", "start": 705, "labels": ["REPRESENTATIVE"]}, "origin": "manual", "to_name": "text", "from_name": "label-intro"}, {"type": "labels", "value": {"end": 1464, "text": ": Sure. Let me work backwards. We don't give guidance by segment. So we cannot really comment on AWS specifically in Q1. And the operational improvements, excuse me, the gross margin, operating margin year-over-year that we've seen in the AWS business has been heavily driven by operating efficiencies, both purchase reductions and purchase prices and also efficiency in driving greater utilization of the assets that we have. So we're very happy with that. Keep in mind that we did have a - although the year-over-year increase in capital expenditures and capital leases was not as great as we saw in 2013 to 2014, we did spend over $9 billion on those, on capital expenditures and capital lease obligations, up from prior year was, excuse me\u2026", "start": 721, "labels": ["ANSWER"]}, "origin": "manual", "to_name": "text", "from_name": "label-intro"}], "was_cancelled": false, "ground_truth": true, "created_at": "2022-02-04T10:03:51.607454Z", "updated_at": "2022-02-04T10:03:51.607459Z", "lead_time": null, "prediction": {}, "result_count": 0, "task": 17353, "parent_prediction": null, "parent_annotation": null}], "data": {"year": 2015, "company": "AMZN", "my_text": "\nOperator: Thank you. Our next question comes from the line of Colin Sebastian with Baird Equity Research. Please proceed with your question.\nColin Sebastian: Great, thanks. One follow-up and then another question. On the logistics and transportation side, I was curious if that's to date just to supplement some of the other carriers. But more broadly or longer term, is there an ambition from the services side to perhaps provide capacity to other companies. And then on AWS margins, I was just wondering if we should expect more leverage there going forward and whether Q1, whether that should demonstrate some seasonality versus what we've seen in terms of sequential growth in prior years? Thank you.\nBrian Olsavsky: Sure. Let me work backwards. We don't give guidance by segment. So we cannot really comment on AWS specifically in Q1. And the operational improvements, excuse me, the gross margin, operating margin year-over-year that we've seen in the AWS business has been heavily driven by operating efficiencies, both purchase reductions and purchase prices and also efficiency in driving greater utilization of the assets that we have. So we're very happy with that. Keep in mind that we did have a - although the year-over-year increase in capital expenditures and capital leases was not as great as we saw in 2013 to 2014, we did spend over $9 billion on those, on capital expenditures and capital lease obligations, up from prior year was, excuse me\u2026", "quarter": 4}}