{"id": 18409, "annotations": [{"id": 18512, "completed_by": 2, "result": [{"type": "labels", "value": {"end": 9, "text": "Operator", "start": 0, "labels": ["OPERATOR"]}, "origin": "manual", "to_name": "text", "from_name": "label-intro"}, {"type": "labels", "value": {"end": 119, "text": ": [Operator Instructions] Thank you. Our first question comes from the line of Justin Post with Merrill Lynch.", "start": 10, "labels": ["INTRO"]}, "origin": "manual", "to_name": "text", "from_name": "label-intro"}, {"type": "labels", "value": {"end": 131, "text": "Justin Post", "start": 119, "labels": ["ANALYST"]}, "origin": "manual", "to_name": "text", "from_name": "label-intro"}, {"type": "labels", "value": {"end": 575, "text": ": Great. Thank you. I guess I'll ask about units, 14% in the quarter, just, how do you feel about the overall unit growth here, given that the growth was higher last year in the 20s and do you think there are some investments you can make in other areas to kind of reaccelerate that going forward? And then secondly, just if you could remind us or help us understand the Prime accounting change impact on subscription revenues in Q4? Thank you.", "start": 132, "labels": ["QUESTION"]}, "origin": "manual", "to_name": "text", "from_name": "label-intro"}, {"type": "labels", "value": {"end": 590, "text": "Brian Olsavsky", "start": 575, "labels": ["REPRESENTATIVE"]}, "origin": "manual", "to_name": "text", "from_name": "label-intro"}, {"type": "labels", "value": {"end": 620, "text": ": Take the subscription first.", "start": 591, "labels": ["ANSWER"]}, "origin": "manual", "to_name": "text", "from_name": "label-intro"}, {"type": "labels", "value": {"end": 632, "text": "Dave Fildes", "start": 620, "labels": ["REPRESENTATIVE"]}, "origin": "manual", "to_name": "text", "from_name": "label-intro"}, {"type": "labels", "value": {"end": 1326, "text": ": Yeah. Hey, Justin, this is Dave. Just on the second question on the subscription services, we\u2019d said on the last call, you probably remember, related to the adoption of the accounting standards update and revenue recognition policies that was impacting our results in a number of areas in 2018. We\u2019d said we'd anticipated about 300 million lower sort of headwind to subscription services revenue due to the accounting change. So that's where we came out for the quarter. So you'll see that, we reported subscription services revenue increased 26% when you exclude FX. So the 300 million is certainly part of that decelerate -- the sequential deceleration in the growth rate in that line item.", "start": 633, "labels": ["ANSWER"]}, "origin": "manual", "to_name": "text", "from_name": "label-intro"}, {"type": "labels", "value": {"end": 1341, "text": "Brian Olsavsky", "start": 1326, "labels": ["REPRESENTATIVE"]}, "origin": "manual", "to_name": "text", "from_name": "label-intro"}, {"type": "labels", "value": {"end": 2288, "text": ": Yeah. And on unit deceleration, I think the unit numbers more and more require some interpretation, because it doesn't include the -- some of our fastest growing areas, the things like, as Dave mentioned, subscription services, AWS, advertising, Whole Foods units are not in that number. So we don't focus as much on the number and we direct you more to the supplemental revenue guidance that breaks out the component parts. But in general, we feel good about the growth in the quarter. We think it was a, Q4 in particular was a great quarter for customers that retail, there is a lot of strength in the retail part of the businesses, the teams here had done a great job, planning, preparing and then executing on the quarter. AWS maintained a very strong growth rate and continued to deliver for customers. We had a great Reinvent Conference in the quarter. So we feel good about the growth in the quarter and also the total revenue and income.", "start": 1342, "labels": ["ANSWER"]}, "origin": "manual", "to_name": "text", "from_name": "label-intro"}], "was_cancelled": false, "ground_truth": true, "created_at": "2022-02-04T10:25:34.065828Z", "updated_at": "2022-02-04T10:25:34.065832Z", "lead_time": null, "prediction": {}, "result_count": 0, "task": 18409, "parent_prediction": null, "parent_annotation": null}], "data": {"year": 2018, "company": "AMZN", "my_text": "\nOperator: [Operator Instructions] Thank you. Our first question comes from the line of Justin Post with Merrill Lynch.\nJustin Post: Great. Thank you. I guess I'll ask about units, 14% in the quarter, just, how do you feel about the overall unit growth here, given that the growth was higher last year in the 20s and do you think there are some investments you can make in other areas to kind of reaccelerate that going forward? And then secondly, just if you could remind us or help us understand the Prime accounting change impact on subscription revenues in Q4? Thank you.\nBrian Olsavsky: Take the subscription first.\nDave Fildes: Yeah. Hey, Justin, this is Dave. Just on the second question on the subscription services, we\u2019d said on the last call, you probably remember, related to the adoption of the accounting standards update and revenue recognition policies that was impacting our results in a number of areas in 2018. We\u2019d said we'd anticipated about 300 million lower sort of headwind to subscription services revenue due to the accounting change. So that's where we came out for the quarter. So you'll see that, we reported subscription services revenue increased 26% when you exclude FX. So the 300 million is certainly part of that decelerate -- the sequential deceleration in the growth rate in that line item.\nBrian Olsavsky: Yeah. And on unit deceleration, I think the unit numbers more and more require some interpretation, because it doesn't include the -- some of our fastest growing areas, the things like, as Dave mentioned, subscription services, AWS, advertising, Whole Foods units are not in that number. So we don't focus as much on the number and we direct you more to the supplemental revenue guidance that breaks out the component parts. But in general, we feel good about the growth in the quarter. We think it was a, Q4 in particular was a great quarter for customers that retail, there is a lot of strength in the retail part of the businesses, the teams here had done a great job, planning, preparing and then executing on the quarter. AWS maintained a very strong growth rate and continued to deliver for customers. We had a great Reinvent Conference in the quarter. So we feel good about the growth in the quarter and also the total revenue and income.", "quarter": 4}}