{"id": 18357, "annotations": [{"id": 18460, "completed_by": 2, "result": [{"type": "labels", "value": {"end": 9, "text": "Operator", "start": 0, "labels": ["OPERATOR"]}, "origin": "manual", "to_name": "text", "from_name": "label-intro"}, {"type": "labels", "value": {"end": 134, "text": ": Thank you. Our next question comes from the line of Dan Salmon with BMO Capital Markets. Please proceed with your question.", "start": 10, "labels": ["INTRO"]}, "origin": "manual", "to_name": "text", "from_name": "label-intro"}, {"type": "labels", "value": {"end": 148, "text": "Daniel Salmon", "start": 134, "labels": ["ANALYST"]}, "origin": "manual", "to_name": "text", "from_name": "label-intro"}, {"type": "labels", "value": {"end": 818, "text": ": Hey. Good afternoon, Brian. I think I heard you earlier say that your head count for advertising salespeople is growing faster than the company as a whole, or company's head count growth rate as a whole. I would just like to use that maybe as a springboard to talk a little bit about what you think the right mix is for how you sell in terms of self-service versus salespeople. And then a second one would just be a quick one. I know it's early, but be curious to see what you're seeing with users of the Echo Show, with the screen on it, and if you're seeing any particularly different type of user behavior there versus the original devices with that one. Thank you.", "start": 149, "labels": ["QUESTION"]}, "origin": "manual", "to_name": "text", "from_name": "label-intro"}, {"type": "labels", "value": {"end": 836, "text": "Brian T. Olsavsky", "start": 818, "labels": ["REPRESENTATIVE"]}, "origin": "manual", "to_name": "text", "from_name": "label-intro"}, {"type": "labels", "value": {"end": 1688, "text": ": Sure. Yes. It's early on the Echo Show. As you know, we just started shipping those in late June, but we're very excited about the potential and the addition of the video screen and the messaging capability and video capability. So it's \u2013 I've used mine, it's awesome. It's a big step up in my mind, but we'll get more customer feedback as we go along. On advertising, technically what I said is the sales force has grown higher than the rate of growth in the business itself, which was 42% regular head count and that sales force is primarily AWS and advertising. So, we built self-service tools and obviously we want to make those as efficient as possible for customers and advertisers, but we realize that we will need actual sales contact with the accounts as well. So it's a mix. I can't get into the split, really, but I would see both growing.", "start": 837, "labels": ["ANSWER"]}, "origin": "manual", "to_name": "text", "from_name": "label-intro"}], "was_cancelled": false, "ground_truth": true, "created_at": "2022-02-04T10:25:34.062049Z", "updated_at": "2022-02-04T10:25:34.062055Z", "lead_time": null, "prediction": {}, "result_count": 0, "task": 18357, "parent_prediction": null, "parent_annotation": null}], "data": {"year": 2017, "company": "AMZN", "my_text": "\nOperator: Thank you. Our next question comes from the line of Dan Salmon with BMO Capital Markets. Please proceed with your question.\nDaniel Salmon: Hey. Good afternoon, Brian. I think I heard you earlier say that your head count for advertising salespeople is growing faster than the company as a whole, or company's head count growth rate as a whole. I would just like to use that maybe as a springboard to talk a little bit about what you think the right mix is for how you sell in terms of self-service versus salespeople. And then a second one would just be a quick one. I know it's early, but be curious to see what you're seeing with users of the Echo Show, with the screen on it, and if you're seeing any particularly different type of user behavior there versus the original devices with that one. Thank you.\nBrian T. Olsavsky: Sure. Yes. It's early on the Echo Show. As you know, we just started shipping those in late June, but we're very excited about the potential and the addition of the video screen and the messaging capability and video capability. So it's \u2013 I've used mine, it's awesome. It's a big step up in my mind, but we'll get more customer feedback as we go along. On advertising, technically what I said is the sales force has grown higher than the rate of growth in the business itself, which was 42% regular head count and that sales force is primarily AWS and advertising. So, we built self-service tools and obviously we want to make those as efficient as possible for customers and advertisers, but we realize that we will need actual sales contact with the accounts as well. So it's a mix. I can't get into the split, really, but I would see both growing.", "quarter": 2}}