{"id": 17343, "annotations": [{"id": 17446, "completed_by": 2, "result": [{"id": "_6MGWf_ufa", "type": "labels", "value": {"end": 9, "text": "Operator", "start": 0, "labels": ["OPERATOR"]}, "origin": "manual", "to_name": "text", "from_name": "label-intro"}, {"id": "kUtZK5k9u2", "type": "labels", "value": {"end": 73, "text": " Our next question comes from Aaron Kessler with Raymond James.", "start": 10, "labels": ["INTRO"]}, "origin": "manual", "to_name": "text", "from_name": "label-intro"}, {"id": "4EJyjfQIBx", "type": "labels", "value": {"end": 90, "text": "Aaron M. Kessler", "start": 73, "labels": ["ANALYST"]}, "origin": "manual", "to_name": "text", "from_name": "label-intro"}, {"id": "voM49ctdEn", "type": "labels", "value": {"end": 545, "text": " Yes. Hi, guys. Just quickly on, if you can talk about some of the more experimental projects you work on. I guess the travel business you're kind of in again for a few months and got out of, also maybe just with restaurants, providing restaurant delivery. How do you view these services? They're not necessarily core to what you do. Obviously, you can provide those services, but how should we think about these types of investments longer term? Thanks.", "start": 91, "labels": ["QUESTION"]}, "origin": "manual", "to_name": "text", "from_name": "label-intro"}, {"id": "9PgFbl4j0j", "type": "labels", "value": {"end": 563, "text": "Brian T. Olsavsky", "start": 545, "labels": ["REPRESENTATIVE"]}, "origin": "manual", "to_name": "text", "from_name": "label-intro"}, {"id": "ctwixrGXUi", "type": "labels", "value": {"end": 1126, "text": " So on destinations, we're constantly trying new things and testing and measuring and iterating here at Amazon. We learned a lot, but we've discontinued that. On the restaurant delivery, we've had it for a couple months here in Seattle and recently announced it in Portland. It fits very well with Prime Now. So at this point, it's pretty small, but something we're excited to do for customers. We think it will be helpful for them, and we're happy to take advantage of some of the competencies we've built with Prime Now and with our fulfillment network so far.", "start": 564, "labels": ["ANSWER"]}, "origin": "manual", "to_name": "text", "from_name": "label-intro"}], "was_cancelled": false, "ground_truth": true, "created_at": "2022-02-04T10:03:51.606710Z", "updated_at": "2022-04-14T13:39:04.193689Z", "lead_time": 313070.942, "prediction": {}, "result_count": 0, "task": 17343, "parent_prediction": null, "parent_annotation": null}], "data": {"year": 2015, "company": "AMZN", "my_text": "\nOperator: Our next question comes from Aaron Kessler with Raymond James.\nAaron M. Kessler: Yes. Hi, guys. Just quickly on, if you can talk about some of the more experimental projects you work on. I guess the travel business you're kind of in again for a few months and got out of, also maybe just with restaurants, providing restaurant delivery. How do you view these services? They're not necessarily core to what you do. Obviously, you can provide those services, but how should we think about these types of investments longer term? Thanks.\nBrian T. Olsavsky: So on destinations, we're constantly trying new things and testing and measuring and iterating here at Amazon. We learned a lot, but we've discontinued that. On the restaurant delivery, we've had it for a couple months here in Seattle and recently announced it in Portland. It fits very well with Prime Now. So at this point, it's pretty small, but something we're excited to do for customers. We think it will be helpful for them, and we're happy to take advantage of some of the competencies we've built with Prime Now and with our fulfillment network so far.", "quarter": 3}}