{"id": 17394, "annotations": [{"id": 17497, "completed_by": 2, "result": [{"type": "labels", "value": {"end": 9, "text": "Operator", "start": 0, "labels": ["OPERATOR"]}, "origin": "manual", "to_name": "text", "from_name": "label-intro"}, {"type": "labels", "value": {"end": 66, "text": ": Our next question comes from Brian Pitz from Jefferies.", "start": 10, "labels": ["INTRO"]}, "origin": "manual", "to_name": "text", "from_name": "label-intro"}, {"type": "labels", "value": {"end": 80, "text": "Brian J. Pitz", "start": 66, "labels": ["ANALYST"]}, "origin": "manual", "to_name": "text", "from_name": "label-intro"}, {"type": "labels", "value": {"end": 496, "text": ": Thanks for the questions. First, on FC build out, is the cost of building centers scaling over time given the use of Kiva, other technologies or general learnings, or are those costs still relatively consistent? And also, we noticed some device sellout in the next four to five weeks, post-Prime Day. Was this a bit of a planned inventory reduction for some of the devices or did volumes take you by surprise here?", "start": 81, "labels": ["QUESTION"]}, "origin": "manual", "to_name": "text", "from_name": "label-intro"}, {"type": "labels", "value": {"end": 514, "text": "Brian T. Olsavsky", "start": 496, "labels": ["REPRESENTATIVE"]}, "origin": "manual", "to_name": "text", "from_name": "label-intro"}, {"type": "labels", "value": {"end": 1452, "text": ": I will start with the second question. So I would just say Prime Day had enormous impact on the device business and devices were well featured and also well adopted by customers. So it was the largest device sales day that we've ever had and essentially pretty much across all of our device types, E-readers, tablets, Fire TV and Echo. And I'm sorry. Your first question was around \u2013 the cost of fulfillment centers. Not disclosing that we do continue to change our fulfillment centers. We've changed, again, the automation, the size, the scale many times and we continue to learn and grow there. So no general trends I can point to on cost per fulfillment center to start up because they do vary in size and mission and some have fully outfitted in using Amazon Robotics, others \u2013 some don't for economic reasons. Maybe the volume is not perfect for robot volume. But yeah. But, yes, so I can't give you any real distinct trends there.", "start": 515, "labels": ["ANSWER"]}, "origin": "manual", "to_name": "text", "from_name": "label-intro"}], "was_cancelled": false, "ground_truth": true, "created_at": "2022-02-04T10:03:51.610546Z", "updated_at": "2022-02-04T10:03:51.610551Z", "lead_time": null, "prediction": {}, "result_count": 0, "task": 17394, "parent_prediction": null, "parent_annotation": null}], "data": {"year": 2016, "company": "AMZN", "my_text": "\nOperator: Our next question comes from Brian Pitz from Jefferies.\nBrian J. Pitz: Thanks for the questions. First, on FC build out, is the cost of building centers scaling over time given the use of Kiva, other technologies or general learnings, or are those costs still relatively consistent? And also, we noticed some device sellout in the next four to five weeks, post-Prime Day. Was this a bit of a planned inventory reduction for some of the devices or did volumes take you by surprise here?\nBrian T. Olsavsky: I will start with the second question. So I would just say Prime Day had enormous impact on the device business and devices were well featured and also well adopted by customers. So it was the largest device sales day that we've ever had and essentially pretty much across all of our device types, E-readers, tablets, Fire TV and Echo. And I'm sorry. Your first question was around \u2013 the cost of fulfillment centers. Not disclosing that we do continue to change our fulfillment centers. We've changed, again, the automation, the size, the scale many times and we continue to learn and grow there. So no general trends I can point to on cost per fulfillment center to start up because they do vary in size and mission and some have fully outfitted in using Amazon Robotics, others \u2013 some don't for economic reasons. Maybe the volume is not perfect for robot volume. But yeah. But, yes, so I can't give you any real distinct trends there.", "quarter": 2}}