{"id": 18403, "annotations": [{"id": 18506, "completed_by": 2, "result": [{"type": "labels", "value": {"end": 9, "text": "Operator", "start": 0, "labels": ["OPERATOR"]}, "origin": "manual", "to_name": "text", "from_name": "label-intro"}, {"type": "labels", "value": {"end": 102, "text": ": Thank you. Our next question comes from the line of Eric Sheridan with UBS. Please proceed.", "start": 10, "labels": ["INTRO"]}, "origin": "manual", "to_name": "text", "from_name": "label-intro"}, {"type": "labels", "value": {"end": 119, "text": "Eric J. Sheridan", "start": 102, "labels": ["ANALYST"]}, "origin": "manual", "to_name": "text", "from_name": "label-intro"}, {"type": "labels", "value": {"end": 595, "text": ": Thanks for taking the question. With a lot of offline retailers talking more about omni-channel, wanted to understand sort of the investments you might be making around unifying the efforts with Whole Foods and Amazon Prime Now, speeding up delivery, giving consumers as much choice as possible and moving SKUs closer to households. How should we be thinking about that push in 2019 and 2020 and how that might open up new areas of wallet share for the company? Thanks guys.", "start": 120, "labels": ["QUESTION"]}, "origin": "manual", "to_name": "text", "from_name": "label-intro"}, {"type": "labels", "value": {"end": 613, "text": "Brian T. Olsavsky", "start": 595, "labels": ["REPRESENTATIVE"]}, "origin": "manual", "to_name": "text", "from_name": "label-intro"}, {"type": "labels", "value": {"end": 1964, "text": ": Sure. Yeah, I think we've started to show our strategy on the Whole Foods side. You'll see even this quarter we started to have greater expansion of our grocery delivery out of Whole Foods using Prime Now. We're now in 60 cities in the U.S., giving customers delivery in as fast as an hour on thousands of great organic products from Whole Foods. We've also expanded grocery pickup and that's available in 10 cities. So the customers can pick up at the Whole Foods store. You'll see that we've started to tie Whole Foods into Alexa. You can build your cart using Alexa and then check out using the Prime Now app. So there's going to be a lot of, as you say, omni-channel overlap, especially in the grocery business. On the storefront, we're also, as you can see, experimenting with numerous store formats. Amazon Go is now up to six stores. We opened five in the quarter. We're getting great feedback on that. Customers love the ability to quickly walk in, select items they want and leave without waiting in a checkout line. We opened up a Amazon four-star location in New York City where we're going to test the concept of a highly curated selection of top categories across Amazon. We of course have Amazon bookstores, 18 bookstores in the U.S. So we're going to experiment with multiple ways of reaching the customer, wherever they happen to be.", "start": 614, "labels": ["ANSWER"]}, "origin": "manual", "to_name": "text", "from_name": "label-intro"}], "was_cancelled": false, "ground_truth": true, "created_at": "2022-02-04T10:25:34.065416Z", "updated_at": "2022-02-04T10:25:34.065420Z", "lead_time": null, "prediction": {}, "result_count": 0, "task": 18403, "parent_prediction": null, "parent_annotation": null}], "data": {"year": 2018, "company": "AMZN", "my_text": "\nOperator: Thank you. Our next question comes from the line of Eric Sheridan with UBS. Please proceed.\nEric J. Sheridan: Thanks for taking the question. With a lot of offline retailers talking more about omni-channel, wanted to understand sort of the investments you might be making around unifying the efforts with Whole Foods and Amazon Prime Now, speeding up delivery, giving consumers as much choice as possible and moving SKUs closer to households. How should we be thinking about that push in 2019 and 2020 and how that might open up new areas of wallet share for the company? Thanks guys.\nBrian T. Olsavsky: Sure. Yeah, I think we've started to show our strategy on the Whole Foods side. You'll see even this quarter we started to have greater expansion of our grocery delivery out of Whole Foods using Prime Now. We're now in 60 cities in the U.S., giving customers delivery in as fast as an hour on thousands of great organic products from Whole Foods. We've also expanded grocery pickup and that's available in 10 cities. So the customers can pick up at the Whole Foods store. You'll see that we've started to tie Whole Foods into Alexa. You can build your cart using Alexa and then check out using the Prime Now app. So there's going to be a lot of, as you say, omni-channel overlap, especially in the grocery business. On the storefront, we're also, as you can see, experimenting with numerous store formats. Amazon Go is now up to six stores. We opened five in the quarter. We're getting great feedback on that. Customers love the ability to quickly walk in, select items they want and leave without waiting in a checkout line. We opened up a Amazon four-star location in New York City where we're going to test the concept of a highly curated selection of top categories across Amazon. We of course have Amazon bookstores, 18 bookstores in the U.S. So we're going to experiment with multiple ways of reaching the customer, wherever they happen to be.", "quarter": 3}}