{"id": 18346, "annotations": [{"id": 18449, "completed_by": 2, "result": [{"type": "labels", "value": {"end": 9, "text": "Operator", "start": 0, "labels": ["OPERATOR"]}, "origin": "manual", "to_name": "text", "from_name": "label-intro"}, {"type": "labels", "value": {"end": 123, "text": ": Thank you. Our next question comes from Colin Sebastian with Robert W. Baird. Please proceed with your question.", "start": 10, "labels": ["INTRO"]}, "origin": "manual", "to_name": "text", "from_name": "label-intro"}, {"type": "labels", "value": {"end": 144, "text": "Colin Alan Sebastian", "start": 123, "labels": ["ANALYST"]}, "origin": "manual", "to_name": "text", "from_name": "label-intro"}, {"type": "labels", "value": {"end": 448, "text": ": Thank you. A question on the transportation and logistics initiatives. And in particular, if you could share any of the effects or learnings thus far with air cargo. In particular, what kind of performance or cost-efficiencies that you may be realizing or expect to realize from this effort. Thank you.", "start": 145, "labels": ["QUESTION"]}, "origin": "manual", "to_name": "text", "from_name": "label-intro"}, {"type": "labels", "value": {"end": 466, "text": "Brian T. Olsavsky", "start": 448, "labels": ["REPRESENTATIVE"]}, "origin": "manual", "to_name": "text", "from_name": "label-intro"}, {"type": "labels", "value": {"end": 1149, "text": ": Sure, Colin. As you point out, we're \u2013 we have expanded our own fleet. We now have 18 planes in service for Amazon, and we have announced rights to lease up to 40 planes. So it's gone very well. The ability to control shipments within our network has gone up, and we think the cost is very good. So on that front, it's better control, better capacity control, especially search capacity, and also good costs. So we have great relationships with third party carriers. We will continue to and we value all our partner relationships as we develop our own capability particularly in intra-network. We're putting it to good use, as I mentioned before, with the sortation center example.", "start": 467, "labels": ["ANSWER"]}, "origin": "manual", "to_name": "text", "from_name": "label-intro"}], "was_cancelled": false, "ground_truth": true, "created_at": "2022-02-04T10:25:34.061166Z", "updated_at": "2022-02-04T10:25:34.061171Z", "lead_time": null, "prediction": {}, "result_count": 0, "task": 18346, "parent_prediction": null, "parent_annotation": null}], "data": {"year": 2017, "company": "AMZN", "my_text": "\nOperator: Thank you. Our next question comes from Colin Sebastian with Robert W. Baird. Please proceed with your question.\nColin Alan Sebastian: Thank you. A question on the transportation and logistics initiatives. And in particular, if you could share any of the effects or learnings thus far with air cargo. In particular, what kind of performance or cost-efficiencies that you may be realizing or expect to realize from this effort. Thank you.\nBrian T. Olsavsky: Sure, Colin. As you point out, we're \u2013 we have expanded our own fleet. We now have 18 planes in service for Amazon, and we have announced rights to lease up to 40 planes. So it's gone very well. The ability to control shipments within our network has gone up, and we think the cost is very good. So on that front, it's better control, better capacity control, especially search capacity, and also good costs. So we have great relationships with third party carriers. We will continue to and we value all our partner relationships as we develop our own capability particularly in intra-network. We're putting it to good use, as I mentioned before, with the sortation center example.", "quarter": 1}}