{"id": 17321, "annotations": [{"id": 17424, "completed_by": 2, "result": [{"type": "labels", "value": {"end": 9, "text": "Operator", "start": 0, "labels": ["OPERATOR"]}, "origin": "manual", "to_name": "text", "from_name": "label-intro"}, {"type": "labels", "value": {"end": 70, "text": ": Our next question comes from Carlos Kirjner with Bernstein.", "start": 10, "labels": ["INTRO"]}, "origin": "manual", "to_name": "text", "from_name": "label-intro"}, {"type": "labels", "value": {"end": 90, "text": "Carlos Kirjner-Neto", "start": 70, "labels": ["ANALYST"]}, "origin": "manual", "to_name": "text", "from_name": "label-intro"}, {"type": "labels", "value": {"end": 600, "text": ": Hi. Thanks for taking my questions. I have two. I may be delusional, but if I add your capital leases and CapEx that suggests that AWS capital intensity is at least 80% if not much higher. What gives you confidence that if AWS continues to grow so fast and consuming so much capital two years out you'll be able to fund its growth from the retail business. And secondly, can you help me understand why you are not ruling out Prime Now and Fresh faster? What specifically are the bottlenecks there? Thank you.", "start": 91, "labels": ["QUESTION"]}, "origin": "manual", "to_name": "text", "from_name": "label-intro"}, {"type": "labels", "value": {"end": 618, "text": "Brian T. Olsavsky", "start": 600, "labels": ["REPRESENTATIVE"]}, "origin": "manual", "to_name": "text", "from_name": "label-intro"}, {"type": "labels", "value": {"end": 1361, "text": ": Let me start with that second one. Prime Now you said, and Amazon Fresh. We are working very quickly on Prime Now. We've now expanded to nine cities, three more in the quarter including our first International city in London. So, we're moving quick, but we'd always like to move quicker obviously. On AWS I think your question was more around the ability to fund AWS? No comment specifically on that. We do realize it's a capital-intensive business and we have modeling that shows it's going to be a very \u2013 it is a very good business for us and that's what we aim for as long-term return on invested capital and free cash flow. So, we're certainly cognizant of the capital part of the calculation, so not much more I can add on that, Carlos.", "start": 619, "labels": ["ANSWER"]}, "origin": "manual", "to_name": "text", "from_name": "label-intro"}, {"type": "labels", "value": {"end": 1381, "text": "Carlos Kirjner-Neto", "start": 1361, "labels": ["ANALYST"]}, "origin": "manual", "to_name": "text", "from_name": "label-intro"}, {"type": "labels", "value": {"end": 1393, "text": ": Thank you.", "start": 1382, "labels": ["QUESTION"]}, "origin": "manual", "to_name": "text", "from_name": "label-intro"}], "was_cancelled": false, "ground_truth": true, "created_at": "2022-02-04T10:03:51.605120Z", "updated_at": "2022-02-04T10:03:51.605125Z", "lead_time": null, "prediction": {}, "result_count": 0, "task": 17321, "parent_prediction": null, "parent_annotation": null}], "data": {"year": 2015, "company": "AMZN", "my_text": "\nOperator: Our next question comes from Carlos Kirjner with Bernstein.\nCarlos Kirjner-Neto: Hi. Thanks for taking my questions. I have two. I may be delusional, but if I add your capital leases and CapEx that suggests that AWS capital intensity is at least 80% if not much higher. What gives you confidence that if AWS continues to grow so fast and consuming so much capital two years out you'll be able to fund its growth from the retail business. And secondly, can you help me understand why you are not ruling out Prime Now and Fresh faster? What specifically are the bottlenecks there? Thank you.\nBrian T. Olsavsky: Let me start with that second one. Prime Now you said, and Amazon Fresh. We are working very quickly on Prime Now. We've now expanded to nine cities, three more in the quarter including our first International city in London. So, we're moving quick, but we'd always like to move quicker obviously. On AWS I think your question was more around the ability to fund AWS? No comment specifically on that. We do realize it's a capital-intensive business and we have modeling that shows it's going to be a very \u2013 it is a very good business for us and that's what we aim for as long-term return on invested capital and free cash flow. So, we're certainly cognizant of the capital part of the calculation, so not much more I can add on that, Carlos.\nCarlos Kirjner-Neto: Thank you.", "quarter": 2}}