{"id": 17327, "annotations": [{"id": 17430, "completed_by": 2, "result": [{"type": "labels", "value": {"end": 9, "text": "Operator", "start": 0, "labels": ["OPERATOR"]}, "origin": "manual", "to_name": "text", "from_name": "label-intro"}, {"type": "labels", "value": {"end": 76, "text": ": Our next question comes from Brian Pitz with Jefferies & Company.", "start": 10, "labels": ["INTRO"]}, "origin": "manual", "to_name": "text", "from_name": "label-intro"}, {"type": "labels", "value": {"end": 90, "text": "Brian J. Pitz", "start": 76, "labels": ["ANALYST"]}, "origin": "manual", "to_name": "text", "from_name": "label-intro"}, {"type": "labels", "value": {"end": 491, "text": ": Great. Thanks. Now halfway through 2015, any update or insights on your fulfillment center build-out plans for the year? If you can't disclose that, can you maybe just give us a general sense of focus and strategy? How should would be thinking about domestic versus International? As well as sortation versus traditional? What's kind of the path to build that over the next 6, 12, 18 months? Thanks.", "start": 91, "labels": ["QUESTION"]}, "origin": "manual", "to_name": "text", "from_name": "label-intro"}, {"type": "labels", "value": {"end": 509, "text": "Brian T. Olsavsky", "start": 491, "labels": ["REPRESENTATIVE"]}, "origin": "manual", "to_name": "text", "from_name": "label-intro"}, {"type": "labels", "value": {"end": 1136, "text": ": Sure. So we ended the year last year with 109 fulfillment centers around the world and 19 U.S. sort centers. And typically we're looking at what the demand would be for peak as we figure out what we need; so still a little early in the year to comment on that, but in the past we've given an update sometime around Q3 on that. But continuing to build as we have demand. And like Brian said, we like to be close to customers and benefit from having inventory close to customers as well. So like I said, a little early for the update at this point but something we're looking at and something the team's working really hard on.", "start": 510, "labels": ["ANSWER"]}, "origin": "manual", "to_name": "text", "from_name": "label-intro"}, {"type": "labels", "value": {"end": 1150, "text": "Brian J. Pitz", "start": 1136, "labels": ["ANALYST"]}, "origin": "manual", "to_name": "text", "from_name": "label-intro"}, {"type": "labels", "value": {"end": 1166, "text": ": Great. Thanks.", "start": 1151, "labels": ["QUESTION"]}, "origin": "manual", "to_name": "text", "from_name": "label-intro"}], "was_cancelled": false, "ground_truth": true, "created_at": "2022-02-04T10:03:51.605565Z", "updated_at": "2022-02-04T10:03:51.605571Z", "lead_time": null, "prediction": {}, "result_count": 0, "task": 17327, "parent_prediction": null, "parent_annotation": null}], "data": {"year": 2015, "company": "AMZN", "my_text": "\nOperator: Our next question comes from Brian Pitz with Jefferies & Company.\nBrian J. Pitz: Great. Thanks. Now halfway through 2015, any update or insights on your fulfillment center build-out plans for the year? If you can't disclose that, can you maybe just give us a general sense of focus and strategy? How should would be thinking about domestic versus International? As well as sortation versus traditional? What's kind of the path to build that over the next 6, 12, 18 months? Thanks.\nBrian T. Olsavsky: Sure. So we ended the year last year with 109 fulfillment centers around the world and 19 U.S. sort centers. And typically we're looking at what the demand would be for peak as we figure out what we need; so still a little early in the year to comment on that, but in the past we've given an update sometime around Q3 on that. But continuing to build as we have demand. And like Brian said, we like to be close to customers and benefit from having inventory close to customers as well. So like I said, a little early for the update at this point but something we're looking at and something the team's working really hard on.\nBrian J. Pitz: Great. Thanks.", "quarter": 2}}