{"id": 17318, "annotations": [{"id": 17421, "completed_by": 2, "result": [{"type": "labels", "value": {"end": 9, "text": "Operator", "start": 0, "labels": ["OPERATOR"]}, "origin": "manual", "to_name": "text", "from_name": "label-intro"}, {"type": "labels", "value": {"end": 82, "text": ": And our next question comes from Mark Mahaney with RBC Capital Markets.", "start": 10, "labels": ["INTRO"]}, "origin": "manual", "to_name": "text", "from_name": "label-intro"}, {"type": "labels", "value": {"end": 98, "text": "Mark S. Mahaney", "start": 82, "labels": ["ANALYST"]}, "origin": "manual", "to_name": "text", "from_name": "label-intro"}, {"type": "labels", "value": {"end": 703, "text": ": Okay. Thanks. I don't know if Tom's listening in. That's a great exit on his part. On International retail you guys had nice acceleration there. Could you give us a little more of the why behind that? Why would International revenue grow, particularly in EGM, accelerate pretty materially. And is that the impact \u2013 it's one thesis \u2013 is that the impact of kind of the buildup of Prime in International markets and also in the U.S. too, but more spend per Prime customers as they go through this evolution that is just kind of layering on? Is that what it is? What is causing that acceleration? Thank you.", "start": 99, "labels": ["QUESTION"]}, "origin": "manual", "to_name": "text", "from_name": "label-intro"}, {"type": "labels", "value": {"end": 721, "text": "Brian T. Olsavsky", "start": 703, "labels": ["REPRESENTATIVE"]}, "origin": "manual", "to_name": "text", "from_name": "label-intro"}, {"type": "labels", "value": {"end": 1715, "text": ": Certainly. We saw good acceleration in both North America and International this quarter. North America was up 200 basis points sequentially and International was up 800 basis points and half of that you remember we've spoken about the impact of the Japanese consumption tax that was instituted last \u2013 April 1 of 2014. It had a measurable impact on our run rate, our growth rate last year particularly Q2. And so we are lapping that, which sequentially makes up half of the 800 basis points sequential gain. But independent of that, yes, you're right; Prime membership continues to grow. Faster outside, data that we gave at the end of the year. It's growing faster outside the U.S. than it is in the U.S. and we are happy with both growth rates quite frankly. So I would say the Prime membership to Prime flywheel, the additional benefits we are adding to Prime, not only in North America but also Internationally, and additional selection both retail and FBA which feeds the Prime flywheel.", "start": 722, "labels": ["ANSWER"]}, "origin": "manual", "to_name": "text", "from_name": "label-intro"}, {"type": "labels", "value": {"end": 1731, "text": "Mark S. Mahaney", "start": 1715, "labels": ["ANALYST"]}, "origin": "manual", "to_name": "text", "from_name": "label-intro"}, {"type": "labels", "value": {"end": 1751, "text": ": Okay thanks a lot.", "start": 1732, "labels": ["QUESTION"]}, "origin": "manual", "to_name": "text", "from_name": "label-intro"}], "was_cancelled": false, "ground_truth": true, "created_at": "2022-02-04T10:03:51.604899Z", "updated_at": "2022-02-04T10:03:51.604904Z", "lead_time": null, "prediction": {}, "result_count": 0, "task": 17318, "parent_prediction": null, "parent_annotation": null}], "data": {"year": 2015, "company": "AMZN", "my_text": "\nOperator: And our next question comes from Mark Mahaney with RBC Capital Markets.\nMark S. Mahaney: Okay. Thanks. I don't know if Tom's listening in. That's a great exit on his part. On International retail you guys had nice acceleration there. Could you give us a little more of the why behind that? Why would International revenue grow, particularly in EGM, accelerate pretty materially. And is that the impact \u2013 it's one thesis \u2013 is that the impact of kind of the buildup of Prime in International markets and also in the U.S. too, but more spend per Prime customers as they go through this evolution that is just kind of layering on? Is that what it is? What is causing that acceleration? Thank you.\nBrian T. Olsavsky: Certainly. We saw good acceleration in both North America and International this quarter. North America was up 200 basis points sequentially and International was up 800 basis points and half of that you remember we've spoken about the impact of the Japanese consumption tax that was instituted last \u2013 April 1 of 2014. It had a measurable impact on our run rate, our growth rate last year particularly Q2. And so we are lapping that, which sequentially makes up half of the 800 basis points sequential gain. But independent of that, yes, you're right; Prime membership continues to grow. Faster outside, data that we gave at the end of the year. It's growing faster outside the U.S. than it is in the U.S. and we are happy with both growth rates quite frankly. So I would say the Prime membership to Prime flywheel, the additional benefits we are adding to Prime, not only in North America but also Internationally, and additional selection both retail and FBA which feeds the Prime flywheel.\nMark S. Mahaney: Okay thanks a lot.", "quarter": 2}}