{"id": 18384, "annotations": [{"id": 18487, "completed_by": 2, "result": [{"type": "labels", "value": {"end": 9, "text": "Operator", "start": 0, "labels": ["OPERATOR"]}, "origin": "manual", "to_name": "text", "from_name": "label-intro"}, {"type": "labels", "value": {"end": 124, "text": ": Thank you. Our next question comes from Mark Mahaney with RBC Capital Markets. Please proceed with your question.", "start": 10, "labels": ["INTRO"]}, "origin": "manual", "to_name": "text", "from_name": "label-intro"}, {"type": "labels", "value": {"end": 137, "text": "Mark Mahaney", "start": 124, "labels": ["ANALYST"]}, "origin": "manual", "to_name": "text", "from_name": "label-intro"}, {"type": "labels", "value": {"end": 1014, "text": ": Okay. Great. Thanks. Two questions. The $239 million in other income, what was that? And then could you just wax a little bit eloquently hopefully, on advertising revenue? And like how do you balance what are \u2013 what should be a monstrous amount of ad revenue opportunities, especially high profit, high margin ad revenue opportunities against an ideal or optimal consumer experience? These sponsored units I see in every search I do on Amazon seems great from an advertising perspective, but I sometimes wonder if it doesn't dilute the consumer experience. So just talk about how you balance that. And then finally, as part of advertising, you've got also a heck of a lot inventory around all of that video, that Prime Video that you have that you don't allow \u2013 that you don't directly charge for, how do you think about that as an advertising revenue opportunity? Thank you.", "start": 138, "labels": ["QUESTION"]}, "origin": "manual", "to_name": "text", "from_name": "label-intro"}, {"type": "labels", "value": {"end": 1032, "text": "Brian T. Olsavsky", "start": 1014, "labels": ["REPRESENTATIVE"]}, "origin": "manual", "to_name": "text", "from_name": "label-intro"}, {"type": "labels", "value": {"end": 2779, "text": ": Sure. Let me wax eloquently. Try to anyway. So let's start with the $239 million; that is essentially where attributable to warrants that we have in companies that we partnered with. We have transportation companies that we partnered with and other technology companies. As the stock market increased in Q1, a lot of these companies also went up. So that's where we book the gain on warrants that we have with \u2013 on investments. It's also \u2013 there was a good bit of FX gain due to the shift in currency and the weakening of the dollar. That showed up on a lot of lines on the P&L, but that one was positive. On advertising, so let's step back a bit. It's now a multibillion-dollar program and growing very quickly. Our main goal here is to help customers discover new brands and products. So we show the sponsored products, we're trying to show people things they had maybe wouldn't have seen otherwise in their normal search results. So we're looking for a good balance here, as we said. We want customers to get the benefit of the new brand and product discovery, and then we want to let sellers for both emerging and established brands, reach those customers. Those advertisers are of all shapes and sizes with the main goal of, again, trying to reach our customers whether it's to drive brand awareness, discovery or hopefully purchase. So, we take the responsibility for that very seriously and are always balancing helpfulness of the advertising and try not to make it disruptive. But you're right, there are always pressures in that. We will come down on the side of the customer. On your question on video advertising, yes, there may be opportunities over time to have more advertising in our Video, but we choose not to do that right now.", "start": 1033, "labels": ["ANSWER"]}, "origin": "manual", "to_name": "text", "from_name": "label-intro"}, {"type": "labels", "value": {"end": 2791, "text": "Dave Fildes", "start": 2779, "labels": ["REPRESENTATIVE"]}, "origin": "manual", "to_name": "text", "from_name": "label-intro"}, {"type": "labels", "value": {"end": 3676, "text": ": Yeah, I think the only thing I'd add to on that just related to Prime Video, as you may have seen in the announcement earlier today about the renewed agreement for the streaming partnership with Thursday Night Football. So we'll have 11 games in 2018 and 2019, be able to deliver that to over 100 million Prime members globally, which is a great continuation of the partnership we've had with the NFL. We've done some things like the Prime Original Series All or Nothing; the third season's coming up soon, focused on the Dallas Cowboys. So that was one of our first forays in the live format that \u2013 one of the first forays in the live format where we had live ads and kind of, we're not only learning the technology, but learning to \u2013 learning that business. And I think we've been pleased with what we've seen so far obviously and look forward to the next few seasons with the NFL.", "start": 2792, "labels": ["ANSWER"]}, "origin": "manual", "to_name": "text", "from_name": "label-intro"}], "was_cancelled": false, "ground_truth": true, "created_at": "2022-02-04T10:25:34.064059Z", "updated_at": "2022-02-04T10:25:34.064064Z", "lead_time": null, "prediction": {}, "result_count": 0, "task": 18384, "parent_prediction": null, "parent_annotation": null}], "data": {"year": 2018, "company": "AMZN", "my_text": "\nOperator: Thank you. Our next question comes from Mark Mahaney with RBC Capital Markets. Please proceed with your question.\nMark Mahaney: Okay. Great. Thanks. Two questions. The $239 million in other income, what was that? And then could you just wax a little bit eloquently hopefully, on advertising revenue? And like how do you balance what are \u2013 what should be a monstrous amount of ad revenue opportunities, especially high profit, high margin ad revenue opportunities against an ideal or optimal consumer experience? These sponsored units I see in every search I do on Amazon seems great from an advertising perspective, but I sometimes wonder if it doesn't dilute the consumer experience. So just talk about how you balance that. And then finally, as part of advertising, you've got also a heck of a lot inventory around all of that video, that Prime Video that you have that you don't allow \u2013 that you don't directly charge for, how do you think about that as an advertising revenue opportunity? Thank you.\nBrian T. Olsavsky: Sure. Let me wax eloquently. Try to anyway. So let's start with the $239 million; that is essentially where attributable to warrants that we have in companies that we partnered with. We have transportation companies that we partnered with and other technology companies. As the stock market increased in Q1, a lot of these companies also went up. So that's where we book the gain on warrants that we have with \u2013 on investments. It's also \u2013 there was a good bit of FX gain due to the shift in currency and the weakening of the dollar. That showed up on a lot of lines on the P&L, but that one was positive. On advertising, so let's step back a bit. It's now a multibillion-dollar program and growing very quickly. Our main goal here is to help customers discover new brands and products. So we show the sponsored products, we're trying to show people things they had maybe wouldn't have seen otherwise in their normal search results. So we're looking for a good balance here, as we said. We want customers to get the benefit of the new brand and product discovery, and then we want to let sellers for both emerging and established brands, reach those customers. Those advertisers are of all shapes and sizes with the main goal of, again, trying to reach our customers whether it's to drive brand awareness, discovery or hopefully purchase. So, we take the responsibility for that very seriously and are always balancing helpfulness of the advertising and try not to make it disruptive. But you're right, there are always pressures in that. We will come down on the side of the customer. On your question on video advertising, yes, there may be opportunities over time to have more advertising in our Video, but we choose not to do that right now.\nDave Fildes: Yeah, I think the only thing I'd add to on that just related to Prime Video, as you may have seen in the announcement earlier today about the renewed agreement for the streaming partnership with Thursday Night Football. So we'll have 11 games in 2018 and 2019, be able to deliver that to over 100 million Prime members globally, which is a great continuation of the partnership we've had with the NFL. We've done some things like the Prime Original Series All or Nothing; the third season's coming up soon, focused on the Dallas Cowboys. So that was one of our first forays in the live format that \u2013 one of the first forays in the live format where we had live ads and kind of, we're not only learning the technology, but learning to \u2013 learning that business. And I think we've been pleased with what we've seen so far obviously and look forward to the next few seasons with the NFL.", "quarter": 1}}