{"id": 18410, "annotations": [{"id": 18513, "completed_by": 2, "result": [{"type": "labels", "value": {"end": 9, "text": "Operator", "start": 0, "labels": ["OPERATOR"]}, "origin": "manual", "to_name": "text", "from_name": "label-intro"}, {"type": "labels", "value": {"end": 101, "text": ": Thank you. Our next question comes from the line of Mark Mahaney with RBC Capital Markets.", "start": 10, "labels": ["INTRO"]}, "origin": "manual", "to_name": "text", "from_name": "label-intro"}, {"type": "labels", "value": {"end": 114, "text": "Mark Mahaney", "start": 101, "labels": ["ANALYST"]}, "origin": "manual", "to_name": "text", "from_name": "label-intro"}, {"type": "labels", "value": {"end": 571, "text": ": Thanks. Just comment a little bit on the international revenue outlook and any commentary on India and whether you think there's a material impact on your business? Secondly, could you talk about advertising revenue, just qualitatively or quantitatively, how that's doing? And third, if I could, you spent a lot on marketing in the quarter, it's a real step up. Do you just want to talk about the ROI that you think you're getting on that marketing spend?", "start": 115, "labels": ["QUESTION"]}, "origin": "manual", "to_name": "text", "from_name": "label-intro"}, {"type": "labels", "value": {"end": 586, "text": "Brian Olsavsky", "start": 571, "labels": ["REPRESENTATIVE"]}, "origin": "manual", "to_name": "text", "from_name": "label-intro"}, {"type": "labels", "value": {"end": 1329, "text": ": Sure, Mark. The first question is on India. Let me start with that. So we have incorporated into our guidance estimate, the best estimate we have for Q1 in India, however, there is much uncertainty as to what the impact of the government rule change is going to have on the e-commerce sector there. We remain committed to complying with all laws and regulations, we will, but we're evaluating the situation. Our main issue and our main concern is trying to minimize the impact to our customers and sellers in India. We've built our business around price selection and convenience. We don't think the changes help in those dimensions for both the customers in India and also the sellers. Dave, why don\u2019t you talk about the advertising growth?", "start": 587, "labels": ["ANSWER"]}, "origin": "manual", "to_name": "text", "from_name": "label-intro"}, {"type": "labels", "value": {"end": 1341, "text": "Dave Fildes", "start": 1329, "labels": ["REPRESENTATIVE"]}, "origin": "manual", "to_name": "text", "from_name": "label-intro"}, {"type": "labels", "value": {"end": 2096, "text": ": Yeah, yeah. I think I mean, we're continuing to -- there's a lot of focus on serving that customer set. One of the things we're trying to do is continually evolve our tools and the products to help that customer set agencies, advertisers, make sure they've got a variety of ways to meet their goals. Some of the things we've done more recently over the last few months or so is expanded sponsor brands, placements, some rolled out new campaign reports, so improved campaign manager features. So a number of -- there's a number of things beyond that, but features out there that are just going to, I think, make it easier for companies to grow with the ad tools and the ad services that we offer and we're continually excited about the opportunity there.", "start": 1342, "labels": ["ANSWER"]}, "origin": "manual", "to_name": "text", "from_name": "label-intro"}, {"type": "labels", "value": {"end": 2111, "text": "Brian Olsavsky", "start": 2096, "labels": ["REPRESENTATIVE"]}, "origin": "manual", "to_name": "text", "from_name": "label-intro"}, {"type": "labels", "value": {"end": 2693, "text": ": And then on your question of marketing, yes, the marketing percent of revenue was up 110 basis points year-over-year. This category also includes AWS sales and marketing and keep that in mind, because that's where a lot of our headcount investment is going. Headcount only grew 14% year-over-year, but the areas that were growing in that mix were things like technology teams, device areas, AWS, especially sales and marketing. So variable marketing was pretty consistent with prior periods and we feel good about our return on investment on the marketing, the variable marketing.", "start": 2112, "labels": ["ANSWER"]}, "origin": "manual", "to_name": "text", "from_name": "label-intro"}], "was_cancelled": false, "ground_truth": true, "created_at": "2022-02-04T10:25:34.065903Z", "updated_at": "2022-02-04T10:25:34.065907Z", "lead_time": null, "prediction": {}, "result_count": 0, "task": 18410, "parent_prediction": null, "parent_annotation": null}], "data": {"year": 2018, "company": "AMZN", "my_text": "\nOperator: Thank you. Our next question comes from the line of Mark Mahaney with RBC Capital Markets.\nMark Mahaney: Thanks. Just comment a little bit on the international revenue outlook and any commentary on India and whether you think there's a material impact on your business? Secondly, could you talk about advertising revenue, just qualitatively or quantitatively, how that's doing? And third, if I could, you spent a lot on marketing in the quarter, it's a real step up. Do you just want to talk about the ROI that you think you're getting on that marketing spend?\nBrian Olsavsky: Sure, Mark. The first question is on India. Let me start with that. So we have incorporated into our guidance estimate, the best estimate we have for Q1 in India, however, there is much uncertainty as to what the impact of the government rule change is going to have on the e-commerce sector there. We remain committed to complying with all laws and regulations, we will, but we're evaluating the situation. Our main issue and our main concern is trying to minimize the impact to our customers and sellers in India. We've built our business around price selection and convenience. We don't think the changes help in those dimensions for both the customers in India and also the sellers. Dave, why don\u2019t you talk about the advertising growth?\nDave Fildes: Yeah, yeah. I think I mean, we're continuing to -- there's a lot of focus on serving that customer set. One of the things we're trying to do is continually evolve our tools and the products to help that customer set agencies, advertisers, make sure they've got a variety of ways to meet their goals. Some of the things we've done more recently over the last few months or so is expanded sponsor brands, placements, some rolled out new campaign reports, so improved campaign manager features. So a number of -- there's a number of things beyond that, but features out there that are just going to, I think, make it easier for companies to grow with the ad tools and the ad services that we offer and we're continually excited about the opportunity there.\nBrian Olsavsky: And then on your question of marketing, yes, the marketing percent of revenue was up 110 basis points year-over-year. This category also includes AWS sales and marketing and keep that in mind, because that's where a lot of our headcount investment is going. Headcount only grew 14% year-over-year, but the areas that were growing in that mix were things like technology teams, device areas, AWS, especially sales and marketing. So variable marketing was pretty consistent with prior periods and we feel good about our return on investment on the marketing, the variable marketing.", "quarter": 4}}