{"id": 17361, "annotations": [{"id": 17464, "completed_by": 2, "result": [{"type": "labels", "value": {"end": 9, "text": "Operator", "start": 0, "labels": ["OPERATOR"]}, "origin": "manual", "to_name": "text", "from_name": "label-intro"}, {"type": "labels", "value": {"end": 116, "text": ": Thank you. Our next question comes from Carlos Kirjner with Bernstein. Please proceed with your question.", "start": 10, "labels": ["INTRO"]}, "origin": "manual", "to_name": "text", "from_name": "label-intro"}, {"type": "labels", "value": {"end": 131, "text": "Carlos Kirjner", "start": 116, "labels": ["ANALYST"]}, "origin": "manual", "to_name": "text", "from_name": "label-intro"}, {"type": "labels", "value": {"end": 978, "text": ": Thank you. I have two. I want to go back to AWS margins. You talked briefly about purchasing an asset utilization. But do these explain the 800 bps on a year-on-year margin expansion? And are you seeing anything else? Like, is there any impact of scale driving leverage over fixed costs? Is there some benefit from revenue mix shift, like services like Aurora and Redshift growing faster than EC2 or is all the margin expansion due to purchasing and asset utilization? So that's the first question. And the second, I have a question about your streaming content expenses or cost of revenues to be more precise. Last year you told us they were $1.3 billion, but if you can give us a figure for '15. In lieu of that, can you comment on whether 4Q saw higher than usual costs for streaming content compared to other quarters in the year? Thank you.", "start": 132, "labels": ["QUESTION"]}, "origin": "manual", "to_name": "text", "from_name": "label-intro"}, {"type": "labels", "value": {"end": 990, "text": "Phil Hardin", "start": 978, "labels": ["REPRESENTATIVE"]}, "origin": "manual", "to_name": "text", "from_name": "label-intro"}, {"type": "labels", "value": {"end": 1758, "text": ": Carlos, this is Phil. So your question about the AWS margins, that business as they continued to learn and as we continue to invent and get better at designing and operating the infrastructure and assets, we have been able to drive costs out of that business. So that's one of the primary drivers of the improvements that you see in margin year-over-year. There's also an FX tailwind in there as well, which I think was about $60 million this quarter, which would contribute on a year-over-year basis, which really arises because we're largely priced in dollars, but have assets with local currency costs throughout the world. As for the streaming content, we haven't given another update this year and haven't given any commentary on the profile quarter-to-quarter.", "start": 991, "labels": ["ANSWER"]}, "origin": "manual", "to_name": "text", "from_name": "label-intro"}], "was_cancelled": false, "ground_truth": true, "created_at": "2022-02-04T10:03:51.608011Z", "updated_at": "2022-02-04T10:03:51.608016Z", "lead_time": null, "prediction": {}, "result_count": 0, "task": 17361, "parent_prediction": null, "parent_annotation": null}], "data": {"year": 2015, "company": "AMZN", "my_text": "\nOperator: Thank you. Our next question comes from Carlos Kirjner with Bernstein. Please proceed with your question.\nCarlos Kirjner: Thank you. I have two. I want to go back to AWS margins. You talked briefly about purchasing an asset utilization. But do these explain the 800 bps on a year-on-year margin expansion? And are you seeing anything else? Like, is there any impact of scale driving leverage over fixed costs? Is there some benefit from revenue mix shift, like services like Aurora and Redshift growing faster than EC2 or is all the margin expansion due to purchasing and asset utilization? So that's the first question. And the second, I have a question about your streaming content expenses or cost of revenues to be more precise. Last year you told us they were $1.3 billion, but if you can give us a figure for '15. In lieu of that, can you comment on whether 4Q saw higher than usual costs for streaming content compared to other quarters in the year? Thank you.\nPhil Hardin: Carlos, this is Phil. So your question about the AWS margins, that business as they continued to learn and as we continue to invent and get better at designing and operating the infrastructure and assets, we have been able to drive costs out of that business. So that's one of the primary drivers of the improvements that you see in margin year-over-year. There's also an FX tailwind in there as well, which I think was about $60 million this quarter, which would contribute on a year-over-year basis, which really arises because we're largely priced in dollars, but have assets with local currency costs throughout the world. As for the streaming content, we haven't given another update this year and haven't given any commentary on the profile quarter-to-quarter.", "quarter": 4}}