{"id": 18427, "annotations": [{"id": 18530, "completed_by": 2, "result": [{"type": "labels", "value": {"end": 9, "text": "Operator", "start": 0, "labels": ["OPERATOR"]}, "origin": "manual", "to_name": "text", "from_name": "label-intro"}, {"type": "labels", "value": {"end": 93, "text": ": Our next question is from John Blackledge from Cowen and Company. You're now live.", "start": 10, "labels": ["INTRO"]}, "origin": "manual", "to_name": "text", "from_name": "label-intro"}, {"type": "labels", "value": {"end": 109, "text": "John Blackledge", "start": 93, "labels": ["ANALYST"]}, "origin": "manual", "to_name": "text", "from_name": "label-intro"}, {"type": "labels", "value": {"end": 667, "text": ": Great. Thanks. Just coming back to the Prime one-day delivery, will it be available to most of the U.S. by the holidays or by the end of the year? And I think you had about 100 million items available for two-day delivery, Prime delivery. As the one-day program starts, how many SKUs will be available? And would you expect to get the entire 100 million SKUs for one-day at some point? And then second question, just on grocery, just curious the upside for further expansion outside of kind of all the enhancements you're doing with Whole Foods. Thank you.", "start": 110, "labels": ["QUESTION"]}, "origin": "manual", "to_name": "text", "from_name": "label-intro"}, {"type": "labels", "value": {"end": 682, "text": "Brian Olsavsky", "start": 667, "labels": ["REPRESENTATIVE"]}, "origin": "manual", "to_name": "text", "from_name": "label-intro"}, {"type": "labels", "value": {"end": 1550, "text": ": Sure. So, yes, on the one-day free shipping versus the two-day free shipping, our goal is to evolve the two-day free shipping program into a one-day free shipping program and we're making strides on that. It got into a little bit about the capacity we have to add and changes we have to make to our supply chain in order to deliver on that. We expect to make steady progress quickly and through the year. We'll have more for you at the end of Q2 obviously. There's a lot of error bars around this program, especially from the cost side. We feel we're doing something very important for the customer. And we have - again trying to take advantage of the fulfillment capacity and transportation capacity especially with third-party partners that we have. And we'll just have to see what changes have to be made to get more and more selection into that one-day category.", "start": 683, "labels": ["ANSWER"]}, "origin": "manual", "to_name": "text", "from_name": "label-intro"}, {"type": "labels", "value": {"end": 1562, "text": "Dave Fildes", "start": 1550, "labels": ["REPRESENTATIVE"]}, "origin": "manual", "to_name": "text", "from_name": "label-intro"}, {"type": "labels", "value": {"end": 2262, "text": ": And then, this is Dave again. Just on the grocery side of it, as you mentioned, Brian talked a bit about the Whole Foods Market growth over 500 stores, 75 metros with delivery capability, so continuing to grow that out. We are also continuing to invest in our other grocery initiatives. Amazon Fresh, Prime Now, which offers grocery as one of the components of the selection there for the two-hour or even one-hour delivery capabilities. And so I think, we'll keep investing in those areas. I mean\u2013 and in other initiatives as well, where we can get food through Pantry, Go, there's a number of initiatives there. So excited about what we'll be able to continue to bring to customers on that space.", "start": 1563, "labels": ["ANSWER"]}, "origin": "manual", "to_name": "text", "from_name": "label-intro"}], "was_cancelled": false, "ground_truth": true, "created_at": "2022-02-04T10:25:34.067150Z", "updated_at": "2022-02-04T10:25:34.067156Z", "lead_time": null, "prediction": {}, "result_count": 0, "task": 18427, "parent_prediction": null, "parent_annotation": null}], "data": {"year": 2019, "company": "AMZN", "my_text": "\nOperator: Our next question is from John Blackledge from Cowen and Company. You're now live.\nJohn Blackledge: Great. Thanks. Just coming back to the Prime one-day delivery, will it be available to most of the U.S. by the holidays or by the end of the year? And I think you had about 100 million items available for two-day delivery, Prime delivery. As the one-day program starts, how many SKUs will be available? And would you expect to get the entire 100 million SKUs for one-day at some point? And then second question, just on grocery, just curious the upside for further expansion outside of kind of all the enhancements you're doing with Whole Foods. Thank you.\nBrian Olsavsky: Sure. So, yes, on the one-day free shipping versus the two-day free shipping, our goal is to evolve the two-day free shipping program into a one-day free shipping program and we're making strides on that. It got into a little bit about the capacity we have to add and changes we have to make to our supply chain in order to deliver on that. We expect to make steady progress quickly and through the year. We'll have more for you at the end of Q2 obviously. There's a lot of error bars around this program, especially from the cost side. We feel we're doing something very important for the customer. And we have - again trying to take advantage of the fulfillment capacity and transportation capacity especially with third-party partners that we have. And we'll just have to see what changes have to be made to get more and more selection into that one-day category.\nDave Fildes: And then, this is Dave again. Just on the grocery side of it, as you mentioned, Brian talked a bit about the Whole Foods Market growth over 500 stores, 75 metros with delivery capability, so continuing to grow that out. We are also continuing to invest in our other grocery initiatives. Amazon Fresh, Prime Now, which offers grocery as one of the components of the selection there for the two-hour or even one-hour delivery capabilities. And so I think, we'll keep investing in those areas. I mean\u2013 and in other initiatives as well, where we can get food through Pantry, Go, there's a number of initiatives there. So excited about what we'll be able to continue to bring to customers on that space.", "quarter": 1}}