{"id": 18448, "annotations": [{"id": 18551, "completed_by": 2, "result": [{"type": "labels", "value": {"end": 9, "text": "Operator", "start": 0, "labels": ["OPERATOR"]}, "origin": "manual", "to_name": "text", "from_name": "label-intro"}, {"type": "labels", "value": {"end": 92, "text": ": Thank you. Our next question comes from Scott Devitt with Stifel. Please proceed.", "start": 10, "labels": ["INTRO"]}, "origin": "manual", "to_name": "text", "from_name": "label-intro"}, {"type": "labels", "value": {"end": 105, "text": "Scott Devitt", "start": 92, "labels": ["ANALYST"]}, "origin": "manual", "to_name": "text", "from_name": "label-intro"}, {"type": "labels", "value": {"end": 495, "text": ": Thanks. There has been a meaningful reacceleration in paid unit growth in the past two quarters with the expansion of the One Day guarantees for Prime customers, and I\u2019m just wondering if consumers are responding more in certain categories that you would highlight over others or is the response fairly broad-based across the product categories where One Day has been expanded? Thank you.", "start": 106, "labels": ["QUESTION"]}, "origin": "manual", "to_name": "text", "from_name": "label-intro"}, {"type": "labels", "value": {"end": 510, "text": "Brian Olsavsky", "start": 495, "labels": ["REPRESENTATIVE"]}, "origin": "manual", "to_name": "text", "from_name": "label-intro"}, {"type": "labels", "value": {"end": 1062, "text": ": Hi, Scott. Yeah, what I can tell you is that yes, the unit growth has been reaccelerated in the last two quarters and actually Amazon Fulfilled unit growth is growing at a higher clip. So we do attribute it to One Day.  We\u2019re seeing broad sales across all categories. So you know there has been some reduction in the threshold for some lower ASP items that we\u2019ve been doing separately over the last six months that have spurred some sales in lower ASP items, but we think that is again the right decision for customers, especially over the long term.", "start": 511, "labels": ["ANSWER"]}, "origin": "manual", "to_name": "text", "from_name": "label-intro"}], "was_cancelled": false, "ground_truth": true, "created_at": "2022-02-04T10:25:34.068649Z", "updated_at": "2022-02-04T10:25:34.068654Z", "lead_time": null, "prediction": {}, "result_count": 0, "task": 18448, "parent_prediction": null, "parent_annotation": null}], "data": {"year": 2019, "company": "AMZN", "my_text": "\nOperator: Thank you. Our next question comes from Scott Devitt with Stifel. Please proceed.\nScott Devitt: Thanks. There has been a meaningful reacceleration in paid unit growth in the past two quarters with the expansion of the One Day guarantees for Prime customers, and I\u2019m just wondering if consumers are responding more in certain categories that you would highlight over others or is the response fairly broad-based across the product categories where One Day has been expanded? Thank you.\nBrian Olsavsky: Hi, Scott. Yeah, what I can tell you is that yes, the unit growth has been reaccelerated in the last two quarters and actually Amazon Fulfilled unit growth is growing at a higher clip. So we do attribute it to One Day.  We\u2019re seeing broad sales across all categories. So you know there has been some reduction in the threshold for some lower ASP items that we\u2019ve been doing separately over the last six months that have spurred some sales in lower ASP items, but we think that is again the right decision for customers, especially over the long term.", "quarter": 3}}