{"id": 17371, "annotations": [{"id": 17474, "completed_by": 2, "result": [{"type": "labels", "value": {"end": 9, "text": "Operator", "start": 0, "labels": ["OPERATOR"]}, "origin": "manual", "to_name": "text", "from_name": "label-intro"}, {"type": "labels", "value": {"end": 97, "text": ": Our next question is from Brian Nowak with Morgan Stanley. Please state your question.", "start": 10, "labels": ["INTRO"]}, "origin": "manual", "to_name": "text", "from_name": "label-intro"}, {"type": "labels", "value": {"end": 109, "text": "Brian Nowak", "start": 97, "labels": ["ANALYST"]}, "origin": "manual", "to_name": "text", "from_name": "label-intro"}, {"type": "labels", "value": {"end": 638, "text": ": Two, please. The first one is on Prime. You've two straight years of around 50% Prime subscriber growth. Just curious about how you think about keys to driving Prime sub-growth going forward and the thought process behind the reported monthly Prime subscription? And the second one on logistics investments, so there's been a lot about truck investments and logistics investments. Any comments at all about learnings and what you're seeing from some of the investments in your truck fleet and your own delivery network? Thanks.", "start": 110, "labels": ["QUESTION"]}, "origin": "manual", "to_name": "text", "from_name": "label-intro"}, {"type": "labels", "value": {"end": 656, "text": "Brian T. Olsavsky", "start": 638, "labels": ["REPRESENTATIVE"]}, "origin": "manual", "to_name": "text", "from_name": "label-intro"}, {"type": "labels", "value": {"end": 2274, "text": ": Yeah, let me start with the Prime. Yes, we have had very strong growth the last two years and earlier, obviously on Prime growth of members. I would say it's a culmination of a lot of separate investments that we're making. So if you look at the success of our devices, we are seeing tablets where we sold twice the volume in Q1 year-over-year. Fire TV Stick, you may have read in our press release that it has greater than 100,000 customer reviews, the most reviewed product ever, 62,000 or over 62,000 of those reviews are five-star reviews. We've not only had the Echo, but we have the Echo Dot and Tab, so we're branching off that product line and having trouble keeping those in stock. And of course we launched the new Kindle Oasis e-reader. So that is an important part of the story. As it is with digital content, you may have seen the recent announcements that we're working on a great amount of new content for Prime members. We love the \u2013 customers love the content and we like the results we see, particularly around Prime free trial conversion and renewal rates for subscribers who use and take advantage of Prime. So beyond the awards that the content is winning and the success we're having with Amazon, particularly our Amazon Originals, we feel that program is working. We're going to significantly increase our spend in that area. Some of that is in Q2, you'll see that more in the next few quarters. But we think that's working and look forward to bringing a lot of new content to our Prime subscriber base, both through our normal Prime subscription and also the monthly plan that you alluded to.", "start": 657, "labels": ["ANSWER"]}, "origin": "manual", "to_name": "text", "from_name": "label-intro"}, {"type": "labels", "value": {"end": 2286, "text": "Phil Hardin", "start": 2274, "labels": ["REPRESENTATIVE"]}, "origin": "manual", "to_name": "text", "from_name": "label-intro"}, {"type": "labels", "value": {"end": 3209, "text": ": This is Phil Hardin and I'll jump in on the second part of your question. So for the trucks, it \u2013 really it's trailers. The typical use case is running a lag between a fulfillment center and a sort center. So we're running enough volume there that we're using trucks already. We thought it made sense to go ahead and buy some trailers, we're actually still contracting out for the truck part. And it gives us flexibility, we think the economics will make sense over time. Similarly, we've announced an agreement to lease some airplanes with Air Transport Services Group, an agreement to lease up to 20 Boeing 767s there, and similar use case, it's products that are already boxed. And we think again, this is activities we've been doing already which need to grow at a very rapid rate. This gives us extra capacity and we think it's good to be able to deliver to customers, and we think it makes sense over the long-term.", "start": 2287, "labels": ["ANSWER"]}, "origin": "manual", "to_name": "text", "from_name": "label-intro"}], "was_cancelled": false, "ground_truth": true, "created_at": "2022-02-04T10:03:51.608812Z", "updated_at": "2022-02-04T10:03:51.608818Z", "lead_time": null, "prediction": {}, "result_count": 0, "task": 17371, "parent_prediction": null, "parent_annotation": null}], "data": {"year": 2016, "company": "AMZN", "my_text": "\nOperator: Our next question is from Brian Nowak with Morgan Stanley. Please state your question.\nBrian Nowak: Two, please. The first one is on Prime. You've two straight years of around 50% Prime subscriber growth. Just curious about how you think about keys to driving Prime sub-growth going forward and the thought process behind the reported monthly Prime subscription? And the second one on logistics investments, so there's been a lot about truck investments and logistics investments. Any comments at all about learnings and what you're seeing from some of the investments in your truck fleet and your own delivery network? Thanks.\nBrian T. Olsavsky: Yeah, let me start with the Prime. Yes, we have had very strong growth the last two years and earlier, obviously on Prime growth of members. I would say it's a culmination of a lot of separate investments that we're making. So if you look at the success of our devices, we are seeing tablets where we sold twice the volume in Q1 year-over-year. Fire TV Stick, you may have read in our press release that it has greater than 100,000 customer reviews, the most reviewed product ever, 62,000 or over 62,000 of those reviews are five-star reviews. We've not only had the Echo, but we have the Echo Dot and Tab, so we're branching off that product line and having trouble keeping those in stock. And of course we launched the new Kindle Oasis e-reader. So that is an important part of the story. As it is with digital content, you may have seen the recent announcements that we're working on a great amount of new content for Prime members. We love the \u2013 customers love the content and we like the results we see, particularly around Prime free trial conversion and renewal rates for subscribers who use and take advantage of Prime. So beyond the awards that the content is winning and the success we're having with Amazon, particularly our Amazon Originals, we feel that program is working. We're going to significantly increase our spend in that area. Some of that is in Q2, you'll see that more in the next few quarters. But we think that's working and look forward to bringing a lot of new content to our Prime subscriber base, both through our normal Prime subscription and also the monthly plan that you alluded to.\nPhil Hardin: This is Phil Hardin and I'll jump in on the second part of your question. So for the trucks, it \u2013 really it's trailers. The typical use case is running a lag between a fulfillment center and a sort center. So we're running enough volume there that we're using trucks already. We thought it made sense to go ahead and buy some trailers, we're actually still contracting out for the truck part. And it gives us flexibility, we think the economics will make sense over time. Similarly, we've announced an agreement to lease some airplanes with Air Transport Services Group, an agreement to lease up to 20 Boeing 767s there, and similar use case, it's products that are already boxed. And we think again, this is activities we've been doing already which need to grow at a very rapid rate. This gives us extra capacity and we think it's good to be able to deliver to customers, and we think it makes sense over the long-term.", "quarter": 1}}