{"id": 17370, "annotations": [{"id": 17473, "completed_by": 2, "result": [{"type": "labels", "value": {"end": 9, "text": "Operator", "start": 0, "labels": ["OPERATOR"]}, "origin": "manual", "to_name": "text", "from_name": "label-intro"}, {"type": "labels", "value": {"end": 96, "text": ": Our next question is from Heath Terry with Goldman Sachs. Please state your question.", "start": 10, "labels": ["INTRO"]}, "origin": "manual", "to_name": "text", "from_name": "label-intro"}, {"type": "labels", "value": {"end": 108, "text": "Heath Terry", "start": 96, "labels": ["ANALYST"]}, "origin": "manual", "to_name": "text", "from_name": "label-intro"}, {"type": "labels", "value": {"end": 591, "text": ": Great. Thanks. Looking at the active customer account number, it looks like growth slowed pretty significantly, about 10 percentage points. Just curious if you can give us a sense of anything that might be throwing that number off, assuming we're reading it the right way? And then, as you roll out on AWS \u2013 as you roll out the fixed new Availability Zones over the course of this year, is there a way to quantify what kind of an impact that's going to have on the capacity at AWS?", "start": 109, "labels": ["QUESTION"]}, "origin": "manual", "to_name": "text", "from_name": "label-intro"}, {"type": "labels", "value": {"end": 603, "text": "Phil Hardin", "start": 591, "labels": ["REPRESENTATIVE"]}, "origin": "manual", "to_name": "text", "from_name": "label-intro"}, {"type": "labels", "value": {"end": 1397, "text": ": So I'll take the first part of your question about active customers. So as we look at our metrics and what information we provide each year, we often make some changes. So this quarter, we only gave the active customers with a paid purchase in the trailing 12 months, and so that number was more than $285 million. I think that's pretty similar to the trends that we've seen in that metric. Now in the past, sometimes we had also given a total active customers count, and so that number for this quarter was over $310 million. So that may be where you're making the statement about the slowdown in growth, but the trajectory was very similar from prior quarters for both of those numbers. But we opted just to give the other one, but you now have the number for the total number of customers.", "start": 604, "labels": ["ANSWER"]}, "origin": "manual", "to_name": "text", "from_name": "label-intro"}, {"type": "labels", "value": {"end": 1415, "text": "Brian T. Olsavsky", "start": 1397, "labels": ["REPRESENTATIVE"]}, "origin": "manual", "to_name": "text", "from_name": "label-intro"}, {"type": "labels", "value": {"end": 2117, "text": ": And on your AWS footprint question, so we ended the quarter with 33 Availability Zones in 12 geographic regions, and we have five \u2013 11 more Availability Zones opening in the next year. The impact on capital, yes, there will be additional capital investment as we built out those zones. Some of it has already taken place. But I will also say that by and large, the largest increases in capital leases is to support the growth of incremental usage of customers we have now and agreements we have now. So \u2013 and you should expect to see us continue to invest and support this business. We're very, very \u2013 we have a leadership position, we intend to maintain it and we're very excited about where we are.", "start": 1416, "labels": ["ANSWER"]}, "origin": "manual", "to_name": "text", "from_name": "label-intro"}], "was_cancelled": false, "ground_truth": true, "created_at": "2022-02-04T10:03:51.608728Z", "updated_at": "2022-02-04T10:03:51.608733Z", "lead_time": null, "prediction": {}, "result_count": 0, "task": 17370, "parent_prediction": null, "parent_annotation": null}], "data": {"year": 2016, "company": "AMZN", "my_text": "\nOperator: Our next question is from Heath Terry with Goldman Sachs. Please state your question.\nHeath Terry: Great. Thanks. Looking at the active customer account number, it looks like growth slowed pretty significantly, about 10 percentage points. Just curious if you can give us a sense of anything that might be throwing that number off, assuming we're reading it the right way? And then, as you roll out on AWS \u2013 as you roll out the fixed new Availability Zones over the course of this year, is there a way to quantify what kind of an impact that's going to have on the capacity at AWS?\nPhil Hardin: So I'll take the first part of your question about active customers. So as we look at our metrics and what information we provide each year, we often make some changes. So this quarter, we only gave the active customers with a paid purchase in the trailing 12 months, and so that number was more than $285 million. I think that's pretty similar to the trends that we've seen in that metric. Now in the past, sometimes we had also given a total active customers count, and so that number for this quarter was over $310 million. So that may be where you're making the statement about the slowdown in growth, but the trajectory was very similar from prior quarters for both of those numbers. But we opted just to give the other one, but you now have the number for the total number of customers.\nBrian T. Olsavsky: And on your AWS footprint question, so we ended the quarter with 33 Availability Zones in 12 geographic regions, and we have five \u2013 11 more Availability Zones opening in the next year. The impact on capital, yes, there will be additional capital investment as we built out those zones. Some of it has already taken place. But I will also say that by and large, the largest increases in capital leases is to support the growth of incremental usage of customers we have now and agreements we have now. So \u2013 and you should expect to see us continue to invest and support this business. We're very, very \u2013 we have a leadership position, we intend to maintain it and we're very excited about where we are.", "quarter": 1}}