{"id": 17360, "annotations": [{"id": 17463, "completed_by": 2, "result": [{"type": "labels", "value": {"end": 9, "text": "Operator", "start": 0, "labels": ["OPERATOR"]}, "origin": "manual", "to_name": "text", "from_name": "label-intro"}, {"type": "labels", "value": {"end": 132, "text": ": Thank you. Our next question comes from the line of Kerry Rice with Needham & Company. Please proceed with your question.", "start": 10, "labels": ["INTRO"]}, "origin": "manual", "to_name": "text", "from_name": "label-intro"}, {"type": "labels", "value": {"end": 143, "text": "Kerry Rice", "start": 132, "labels": ["ANALYST"]}, "origin": "manual", "to_name": "text", "from_name": "label-intro"}, {"type": "labels", "value": {"end": 600, "text": ": Thanks a lot. First question is if you can provide maybe some context around linearity within Q4, more as a, you know, compares to your expectations, obviously you have a ramp up into the holiday season, but was - did December tail off faster than expected or did the ramp up, did it spike higher than you expected? And then just on the follow-up, maybe can you add some context about how the mobile played a role in the holiday season for Amazon? Thanks.", "start": 144, "labels": ["QUESTION"]}, "origin": "manual", "to_name": "text", "from_name": "label-intro"}, {"type": "labels", "value": {"end": 612, "text": "Phil Hardin", "start": 600, "labels": ["REPRESENTATIVE"]}, "origin": "manual", "to_name": "text", "from_name": "label-intro"}, {"type": "labels", "value": {"end": 1487, "text": ": So in terms of - this is Phil. In terms of expectations, I think we were pleased with what we saw this Q4 and, you know, if you look at what we gave for guidance, we were in the upper half of the range there for revenue. So no real callouts there. I think, what was your second part of your question? Oh, and mobile, we said for a long time continues to be a tailwind for the business. We're working very hard to make sure that it's very easy for customers to buy the things they want to buy and access, a lot of the features they\u2019ve grown accustomed to on the website. And so we're very focused on the convenience factor. And if you look at some of our new offerings like Prime Now that's available through a mobile app and very convenient for customers. As Brian's mentioned, allowed them to shop even up to Christmas Eve and then have their items delivered in two hours.", "start": 613, "labels": ["ANSWER"]}, "origin": "manual", "to_name": "text", "from_name": "label-intro"}], "was_cancelled": false, "ground_truth": true, "created_at": "2022-02-04T10:03:51.607943Z", "updated_at": "2022-02-04T10:03:51.607948Z", "lead_time": null, "prediction": {}, "result_count": 0, "task": 17360, "parent_prediction": null, "parent_annotation": null}], "data": {"year": 2015, "company": "AMZN", "my_text": "\nOperator: Thank you. Our next question comes from the line of Kerry Rice with Needham & Company. Please proceed with your question.\nKerry Rice: Thanks a lot. First question is if you can provide maybe some context around linearity within Q4, more as a, you know, compares to your expectations, obviously you have a ramp up into the holiday season, but was - did December tail off faster than expected or did the ramp up, did it spike higher than you expected? And then just on the follow-up, maybe can you add some context about how the mobile played a role in the holiday season for Amazon? Thanks.\nPhil Hardin: So in terms of - this is Phil. In terms of expectations, I think we were pleased with what we saw this Q4 and, you know, if you look at what we gave for guidance, we were in the upper half of the range there for revenue. So no real callouts there. I think, what was your second part of your question? Oh, and mobile, we said for a long time continues to be a tailwind for the business. We're working very hard to make sure that it's very easy for customers to buy the things they want to buy and access, a lot of the features they\u2019ve grown accustomed to on the website. And so we're very focused on the convenience factor. And if you look at some of our new offerings like Prime Now that's available through a mobile app and very convenient for customers. As Brian's mentioned, allowed them to shop even up to Christmas Eve and then have their items delivered in two hours.", "quarter": 4}}