{"id": 18374, "annotations": [{"id": 18477, "completed_by": 2, "result": [{"type": "labels", "value": {"end": 9, "text": "Operator", "start": 0, "labels": ["OPERATOR"]}, "origin": "manual", "to_name": "text", "from_name": "label-intro"}, {"type": "labels", "value": {"end": 76, "text": ": Our next question comes from Dan Salmon with BMO Capital Markets.", "start": 10, "labels": ["INTRO"]}, "origin": "manual", "to_name": "text", "from_name": "label-intro"}, {"type": "labels", "value": {"end": 90, "text": "Daniel Salmon", "start": 76, "labels": ["ANALYST"]}, "origin": "manual", "to_name": "text", "from_name": "label-intro"}, {"type": "labels", "value": {"end": 576, "text": ": First, Brian, any comments on the impact of ASC 606 accounting changes on your first quarter guidance here? And then just second on the advertising business, in particular, the ads that we see in the search results on the site, you have line search product sponsored ads, do you aim for certain particular ad load across the entire platform? Do you look at sort of tailoring it based on users activity, maybe a combination of both? I would just be interested in your thoughts on that.", "start": 91, "labels": ["QUESTION"]}, "origin": "manual", "to_name": "text", "from_name": "label-intro"}, {"type": "labels", "value": {"end": 588, "text": "Dave Fildes", "start": 576, "labels": ["REPRESENTATIVE"]}, "origin": "manual", "to_name": "text", "from_name": "label-intro"}, {"type": "labels", "value": {"end": 1328, "text": ": Yes, this is Dave. I'll take the first part of that question just around the new revenue recognition standard. We did adopt a new standard in January 1 of this year, 2018, and you'll see that reflected in our financials for the first quarter coming up. There are -- it touches on a number of different parts of our business in terms of how we recognize revenue in terms of any aggregate, the impacts to our expectations for the revenue guidance for the first quarter. It's not material. There's a number of different areas, at least, that we've called out in our filings with the 10-Q in the past and the 10-K that will be on file shortly that talk about the different areas that are impacted us. But again, not material in the aggregate.", "start": 589, "labels": ["ANSWER"]}, "origin": "manual", "to_name": "text", "from_name": "label-intro"}, {"type": "labels", "value": {"end": 1343, "text": "Brian Olsavsky", "start": 1328, "labels": ["REPRESENTATIVE"]}, "origin": "manual", "to_name": "text", "from_name": "label-intro"}, {"type": "labels", "value": {"end": 1889, "text": ": And on advertising, I would say our strategy is to make the customer experience additive by the ad process. We want customers to be able to see new brands and have easier time discovering products that they're looking for. For brands, we think the value proposition is that we can find ways for them, especially emerging brands, to reach new customers. So we're working with advertisers of all types and sizes to help them reach our customer base and the goal of driving brand awareness, discovery and better purchase decisions by the customer.", "start": 1344, "labels": ["ANSWER"]}, "origin": "manual", "to_name": "text", "from_name": "label-intro"}], "was_cancelled": false, "ground_truth": true, "created_at": "2022-02-04T10:25:34.063314Z", "updated_at": "2022-02-04T10:25:34.063320Z", "lead_time": null, "prediction": {}, "result_count": 0, "task": 18374, "parent_prediction": null, "parent_annotation": null}], "data": {"year": 2017, "company": "AMZN", "my_text": "\nOperator: Our next question comes from Dan Salmon with BMO Capital Markets.\nDaniel Salmon: First, Brian, any comments on the impact of ASC 606 accounting changes on your first quarter guidance here? And then just second on the advertising business, in particular, the ads that we see in the search results on the site, you have line search product sponsored ads, do you aim for certain particular ad load across the entire platform? Do you look at sort of tailoring it based on users activity, maybe a combination of both? I would just be interested in your thoughts on that.\nDave Fildes: Yes, this is Dave. I'll take the first part of that question just around the new revenue recognition standard. We did adopt a new standard in January 1 of this year, 2018, and you'll see that reflected in our financials for the first quarter coming up. There are -- it touches on a number of different parts of our business in terms of how we recognize revenue in terms of any aggregate, the impacts to our expectations for the revenue guidance for the first quarter. It's not material. There's a number of different areas, at least, that we've called out in our filings with the 10-Q in the past and the 10-K that will be on file shortly that talk about the different areas that are impacted us. But again, not material in the aggregate.\nBrian Olsavsky: And on advertising, I would say our strategy is to make the customer experience additive by the ad process. We want customers to be able to see new brands and have easier time discovering products that they're looking for. For brands, we think the value proposition is that we can find ways for them, especially emerging brands, to reach new customers. So we're working with advertisers of all types and sizes to help them reach our customer base and the goal of driving brand awareness, discovery and better purchase decisions by the customer.", "quarter": 4}}