{"id": 17355, "annotations": [{"id": 17458, "completed_by": 2, "result": [{"type": "labels", "value": {"end": 9, "text": "Operator", "start": 0, "labels": ["OPERATOR"]}, "origin": "manual", "to_name": "text", "from_name": "label-intro"}, {"type": "labels", "value": {"end": 126, "text": ": Thank you. Our next question comes from the line of Ken Senna with Evercore ISI. Please proceed with your question.", "start": 10, "labels": ["INTRO"]}, "origin": "manual", "to_name": "text", "from_name": "label-intro"}, {"type": "labels", "value": {"end": 136, "text": "Ken Senna", "start": 126, "labels": ["ANALYST"]}, "origin": "manual", "to_name": "text", "from_name": "label-intro"}, {"type": "labels", "value": {"end": 442, "text": ": Hi. So lot of headlines around Amazon's activity at Sundance I just was hoping you could maybe expand once more on the video strategy and specifically are you seeing an inflection in Prime Video usage. And maybe just also on your streaming partners program, what the general reception is like? Thank you.", "start": 137, "labels": ["QUESTION"]}, "origin": "manual", "to_name": "text", "from_name": "label-intro"}, {"type": "labels", "value": {"end": 457, "text": "Brian Olsavsky", "start": 442, "labels": ["REPRESENTATIVE"]}, "origin": "manual", "to_name": "text", "from_name": "label-intro"}, {"type": "labels", "value": {"end": 1762, "text": ": Sure. We're very thrilled with the customer response to Prime Video. Again, when Prime Video is used by our Prime members, it drives adoption and retention, higher free trial conversion rates, and higher renewal rates for subscribers. So what we were encouraged by in Q4 was that globally we doubled the number of \u2013 our Prime members doubled the number of viewing hours of the Prime Video year-over-year. And internationally, we had twice as member Prime members streaming year-over-year. So very encouraged by the pickup and the response of customers. The other comment I would say about video is we're very happy with the Amazon Studios content, in particular. We've had some great success in 2014 and 2015. As you probably know, Transparent has won multiple Golden Globes and Emmys, both for actors and for the show itself. Mozart in the Jungle just won two Golden Globe Awards. So very, very pleased with the critical acclaim to the Amazon Studios content and we've got a lot of new content coming out this year. Catastrophe Season 2, Bosch Season 2, we're all looking forward to. And in February, we will have Chi-Raq, our first original movie that we got to work with Spike Lee on, which won many critical, made many critics' best film list in 2015. That will be coming to Prime Video in February.", "start": 458, "labels": ["ANSWER"]}, "origin": "manual", "to_name": "text", "from_name": "label-intro"}, {"type": "labels", "value": {"end": 1774, "text": "Phil Hardin", "start": 1762, "labels": ["REPRESENTATIVE"]}, "origin": "manual", "to_name": "text", "from_name": "label-intro"}, {"type": "labels", "value": {"end": 2165, "text": ": Just to add, this is Phil. On the question about the streaming partners program, so that's our new over the top streaming subscription program for Prime Members. We think it's a really convenient way for them to access additional content, content sources like Showtime and Starz. And it's really early, so it's just out of the gate. But we've been very pleased with what we've seen so far.", "start": 1775, "labels": ["ANSWER"]}, "origin": "manual", "to_name": "text", "from_name": "label-intro"}], "was_cancelled": false, "ground_truth": true, "created_at": "2022-02-04T10:03:51.607589Z", "updated_at": "2022-02-04T10:03:51.607595Z", "lead_time": null, "prediction": {}, "result_count": 0, "task": 17355, "parent_prediction": null, "parent_annotation": null}], "data": {"year": 2015, "company": "AMZN", "my_text": "\nOperator: Thank you. Our next question comes from the line of Ken Senna with Evercore ISI. Please proceed with your question.\nKen Senna: Hi. So lot of headlines around Amazon's activity at Sundance I just was hoping you could maybe expand once more on the video strategy and specifically are you seeing an inflection in Prime Video usage. And maybe just also on your streaming partners program, what the general reception is like? Thank you.\nBrian Olsavsky: Sure. We're very thrilled with the customer response to Prime Video. Again, when Prime Video is used by our Prime members, it drives adoption and retention, higher free trial conversion rates, and higher renewal rates for subscribers. So what we were encouraged by in Q4 was that globally we doubled the number of \u2013 our Prime members doubled the number of viewing hours of the Prime Video year-over-year. And internationally, we had twice as member Prime members streaming year-over-year. So very encouraged by the pickup and the response of customers. The other comment I would say about video is we're very happy with the Amazon Studios content, in particular. We've had some great success in 2014 and 2015. As you probably know, Transparent has won multiple Golden Globes and Emmys, both for actors and for the show itself. Mozart in the Jungle just won two Golden Globe Awards. So very, very pleased with the critical acclaim to the Amazon Studios content and we've got a lot of new content coming out this year. Catastrophe Season 2, Bosch Season 2, we're all looking forward to. And in February, we will have Chi-Raq, our first original movie that we got to work with Spike Lee on, which won many critical, made many critics' best film list in 2015. That will be coming to Prime Video in February.\nPhil Hardin: Just to add, this is Phil. On the question about the streaming partners program, so that's our new over the top streaming subscription program for Prime Members. We think it's a really convenient way for them to access additional content, content sources like Showtime and Starz. And it's really early, so it's just out of the gate. But we've been very pleased with what we've seen so far.", "quarter": 4}}