{"id": 17382, "annotations": [{"id": 17485, "completed_by": 2, "result": [{"id": "aYrPT93dpB", "type": "labels", "value": {"end": 9, "text": "Operator", "start": 0, "labels": ["OPERATOR"]}, "origin": "manual", "to_name": "text", "from_name": "label-intro"}, {"id": "eIleElbvi4", "type": "labels", "value": {"end": 96, "text": " Our next question comes from Ron Josey of JMP Securities. Please state your question.", "start": 10, "labels": ["INTRO"]}, "origin": "manual", "to_name": "text", "from_name": "label-intro"}, {"id": "_YhbiW-acA", "type": "labels", "value": {"end": 113, "text": "Ron Victor Josey", "start": 96, "labels": ["ANALYST"]}, "origin": "manual", "to_name": "text", "from_name": "label-intro"}, {"id": "vfH6PrJDXP", "type": "labels", "value": {"end": 677, "text": " Great. Thanks for taking the question. I want to go back to North America but this time just focus on margins. 5.5%, 5.4% margins, I think that's the highest level since maybe 2Q 2010 and resumes the margin expansion we saw really for most of last year. So just hoping we can understand \u2013 help us understand a little bit more what's driving that? I'm sure the more mature Prime flywheel you mentioned that's happening in Europe. But is there anything else that's going on besides Prime flywheel, maybe more efficient shipping or things along those lines? Thanks.", "start": 114, "labels": ["QUESTION"]}, "origin": "manual", "to_name": "text", "from_name": "label-intro"}, {"id": "R3OzzqsFmA", "type": "labels", "value": {"end": 695, "text": "Brian T. Olsavsky", "start": 677, "labels": ["REPRESENTATIVE"]}, "origin": "manual", "to_name": "text", "from_name": "label-intro"}, {"id": "ThmcsXheLn", "type": "labels", "value": {"end": 1253, "text": " I'll start. I think you see the growth rate of the segment at 27%. It's showing the success we're having with customers. When we grow at that clip, we can do a lot of good things it. We can \u2013 on the cost side, we run our facilities more efficiently, we can buy better, we can look to in-source some things that we may have paid externally for. So, there's a number of things that we can do that I think will show up on the bottom line. But principally, what we're trying to do now is \u2013 again, make the Prime experiences as strong as possible for consumers.", "start": 696, "labels": ["ANSWER"]}, "origin": "manual", "to_name": "text", "from_name": "label-intro"}, {"id": "NxevTtlilK", "type": "labels", "value": {"end": 1265, "text": "Phil Hardin", "start": 1253, "labels": ["REPRESENTATIVE"]}, "origin": "manual", "to_name": "text", "from_name": "label-intro"}, {"id": "BroMAX44l5", "type": "labels", "value": {"end": 1870, "text": " This is Phil. The other thing I would add to that is that the margin you see in any quarter is really the output of our rate of investment at some places and drive for efficiencies in others. And we're not really trying to optimize for any particular number in a given quarter. We're just trying to make the best decisions we can to grow long-term free cash flow per share. And so, again, we're juggling the investment in the places where we feel like we have long-term opportunities where we need to invest with making sure we're getting continuously better in all our other processes at the same time.", "start": 1266, "labels": ["ANSWER"]}, "origin": "manual", "to_name": "text", "from_name": "label-intro"}], "was_cancelled": false, "ground_truth": true, "created_at": "2022-02-04T10:03:51.609664Z", "updated_at": "2022-04-29T23:36:23.864388Z", "lead_time": 783.595, "prediction": {}, "result_count": 0, "task": 17382, "parent_prediction": null, "parent_annotation": null}], "data": {"year": 2016, "company": "AMZN", "my_text": "\nOperator: Our next question comes from Ron Josey of JMP Securities. Please state your question.\nRon Victor Josey: Great. Thanks for taking the question. I want to go back to North America but this time just focus on margins. 5.5%, 5.4% margins, I think that's the highest level since maybe 2Q 2010 and resumes the margin expansion we saw really for most of last year. So just hoping we can understand \u2013 help us understand a little bit more what's driving that? I'm sure the more mature Prime flywheel you mentioned that's happening in Europe. But is there anything else that's going on besides Prime flywheel, maybe more efficient shipping or things along those lines? Thanks.\nBrian T. Olsavsky: I'll start. I think you see the growth rate of the segment at 27%. It's showing the success we're having with customers. When we grow at that clip, we can do a lot of good things it. We can \u2013 on the cost side, we run our facilities more efficiently, we can buy better, we can look to in-source some things that we may have paid externally for. So, there's a number of things that we can do that I think will show up on the bottom line. But principally, what we're trying to do now is \u2013 again, make the Prime experiences as strong as possible for consumers.\nPhil Hardin: This is Phil. The other thing I would add to that is that the margin you see in any quarter is really the output of our rate of investment at some places and drive for efficiencies in others. And we're not really trying to optimize for any particular number in a given quarter. We're just trying to make the best decisions we can to grow long-term free cash flow per share. And so, again, we're juggling the investment in the places where we feel like we have long-term opportunities where we need to invest with making sure we're getting continuously better in all our other processes at the same time.", "quarter": 1}}