{"id": 17375, "annotations": [{"id": 17478, "completed_by": 2, "result": [{"type": "labels", "value": {"end": 9, "text": "Operator", "start": 0, "labels": ["OPERATOR"]}, "origin": "manual", "to_name": "text", "from_name": "label-intro"}, {"type": "labels", "value": {"end": 97, "text": ": Our next question comes from Justin Post of Merrill Lynch. Please state your question.", "start": 10, "labels": ["INTRO"]}, "origin": "manual", "to_name": "text", "from_name": "label-intro"}, {"type": "labels", "value": {"end": 109, "text": "Justin Post", "start": 97, "labels": ["ANALYST"]}, "origin": "manual", "to_name": "text", "from_name": "label-intro"}, {"type": "labels", "value": {"end": 338, "text": ": Thanks. My question is on the international margins. They're quite a bit below where they were many years ago and trailing the U.S. Maybe talk about the dynamics there and what is it going to take to catch up over time? Thanks.", "start": 110, "labels": ["QUESTION"]}, "origin": "manual", "to_name": "text", "from_name": "label-intro"}, {"type": "labels", "value": {"end": 356, "text": "Brian T. Olsavsky", "start": 338, "labels": ["REPRESENTATIVE"]}, "origin": "manual", "to_name": "text", "from_name": "label-intro"}, {"type": "labels", "value": {"end": 966, "text": ": Sure. So, on the op margin side, although there was improvement year-over-year and, yeah, you're right, it is still on FX-neutral basic \u2013 basis negative. We have, as I said earlier, selection expansion, infrastructure investments, fulfillment network and AWS \u2013 excuse me, that's not the international segment \u2013 fulfillment network and digital content. So we continue to build the underpinnings of the Prime program in our international countries. You also have to keep in mind that we're making large investments in India. We're very excited about what we see and we will continue to invest heavily in India.", "start": 357, "labels": ["ANSWER"]}, "origin": "manual", "to_name": "text", "from_name": "label-intro"}], "was_cancelled": false, "ground_truth": true, "created_at": "2022-02-04T10:03:51.609113Z", "updated_at": "2022-02-04T10:03:51.609118Z", "lead_time": null, "prediction": {}, "result_count": 0, "task": 17375, "parent_prediction": null, "parent_annotation": null}], "data": {"year": 2016, "company": "AMZN", "my_text": "\nOperator: Our next question comes from Justin Post of Merrill Lynch. Please state your question.\nJustin Post: Thanks. My question is on the international margins. They're quite a bit below where they were many years ago and trailing the U.S. Maybe talk about the dynamics there and what is it going to take to catch up over time? Thanks.\nBrian T. Olsavsky: Sure. So, on the op margin side, although there was improvement year-over-year and, yeah, you're right, it is still on FX-neutral basic \u2013 basis negative. We have, as I said earlier, selection expansion, infrastructure investments, fulfillment network and AWS \u2013 excuse me, that's not the international segment \u2013 fulfillment network and digital content. So we continue to build the underpinnings of the Prime program in our international countries. You also have to keep in mind that we're making large investments in India. We're very excited about what we see and we will continue to invest heavily in India.", "quarter": 1}}