{"id": 17392, "annotations": [{"id": 17495, "completed_by": 2, "result": [{"type": "labels", "value": {"end": 9, "text": "Operator", "start": 0, "labels": ["OPERATOR"]}, "origin": "manual", "to_name": "text", "from_name": "label-intro"}, {"type": "labels", "value": {"end": 107, "text": ": Our next question comes from Jason Helfstein from Oppenheimer. Mr. Helfstein, your line is live.", "start": 10, "labels": ["INTRO"]}, "origin": "manual", "to_name": "text", "from_name": "label-intro"}, {"type": "labels", "value": {"end": 121, "text": "Ray Mcdonough", "start": 107, "labels": ["ANALYST"]}, "origin": "manual", "to_name": "text", "from_name": "label-intro"}, {"type": "labels", "value": {"end": 555, "text": ": Hi. Sorry about that. This is Ray McDonough on for Jason Helfstein. Just on the AWS side, we've been hearing a lot of talk and especially a lot of media reports that larger customers tend to use AWS, they might use Google and Microsoft Azure in tandem in sort of a multi-cloud kind of architecture. Just wondering your thoughts on how you see AWS fitting in the overall ecosystem and kind of your place longer term in the ecosystem.", "start": 122, "labels": ["QUESTION"]}, "origin": "manual", "to_name": "text", "from_name": "label-intro"}, {"type": "labels", "value": {"end": 573, "text": "Brian T. Olsavsky", "start": 555, "labels": ["REPRESENTATIVE"]}, "origin": "manual", "to_name": "text", "from_name": "label-intro"}, {"type": "labels", "value": {"end": 1834, "text": ": Sure. Well, first of all, we believe customers will choose AWS primarily for three factors, the functionality and pace of innovation that we bring to the table, our partner and customer ecosystem and our experience. We've been in this business longer than anyone. Having said that, there are room \u2013 there's plenty of room for multiple vendors in this business. What we focus on is innovating on behalf of customers and expanding the geographic footprint to make our services more widely available. You can see us continue to invest in things like new application services, higher up the stack, additional technologies that will make integrating with AWS seamless for those companies that have a hybrid IT environment and then continuing to add functionality for data analytics, mobile, Internet of things, machine learning offerings, things like that, that will add greater and greater value for AWS customers. And I would say the rapid pace of innovation continues to stretch our lead in that dimension. We have had 422 new significant services and features added in the first half of this year. That's a faster pace than last year when we added 722 services and features. So we feel good about the business position we're in and our position with customers.", "start": 574, "labels": ["ANSWER"]}, "origin": "manual", "to_name": "text", "from_name": "label-intro"}], "was_cancelled": false, "ground_truth": true, "created_at": "2022-02-04T10:03:51.610413Z", "updated_at": "2022-02-04T10:03:51.610418Z", "lead_time": null, "prediction": {}, "result_count": 0, "task": 17392, "parent_prediction": null, "parent_annotation": null}], "data": {"year": 2016, "company": "AMZN", "my_text": "\nOperator: Our next question comes from Jason Helfstein from Oppenheimer. Mr. Helfstein, your line is live.\nRay Mcdonough: Hi. Sorry about that. This is Ray McDonough on for Jason Helfstein. Just on the AWS side, we've been hearing a lot of talk and especially a lot of media reports that larger customers tend to use AWS, they might use Google and Microsoft Azure in tandem in sort of a multi-cloud kind of architecture. Just wondering your thoughts on how you see AWS fitting in the overall ecosystem and kind of your place longer term in the ecosystem.\nBrian T. Olsavsky: Sure. Well, first of all, we believe customers will choose AWS primarily for three factors, the functionality and pace of innovation that we bring to the table, our partner and customer ecosystem and our experience. We've been in this business longer than anyone. Having said that, there are room \u2013 there's plenty of room for multiple vendors in this business. What we focus on is innovating on behalf of customers and expanding the geographic footprint to make our services more widely available. You can see us continue to invest in things like new application services, higher up the stack, additional technologies that will make integrating with AWS seamless for those companies that have a hybrid IT environment and then continuing to add functionality for data analytics, mobile, Internet of things, machine learning offerings, things like that, that will add greater and greater value for AWS customers. And I would say the rapid pace of innovation continues to stretch our lead in that dimension. We have had 422 new significant services and features added in the first half of this year. That's a faster pace than last year when we added 722 services and features. So we feel good about the business position we're in and our position with customers.", "quarter": 2}}