{"id": 18353, "annotations": [{"id": 18456, "completed_by": 2, "result": [{"type": "labels", "value": {"end": 9, "text": "Operator", "start": 0, "labels": ["OPERATOR"]}, "origin": "manual", "to_name": "text", "from_name": "label-intro"}, {"type": "labels", "value": {"end": 105, "text": ": Thank you. Our next question comes from Mark May with Citi. Please proceed with your question.", "start": 10, "labels": ["INTRO"]}, "origin": "manual", "to_name": "text", "from_name": "label-intro"}, {"type": "labels", "value": {"end": 117, "text": "Mark A. May", "start": 105, "labels": ["ANALYST"]}, "origin": "manual", "to_name": "text", "from_name": "label-intro"}, {"type": "labels", "value": {"end": 940, "text": ": Thank you. A question on the comments around the fulfillment investments. Could you characterize or maybe even quantify how much of the fulfillment infrastructure investment that you're making is kind of incremental, is geared towards handling growth and sort of the existing business and infrastructure versus expanding your capabilities in fulfillment, like adding more inbound or last mile and/or from entering new international markets where you need to invest ahead of growth versus just sort of keeping up and maintaining growth within sort of your existing footprint? And then AWS, you had some price adjustments in May, yet the Q2 growth was quite good. Can you just comment about the impact that those cuts may have had in Q2 and if you're modeling those also in your Q3 guidance, maybe the impact there? Thanks.", "start": 118, "labels": ["QUESTION"]}, "origin": "manual", "to_name": "text", "from_name": "label-intro"}, {"type": "labels", "value": {"end": 958, "text": "Brian T. Olsavsky", "start": 940, "labels": ["REPRESENTATIVE"]}, "origin": "manual", "to_name": "text", "from_name": "label-intro"}, {"type": "labels", "value": {"end": 2220, "text": ": Yes. Let me start with the second one. So, yes, we've had numerous price decreases, and we continue to have that in the AWS business, both absolute decreases in service costs and also rolling out new services that may be cannibalizing more expensive other services that we provide. So, nothing really to note on Q2 or Q3 from that standpoint. The fulfillment investments, I can't split it out for you between Amazon logistics support sort centers and fulfillment centers. What I can say, the biggest dynamic going on again is that Amazon fulfilled unit growth of nearly 40%, which was last year and carrying into this year. It's a global number and we are very glad to have the success of the FBA program. We are matching that with just over 30% increase in square footage, and you're right, that does include some shipping sort centers and things that are incremental and new functions for us, if you will. But that's about all I can say on that right now. I think we're very happy with the FBA program. It's impact on Prime and we think Prime and FBA are self-reinforcing. We know customers really like it, the additional selection that FBA provides. So we like those combined, and we are working very hard to match that with capacity in an efficient manner.", "start": 959, "labels": ["ANSWER"]}, "origin": "manual", "to_name": "text", "from_name": "label-intro"}], "was_cancelled": false, "ground_truth": true, "created_at": "2022-02-04T10:25:34.061652Z", "updated_at": "2022-02-04T10:25:34.061657Z", "lead_time": null, "prediction": {}, "result_count": 0, "task": 18353, "parent_prediction": null, "parent_annotation": null}], "data": {"year": 2017, "company": "AMZN", "my_text": "\nOperator: Thank you. Our next question comes from Mark May with Citi. Please proceed with your question.\nMark A. May: Thank you. A question on the comments around the fulfillment investments. Could you characterize or maybe even quantify how much of the fulfillment infrastructure investment that you're making is kind of incremental, is geared towards handling growth and sort of the existing business and infrastructure versus expanding your capabilities in fulfillment, like adding more inbound or last mile and/or from entering new international markets where you need to invest ahead of growth versus just sort of keeping up and maintaining growth within sort of your existing footprint? And then AWS, you had some price adjustments in May, yet the Q2 growth was quite good. Can you just comment about the impact that those cuts may have had in Q2 and if you're modeling those also in your Q3 guidance, maybe the impact there? Thanks.\nBrian T. Olsavsky: Yes. Let me start with the second one. So, yes, we've had numerous price decreases, and we continue to have that in the AWS business, both absolute decreases in service costs and also rolling out new services that may be cannibalizing more expensive other services that we provide. So, nothing really to note on Q2 or Q3 from that standpoint. The fulfillment investments, I can't split it out for you between Amazon logistics support sort centers and fulfillment centers. What I can say, the biggest dynamic going on again is that Amazon fulfilled unit growth of nearly 40%, which was last year and carrying into this year. It's a global number and we are very glad to have the success of the FBA program. We are matching that with just over 30% increase in square footage, and you're right, that does include some shipping sort centers and things that are incremental and new functions for us, if you will. But that's about all I can say on that right now. I think we're very happy with the FBA program. It's impact on Prime and we think Prime and FBA are self-reinforcing. We know customers really like it, the additional selection that FBA provides. So we like those combined, and we are working very hard to match that with capacity in an efficient manner.", "quarter": 2}}