{"id": 17341, "annotations": [{"id": 17444, "completed_by": 2, "result": [{"type": "labels", "value": {"end": 9, "text": "Operator", "start": 0, "labels": ["OPERATOR"]}, "origin": "manual", "to_name": "text", "from_name": "label-intro"}, {"type": "labels", "value": {"end": 74, "text": ": Our next question comes from Neil Doshi with Mizuho Securities.", "start": 10, "labels": ["INTRO"]}, "origin": "manual", "to_name": "text", "from_name": "label-intro"}, {"type": "labels", "value": {"end": 88, "text": "Neil A. Doshi", "start": 74, "labels": ["ANALYST"]}, "origin": "manual", "to_name": "text", "from_name": "label-intro"}, {"type": "labels", "value": {"end": 689, "text": ": Great. Thanks, guys. Can you talk a little bit more about India and what's kind of the opportunity there that you see, there's a tremendous amount of \u2013 tremendous middle class there. But the distribution can be very challenging. So is that an area where we could see Amazon really building out the last mile? And then there's been some reports of an Amazon potentially trying to close the gap in terms of delivery and deliver sooner. On the grocery side, what's the impetus there? And can we see how the recent markets have been trending on the grocery side that you've launched recently? Thank you.", "start": 89, "labels": ["QUESTION"]}, "origin": "manual", "to_name": "text", "from_name": "label-intro"}, {"type": "labels", "value": {"end": 707, "text": "Brian T. Olsavsky", "start": 689, "labels": ["REPRESENTATIVE"]}, "origin": "manual", "to_name": "text", "from_name": "label-intro"}, {"type": "labels", "value": {"end": 1462, "text": ": I'll take the India question. So again, India is a different market and does not have a lot of the same ready fulfillment options that some other countries did. We see that as an opportunity, an opportunity that we can build and we can bring to sellers. And as I believe I already mentioned, we like what we see. We're very encouraged. Customer accounts, active customer accounts are up 230% year-over-year and sellers \u2013 number of sellers is up 250% year-over-year. 90% of those sellers use our logistics and warehouse services, as you mentioned, which has caused us to triple our fulfillment capacity. And we're happy to do so. We like what we see in India. We think we have \u2013 we're attractive both to customers and to sellers and we like our position.", "start": 708, "labels": ["ANSWER"]}, "origin": "manual", "to_name": "text", "from_name": "label-intro"}, {"type": "labels", "value": {"end": 1474, "text": "Phil Hardin", "start": 1462, "labels": ["REPRESENTATIVE"]}, "origin": "manual", "to_name": "text", "from_name": "label-intro"}, {"type": "labels", "value": {"end": 1877, "text": ": This is Phil. So, on the grocery side, for fresh we're in a handful of metropolitan areas here in the U.S. It's been a relatively measured rollout by Amazon standards. We continue to work on the customer experience and making sure we're really delivering a quality experience for shoppers. And we're also working on the economics. And so we continue to work on that, but not much new to add right now.", "start": 1475, "labels": ["ANSWER"]}, "origin": "manual", "to_name": "text", "from_name": "label-intro"}], "was_cancelled": false, "ground_truth": true, "created_at": "2022-02-04T10:03:51.606579Z", "updated_at": "2022-02-04T10:03:51.606584Z", "lead_time": null, "prediction": {}, "result_count": 0, "task": 17341, "parent_prediction": null, "parent_annotation": null}], "data": {"year": 2015, "company": "AMZN", "my_text": "\nOperator: Our next question comes from Neil Doshi with Mizuho Securities.\nNeil A. Doshi: Great. Thanks, guys. Can you talk a little bit more about India and what's kind of the opportunity there that you see, there's a tremendous amount of \u2013 tremendous middle class there. But the distribution can be very challenging. So is that an area where we could see Amazon really building out the last mile? And then there's been some reports of an Amazon potentially trying to close the gap in terms of delivery and deliver sooner. On the grocery side, what's the impetus there? And can we see how the recent markets have been trending on the grocery side that you've launched recently? Thank you.\nBrian T. Olsavsky: I'll take the India question. So again, India is a different market and does not have a lot of the same ready fulfillment options that some other countries did. We see that as an opportunity, an opportunity that we can build and we can bring to sellers. And as I believe I already mentioned, we like what we see. We're very encouraged. Customer accounts, active customer accounts are up 230% year-over-year and sellers \u2013 number of sellers is up 250% year-over-year. 90% of those sellers use our logistics and warehouse services, as you mentioned, which has caused us to triple our fulfillment capacity. And we're happy to do so. We like what we see in India. We think we have \u2013 we're attractive both to customers and to sellers and we like our position.\nPhil Hardin: This is Phil. So, on the grocery side, for fresh we're in a handful of metropolitan areas here in the U.S. It's been a relatively measured rollout by Amazon standards. We continue to work on the customer experience and making sure we're really delivering a quality experience for shoppers. And we're also working on the economics. And so we continue to work on that, but not much new to add right now.", "quarter": 3}}