{"id": 17332, "annotations": [{"id": 17435, "completed_by": 2, "result": [{"type": "labels", "value": {"end": 9, "text": "Operator", "start": 0, "labels": ["OPERATOR"]}, "origin": "manual", "to_name": "text", "from_name": "label-intro"}, {"type": "labels", "value": {"end": 78, "text": ": Your next question comes from John Blackledge with Cowen & Company.", "start": 10, "labels": ["INTRO"]}, "origin": "manual", "to_name": "text", "from_name": "label-intro"}, {"type": "labels", "value": {"end": 96, "text": "John R Blackledge", "start": 78, "labels": ["ANALYST"]}, "origin": "manual", "to_name": "text", "from_name": "label-intro"}, {"type": "labels", "value": {"end": 517, "text": ": Great. Thank you. It appears that Amazon is growing its share of household budget driven by many factors, Prime growth and strong growth in large verticals like apparel among others. Specifically on apparel, I'm just wondering how you view the breadth of Amazon's apparel offering. Any color on that segment's performance in the second quarter. And how do you view Amazon's apparel opportunity going forward? Thank you.", "start": 97, "labels": ["QUESTION"]}, "origin": "manual", "to_name": "text", "from_name": "label-intro"}, {"type": "labels", "value": {"end": 535, "text": "Brian T. Olsavsky", "start": 517, "labels": ["REPRESENTATIVE"]}, "origin": "manual", "to_name": "text", "from_name": "label-intro"}, {"type": "labels", "value": {"end": 1161, "text": ": Yeah. Thanks for your question. We have not broken out specifically apparel, but we're super excited about that business. It's growing very well. We like our position in it. We think our website is very tuned to selling online. So we're very happy with that. It is a big business for us, not only in North America but also Internationally. You mentioned a couple other consumables categories. I will say we are very happy in our consumables and hard lines categories, as well. We drive a lot of repeat business with things like Prime Pantry and Subscribe and Save and others. So, very happy with the EGM business as a whole.", "start": 536, "labels": ["ANSWER"]}, "origin": "manual", "to_name": "text", "from_name": "label-intro"}, {"type": "labels", "value": {"end": 1179, "text": "John R Blackledge", "start": 1161, "labels": ["ANALYST"]}, "origin": "manual", "to_name": "text", "from_name": "label-intro"}, {"type": "labels", "value": {"end": 1188, "text": ": Thanks.", "start": 1180, "labels": ["QUESTION"]}, "origin": "manual", "to_name": "text", "from_name": "label-intro"}], "was_cancelled": false, "ground_truth": true, "created_at": "2022-02-04T10:03:51.605914Z", "updated_at": "2022-02-04T10:03:51.605919Z", "lead_time": null, "prediction": {}, "result_count": 0, "task": 17332, "parent_prediction": null, "parent_annotation": null}], "data": {"year": 2015, "company": "AMZN", "my_text": "\nOperator: Your next question comes from John Blackledge with Cowen & Company.\nJohn R Blackledge: Great. Thank you. It appears that Amazon is growing its share of household budget driven by many factors, Prime growth and strong growth in large verticals like apparel among others. Specifically on apparel, I'm just wondering how you view the breadth of Amazon's apparel offering. Any color on that segment's performance in the second quarter. And how do you view Amazon's apparel opportunity going forward? Thank you.\nBrian T. Olsavsky: Yeah. Thanks for your question. We have not broken out specifically apparel, but we're super excited about that business. It's growing very well. We like our position in it. We think our website is very tuned to selling online. So we're very happy with that. It is a big business for us, not only in North America but also Internationally. You mentioned a couple other consumables categories. I will say we are very happy in our consumables and hard lines categories, as well. We drive a lot of repeat business with things like Prime Pantry and Subscribe and Save and others. So, very happy with the EGM business as a whole.\nJohn R Blackledge: Thanks.", "quarter": 2}}