{"id": 17348, "annotations": [{"id": 17451, "completed_by": 2, "result": [{"id": "vQh0YrpC2N", "type": "labels", "value": {"end": 9, "text": "Operator", "start": 0, "labels": ["OPERATOR"]}, "origin": "manual", "to_name": "text", "from_name": "label-intro"}, {"id": "D5ao0e9JZQ", "type": "labels", "value": {"end": 78, "text": " Our next question comes from Youssef Squali with Cantor Fitzgerald.", "start": 10, "labels": ["INTRO"]}, "origin": "manual", "to_name": "text", "from_name": "label-intro"}, {"id": "uGBhib3RGc", "type": "labels", "value": {"end": 96, "text": "Youssef H. Squali", "start": 78, "labels": ["ANALYST"]}, "origin": "manual", "to_name": "text", "from_name": "label-intro"}, {"id": "FhU9NtXrth", "type": "labels", "value": {"end": 479, "text": " Thank you very much. Two quick questions. First, with the courts striking down the Safe Harbor provision between the U.S. and the EU, how do you see the changes to European data storage requirement affecting AWS potentially? And on the Kiva, a question asked earlier, can you just maybe help us understand the capital intensity of an FC using Kiva versus one that's not? Thank you.", "start": 97, "labels": ["QUESTION"]}, "origin": "manual", "to_name": "text", "from_name": "label-intro"}, {"id": "8CYGsJhMtx", "type": "labels", "value": {"end": 491, "text": "Phil Hardin", "start": 479, "labels": ["REPRESENTATIVE"]}, "origin": "manual", "to_name": "text", "from_name": "label-intro"}, {"id": "ew-IBz-O10", "type": "labels", "value": {"end": 814, "text": " So, this is Phil. I'll take the Safe Harbor question with AWS. With our EU-approved AWS data protection agreement and model clauses we have in place, AWS customers can keep running their global operations using AWS and be in compliance with the e-law. I think your second question was about the capital intensity of Kiva.", "start": 492, "labels": ["ANSWER"]}, "origin": "manual", "to_name": "text", "from_name": "label-intro"}, {"id": "U5L5hABjDu", "type": "labels", "value": {"end": 832, "text": "Youssef H. Squali", "start": 814, "labels": ["ANALYST"]}, "origin": "manual", "to_name": "text", "from_name": "label-intro"}, {"id": "HRD6zr829H", "type": "labels", "value": {"end": 857, "text": " Yeah, Kiva, yeah right.", "start": 833, "labels": ["QUESTION"]}, "origin": "manual", "to_name": "text", "from_name": "label-intro"}, {"id": "LV2asgXuyB", "type": "labels", "value": {"end": 869, "text": "Phil Hardin", "start": 857, "labels": ["REPRESENTATIVE"]}, "origin": "manual", "to_name": "text", "from_name": "label-intro"}, {"id": "V7l-lImgJA", "type": "labels", "value": {"end": 1375, "text": " Yeah, I'm going to be vague on the scale of it, but their capital intensity is offset by their density and throughput. So it's a bit of an investment that has implications for a lot of elements to your cost structure, but we're very happy with Kiva. We think it's a great, pairing our associates with Kiva robots to do some of the hauling of products within the warehouse has been a great innovation for us. We think it makes the warehouse jobs better and I think it makes our warehouses more productive.", "start": 870, "labels": ["ANSWER"]}, "origin": "manual", "to_name": "text", "from_name": "label-intro"}], "was_cancelled": false, "ground_truth": true, "created_at": "2022-02-04T10:03:51.607058Z", "updated_at": "2022-04-12T22:38:26.254755Z", "lead_time": 69.197, "prediction": {}, "result_count": 0, "task": 17348, "parent_prediction": null, "parent_annotation": null}], "data": {"year": 2015, "company": "AMZN", "my_text": "\nOperator: Our next question comes from Youssef Squali with Cantor Fitzgerald.\nYoussef H. Squali: Thank you very much. Two quick questions. First, with the courts striking down the Safe Harbor provision between the U.S. and the EU, how do you see the changes to European data storage requirement affecting AWS potentially? And on the Kiva, a question asked earlier, can you just maybe help us understand the capital intensity of an FC using Kiva versus one that's not? Thank you.\nPhil Hardin: So, this is Phil. I'll take the Safe Harbor question with AWS. With our EU-approved AWS data protection agreement and model clauses we have in place, AWS customers can keep running their global operations using AWS and be in compliance with the e-law. I think your second question was about the capital intensity of Kiva.\nYoussef H. Squali: Yeah, Kiva, yeah right.\nPhil Hardin: Yeah, I'm going to be vague on the scale of it, but their capital intensity is offset by their density and throughput. So it's a bit of an investment that has implications for a lot of elements to your cost structure, but we're very happy with Kiva. We think it's a great, pairing our associates with Kiva robots to do some of the hauling of products within the warehouse has been a great innovation for us. We think it makes the warehouse jobs better and I think it makes our warehouses more productive.", "quarter": 3}}