{"id": 18449, "annotations": [{"id": 18552, "completed_by": 2, "result": [{"type": "labels", "value": {"end": 9, "text": "Operator", "start": 0, "labels": ["OPERATOR"]}, "origin": "manual", "to_name": "text", "from_name": "label-intro"}, {"type": "labels", "value": {"end": 105, "text": ": Thank you. Our next question comes from Mark Mahaney with RBC Capital Markets. Please proceed.", "start": 10, "labels": ["INTRO"]}, "origin": "manual", "to_name": "text", "from_name": "label-intro"}, {"type": "labels", "value": {"end": 118, "text": "Mark Mahaney", "start": 105, "labels": ["ANALYST"]}, "origin": "manual", "to_name": "text", "from_name": "label-intro"}, {"type": "labels", "value": {"end": 692, "text": ": Hey, thanks, I want to go back to AWS. When asked about margins, you first referred to \u2013 Brian you first referred to by bringing down prices. Are you seeing anything different in terms of the level of price competition? Could you talk about what kind of traction you\u2019ve had building out into the enterprise, and I know it\u2019s a broad question, but take a shot at it. And third part of this is, your interest and your success in going in and generating more app \u2013 you know going up the stack and getting more into the application software space, all that AWS related. Thanks.", "start": 119, "labels": ["QUESTION"]}, "origin": "manual", "to_name": "text", "from_name": "label-intro"}, {"type": "labels", "value": {"end": 707, "text": "Brian Olsavsky", "start": 692, "labels": ["REPRESENTATIVE"]}, "origin": "manual", "to_name": "text", "from_name": "label-intro"}, {"type": "labels", "value": {"end": 1997, "text": ": Sure. Hi, Mark. So yeah, I would say my comments around pricing were as much mix as absolute price decreases or competitive price pressures. It\u2019s certainly a competitive market that we see and we\u2019ve seen for really a number of years. So everyone is very sharp on their pricing and is very eager to lock up long-term commitments from AWS customers.  We do it with you know a combination of price and capability that we think is unmatched. So the bigger element of that really is around us creating new products and services that are cheaper and less expensive than the old ones. So there is a certain bit of mix issue that we are always up against.  But again in your question on enterprise penetration, you know I think the enterprise, we\u2019re making great progress there. You know it\u2019s going to be hard on revenue growth, it\u2019s going to fluctuate quarter-to-quarter, it\u2019s hard to predict the pace of some of the sales cycles and the enterprise migrations that companies are willing to make or some are faster than others and some have other work to do before they can migrate.  So you know there\u2019s a lot of factors at play there on the enterprise business, but we are having great success and we\u2019re adding a lot of sales force or sales representatives, especially for the enterprise market.", "start": 708, "labels": ["ANSWER"]}, "origin": "manual", "to_name": "text", "from_name": "label-intro"}, {"type": "labels", "value": {"end": 2009, "text": "Dave Fildes", "start": 1997, "labels": ["REPRESENTATIVE"]}, "origin": "manual", "to_name": "text", "from_name": "label-intro"}, {"type": "labels", "value": {"end": 3036, "text": ": Yeah, and Mark, this is Dave. Just really quickly just in terms of your question on the stack. I mean I think for really since as long as AWS has been around, we really pride ourselves in getting really top, high caliber people both in the technical side, but also sales people that are plugged in and listening to customers, understanding issues that are emerging, having open lines of communication and that\u2019s really allowed us to innovate quickly and really faster than anyone else, and we see that in the terms of the service and feature breadth and depth that we have. So, a lot of the focus for us is really making sure that that flywheel keep spinning, and that we continue to roll out a lot of great services the customers are looking for. So I think that\u2019s largely what dictates our roadmap and making sure that we give ourselves autonomy and availability to look to new areas and stay on the cusp of whether it\u2019s kind of emerging technologies or really just our customer needs or pain points that need to be solved.", "start": 2010, "labels": ["ANSWER"]}, "origin": "manual", "to_name": "text", "from_name": "label-intro"}], "was_cancelled": false, "ground_truth": true, "created_at": "2022-02-04T10:25:34.068727Z", "updated_at": "2022-02-04T10:25:34.068732Z", "lead_time": null, "prediction": {}, "result_count": 0, "task": 18449, "parent_prediction": null, "parent_annotation": null}], "data": {"year": 2019, "company": "AMZN", "my_text": "\nOperator: Thank you. Our next question comes from Mark Mahaney with RBC Capital Markets. Please proceed.\nMark Mahaney: Hey, thanks, I want to go back to AWS. When asked about margins, you first referred to \u2013 Brian you first referred to by bringing down prices. Are you seeing anything different in terms of the level of price competition? Could you talk about what kind of traction you\u2019ve had building out into the enterprise, and I know it\u2019s a broad question, but take a shot at it. And third part of this is, your interest and your success in going in and generating more app \u2013 you know going up the stack and getting more into the application software space, all that AWS related. Thanks.\nBrian Olsavsky: Sure. Hi, Mark. So yeah, I would say my comments around pricing were as much mix as absolute price decreases or competitive price pressures. It\u2019s certainly a competitive market that we see and we\u2019ve seen for really a number of years. So everyone is very sharp on their pricing and is very eager to lock up long-term commitments from AWS customers.  We do it with you know a combination of price and capability that we think is unmatched. So the bigger element of that really is around us creating new products and services that are cheaper and less expensive than the old ones. So there is a certain bit of mix issue that we are always up against.  But again in your question on enterprise penetration, you know I think the enterprise, we\u2019re making great progress there. You know it\u2019s going to be hard on revenue growth, it\u2019s going to fluctuate quarter-to-quarter, it\u2019s hard to predict the pace of some of the sales cycles and the enterprise migrations that companies are willing to make or some are faster than others and some have other work to do before they can migrate.  So you know there\u2019s a lot of factors at play there on the enterprise business, but we are having great success and we\u2019re adding a lot of sales force or sales representatives, especially for the enterprise market.\nDave Fildes: Yeah, and Mark, this is Dave. Just really quickly just in terms of your question on the stack. I mean I think for really since as long as AWS has been around, we really pride ourselves in getting really top, high caliber people both in the technical side, but also sales people that are plugged in and listening to customers, understanding issues that are emerging, having open lines of communication and that\u2019s really allowed us to innovate quickly and really faster than anyone else, and we see that in the terms of the service and feature breadth and depth that we have. So, a lot of the focus for us is really making sure that that flywheel keep spinning, and that we continue to roll out a lot of great services the customers are looking for. So I think that\u2019s largely what dictates our roadmap and making sure that we give ourselves autonomy and availability to look to new areas and stay on the cusp of whether it\u2019s kind of emerging technologies or really just our customer needs or pain points that need to be solved.", "quarter": 3}}