{"id": 18340, "annotations": [{"id": 18443, "completed_by": 2, "result": [{"type": "labels", "value": {"end": 9, "text": "Operator", "start": 0, "labels": ["OPERATOR"]}, "origin": "manual", "to_name": "text", "from_name": "label-intro"}, {"type": "labels", "value": {"end": 116, "text": ": Thank you. Our next question comes from Ron Josey with JMP Securities. Please proceed with your question.", "start": 10, "labels": ["INTRO"]}, "origin": "manual", "to_name": "text", "from_name": "label-intro"}, {"type": "labels", "value": {"end": 132, "text": "Ronald V. Josey", "start": 116, "labels": ["ANALYST"]}, "origin": "manual", "to_name": "text", "from_name": "label-intro"}, {"type": "labels", "value": {"end": 419, "text": ": Great. Thanks for taking the question. Brian, I think you mentioned the accelerating growth within AWS on new products and last year you added about 1,000. Can you just talk about maybe the plans for AWS and product growth going forward here in 2017 and the focus on innovation? Thanks", "start": 133, "labels": ["QUESTION"]}, "origin": "manual", "to_name": "text", "from_name": "label-intro"}, {"type": "labels", "value": {"end": 437, "text": "Brian T. Olsavsky", "start": 419, "labels": ["REPRESENTATIVE"]}, "origin": "manual", "to_name": "text", "from_name": "label-intro"}, {"type": "labels", "value": {"end": 1405, "text": ": Sure. Yes, we haven't updated that number, but suffice to say the innovation pace continues to accelerate. We are very proud of the launches in Q4. The Amazon Connect, which we think will provide customer service capability to customers, and Amazon Chime, which we also believe will resonate with customers. We've had a lot of adoption of our new services. We've had \u2013 customers migrated more than 23,000 data basis using the AWS Database Migration Service since that launched last year. And just generally we continue to expand geographically. We have announced additional availability zones and regions worldwide. So, again, signed a number of big customers. I guess I would point out in the quarter, Liberty Mutual, Snap and Live Nation all starting relationships with us or expanding their current relationship. We're now over a $14 billion run rate. We're happy with the business and the team, and again, for us innovation is going to be key as we move forward.", "start": 438, "labels": ["ANSWER"]}, "origin": "manual", "to_name": "text", "from_name": "label-intro"}], "was_cancelled": false, "ground_truth": true, "created_at": "2022-02-04T10:25:34.060771Z", "updated_at": "2022-02-04T10:25:34.060776Z", "lead_time": null, "prediction": {}, "result_count": 0, "task": 18340, "parent_prediction": null, "parent_annotation": null}], "data": {"year": 2017, "company": "AMZN", "my_text": "\nOperator: Thank you. Our next question comes from Ron Josey with JMP Securities. Please proceed with your question.\nRonald V. Josey: Great. Thanks for taking the question. Brian, I think you mentioned the accelerating growth within AWS on new products and last year you added about 1,000. Can you just talk about maybe the plans for AWS and product growth going forward here in 2017 and the focus on innovation? Thanks\nBrian T. Olsavsky: Sure. Yes, we haven't updated that number, but suffice to say the innovation pace continues to accelerate. We are very proud of the launches in Q4. The Amazon Connect, which we think will provide customer service capability to customers, and Amazon Chime, which we also believe will resonate with customers. We've had a lot of adoption of our new services. We've had \u2013 customers migrated more than 23,000 data basis using the AWS Database Migration Service since that launched last year. And just generally we continue to expand geographically. We have announced additional availability zones and regions worldwide. So, again, signed a number of big customers. I guess I would point out in the quarter, Liberty Mutual, Snap and Live Nation all starting relationships with us or expanding their current relationship. We're now over a $14 billion run rate. We're happy with the business and the team, and again, for us innovation is going to be key as we move forward.", "quarter": 1}}