{"id": 17304, "annotations": [{"id": 17407, "completed_by": 2, "result": [{"type": "labels", "value": {"end": 9, "text": "Operator", "start": 0, "labels": ["OPERATOR"]}, "origin": "manual", "to_name": "text", "from_name": "label-intro"}, {"type": "labels", "value": {"end": 72, "text": ": Our next question comes from Brian Nowak with Morgan Stanley.", "start": 10, "labels": ["INTRO"]}, "origin": "manual", "to_name": "text", "from_name": "label-intro"}, {"type": "labels", "value": {"end": 84, "text": "Brian Nowak", "start": 72, "labels": ["ANALYST"]}, "origin": "manual", "to_name": "text", "from_name": "label-intro"}, {"type": "labels", "value": {"end": 625, "text": ": Great. Thanks for taking my questions. I have two. The first one is on the new inter US [ph] disclosure. Can you just help us on accounting question. The AWS data center costs related to the core e-commerce business, are those being allocated to North America and International, are those being fully embedded into the AWS segment? And then a second question goes back to China. I guess any early learnings from the team of [ph] partnership and whether you have any thoughts or potentially a lower capital intensive grow strategy in China?", "start": 85, "labels": ["QUESTION"]}, "origin": "manual", "to_name": "text", "from_name": "label-intro"}, {"type": "labels", "value": {"end": 637, "text": "Tom Szkutak", "start": 625, "labels": ["REPRESENTATIVE"]}, "origin": "manual", "to_name": "text", "from_name": "label-intro"}, {"type": "labels", "value": {"end": 1029, "text": ": To answer you first question, yes, they are, the associated infrastructure cost to run our North America and International consumer business those costs, those infrastructure costs are being allocated to those segments. The second question in terms of China, its early, we're liking \u2013 certainly some of things that we're seeing there, but there is not a lot I can add to that at this stage.", "start": 638, "labels": ["ANSWER"]}, "origin": "manual", "to_name": "text", "from_name": "label-intro"}, {"type": "labels", "value": {"end": 1041, "text": "Brian Nowak", "start": 1029, "labels": ["ANALYST"]}, "origin": "manual", "to_name": "text", "from_name": "label-intro"}, {"type": "labels", "value": {"end": 1053, "text": ": Thank you.", "start": 1042, "labels": ["QUESTION"]}, "origin": "manual", "to_name": "text", "from_name": "label-intro"}], "was_cancelled": false, "ground_truth": true, "created_at": "2022-02-04T10:03:51.603769Z", "updated_at": "2022-02-04T10:03:51.603774Z", "lead_time": null, "prediction": {}, "result_count": 0, "task": 17304, "parent_prediction": null, "parent_annotation": null}], "data": {"year": 2015, "company": "AMZN", "my_text": "\nOperator: Our next question comes from Brian Nowak with Morgan Stanley.\nBrian Nowak: Great. Thanks for taking my questions. I have two. The first one is on the new inter US [ph] disclosure. Can you just help us on accounting question. The AWS data center costs related to the core e-commerce business, are those being allocated to North America and International, are those being fully embedded into the AWS segment? And then a second question goes back to China. I guess any early learnings from the team of [ph] partnership and whether you have any thoughts or potentially a lower capital intensive grow strategy in China?\nTom Szkutak: To answer you first question, yes, they are, the associated infrastructure cost to run our North America and International consumer business those costs, those infrastructure costs are being allocated to those segments. The second question in terms of China, its early, we're liking \u2013 certainly some of things that we're seeing there, but there is not a lot I can add to that at this stage.\nBrian Nowak: Thank you.", "quarter": 1}}