{"id": 17417, "annotations": [{"id": 17520, "completed_by": 2, "result": [{"type": "labels", "value": {"end": 9, "text": "Operator", "start": 0, "labels": ["OPERATOR"]}, "origin": "manual", "to_name": "text", "from_name": "label-intro"}, {"type": "labels", "value": {"end": 116, "text": ": Thank you. Your next question comes from Douglas Anmuth with JPMorgan. Please proceed with your question.", "start": 10, "labels": ["INTRO"]}, "origin": "manual", "to_name": "text", "from_name": "label-intro"}, {"type": "labels", "value": {"end": 134, "text": "Douglas T. Anmuth", "start": 116, "labels": ["ANALYST"]}, "origin": "manual", "to_name": "text", "from_name": "label-intro"}, {"type": "labels", "value": {"end": 603, "text": ": Thanks for taking the question. I wanted to talk obviously about border tax. I was hoping that you could give us some of your initial thoughts there and how you might think about some of the key considerations around a potential border tax. And then secondly, can you just talk a little bit about fulfillment centers. You mentioned the 26 fulfillment center buildout in 2016. Any color that you can give us in terms of how you're thinking about that for 2017? Thanks.", "start": 135, "labels": ["QUESTION"]}, "origin": "manual", "to_name": "text", "from_name": "label-intro"}, {"type": "labels", "value": {"end": 621, "text": "Brian T. Olsavsky", "start": 603, "labels": ["REPRESENTATIVE"]}, "origin": "manual", "to_name": "text", "from_name": "label-intro"}, {"type": "labels", "value": {"end": 1535, "text": ": Sure. On the first one, we have a long-standing practice of not commenting on regulatory or tax matter. So I'm not going to comment on any proposed issues out there. We certainly keep an eye on external issues and weigh in when we think it's going to impact our business. But, your \u2013 sorry. Your second question was on FCs. We will continue to invest in FCs. The comparable I'll give you is that I won't forecast 2017, but the 20% growth in square footage that we saw in 2015 was followed by 30% square footage increase in 2016. That generally went to service that 40% growth in units, in AFN units. It also included some of the additional logistics delivery stations and all, too. So it's not all FC capacity, that's square footage. But I would say that we are going to continue to invest in fulfillment centers as long as our AFN growth rate maintains high, and we certainly want to keep that high and growing.", "start": 622, "labels": ["ANSWER"]}, "origin": "manual", "to_name": "text", "from_name": "label-intro"}], "was_cancelled": false, "ground_truth": true, "created_at": "2022-02-04T10:03:51.612222Z", "updated_at": "2022-02-04T10:03:51.612227Z", "lead_time": null, "prediction": {}, "result_count": 0, "task": 17417, "parent_prediction": null, "parent_annotation": null}], "data": {"year": 2016, "company": "AMZN", "my_text": "\nOperator: Thank you. Your next question comes from Douglas Anmuth with JPMorgan. Please proceed with your question.\nDouglas T. Anmuth: Thanks for taking the question. I wanted to talk obviously about border tax. I was hoping that you could give us some of your initial thoughts there and how you might think about some of the key considerations around a potential border tax. And then secondly, can you just talk a little bit about fulfillment centers. You mentioned the 26 fulfillment center buildout in 2016. Any color that you can give us in terms of how you're thinking about that for 2017? Thanks.\nBrian T. Olsavsky: Sure. On the first one, we have a long-standing practice of not commenting on regulatory or tax matter. So I'm not going to comment on any proposed issues out there. We certainly keep an eye on external issues and weigh in when we think it's going to impact our business. But, your \u2013 sorry. Your second question was on FCs. We will continue to invest in FCs. The comparable I'll give you is that I won't forecast 2017, but the 20% growth in square footage that we saw in 2015 was followed by 30% square footage increase in 2016. That generally went to service that 40% growth in units, in AFN units. It also included some of the additional logistics delivery stations and all, too. So it's not all FC capacity, that's square footage. But I would say that we are going to continue to invest in fulfillment centers as long as our AFN growth rate maintains high, and we certainly want to keep that high and growing.", "quarter": 4}}