{"id": 17224, "annotations": [{"id": 17327, "completed_by": 2, "result": [{"id": "q0hC75ojQ0", "type": "labels", "value": {"end": 9, "text": "Operator", "start": 0, "labels": ["OPERATOR"]}, "origin": "manual", "to_name": "text", "from_name": "label-intro"}, {"id": "MfKEOCL8yd", "type": "labels", "value": {"end": 80, "text": " Your next question is from Eric Sheridan with UBS. Your line is open.", "start": 10, "labels": ["INTRO"]}, "origin": "manual", "to_name": "text", "from_name": "label-intro"}, {"id": "9HOmf4TLEZ", "type": "labels", "value": {"end": 97, "text": "Eric J. Sheridan", "start": 80, "labels": ["ANALYST"]}, "origin": "manual", "to_name": "text", "from_name": "label-intro"}, {"id": "6pobKyUk5B", "type": "labels", "value": {"end": 496, "text": " Thanks for taking the questions. I wonder if I could get an update on the e-commerce initiatives including the partnership with Shopify and how we should be thinking longer term about e-commerce becoming a bigger and bigger part of the platform. Sheryl, you called out Priceline.com and the booking relationship during your prepared remarks. Just curious how far that might go longer term. Thanks.", "start": 98, "labels": ["QUESTION"]}, "origin": "manual", "to_name": "text", "from_name": "label-intro"}, {"id": "7tJ2BIthb1", "type": "labels", "value": {"end": 515, "text": "Sheryl K. Sandberg", "start": 496, "labels": ["REPRESENTATIVE"]}, "origin": "manual", "to_name": "text", "from_name": "label-intro"}, {"id": "jzic1AZYxw", "type": "labels", "value": {"end": 1136, "text": " So e-commerce is one of our top categories of advertisers, and we are already driving a lot of product sales through Facebook but importantly, our e-commerce initiatives are really about connecting consumers with marketers so that they can buy from companies. They're not buying through us. We are testing a buy button in the new shop section on pages, but again, that buy button is letting people buy directly from their advertisers, not from us. It's pretty early days. We're excited by what we see in the e-commerce vertical and we're going to continue to invest in growing that vertical as part of our ads business.", "start": 516, "labels": ["ANSWER"]}, "origin": "manual", "to_name": "text", "from_name": "label-intro"}, {"id": "5Wnx618BFg", "type": "labels", "value": {"end": 1153, "text": "Deborah Crawford", "start": 1136, "labels": ["REPRESENTATIVE"]}, "origin": "manual", "to_name": "text", "from_name": "label-intro"}, {"id": "e_kaemiVDE", "type": "labels", "value": {"end": 1206, "text": " Okay. Operator, we have time for one last question.", "start": 1154, "labels": ["ANSWER"]}, "origin": "manual", "to_name": "text", "from_name": "label-intro"}], "was_cancelled": false, "ground_truth": true, "created_at": "2022-02-04T10:03:51.597472Z", "updated_at": "2022-04-07T18:59:24.928684Z", "lead_time": 187408.364, "prediction": {}, "result_count": 0, "task": 17224, "parent_prediction": null, "parent_annotation": null}], "data": {"year": 2015, "company": "FB", "my_text": "\nOperator: Your next question is from Eric Sheridan with UBS. Your line is open.\nEric J. Sheridan: Thanks for taking the questions. I wonder if I could get an update on the e-commerce initiatives including the partnership with Shopify and how we should be thinking longer term about e-commerce becoming a bigger and bigger part of the platform. Sheryl, you called out Priceline.com and the booking relationship during your prepared remarks. Just curious how far that might go longer term. Thanks.\nSheryl K. Sandberg: So e-commerce is one of our top categories of advertisers, and we are already driving a lot of product sales through Facebook but importantly, our e-commerce initiatives are really about connecting consumers with marketers so that they can buy from companies. They're not buying through us. We are testing a buy button in the new shop section on pages, but again, that buy button is letting people buy directly from their advertisers, not from us. It's pretty early days. We're excited by what we see in the e-commerce vertical and we're going to continue to invest in growing that vertical as part of our ads business.\nDeborah Crawford: Okay. Operator, we have time for one last question.", "quarter": 2}}