{"id": 17739, "annotations": [{"id": 17842, "completed_by": 2, "result": [{"type": "labels", "value": {"end": 9, "text": "Operator", "start": 0, "labels": ["OPERATOR"]}, "origin": "manual", "to_name": "text", "from_name": "label-intro"}, {"type": "labels", "value": {"end": 63, "text": ": Your next question comes from Mark Mahaney from RBC.", "start": 10, "labels": ["INTRO"]}, "origin": "manual", "to_name": "text", "from_name": "label-intro"}, {"type": "labels", "value": {"end": 76, "text": "Mark Mahaney", "start": 63, "labels": ["ANALYST"]}, "origin": "manual", "to_name": "text", "from_name": "label-intro"}, {"type": "labels", "value": {"end": 849, "text": ": Thanks. I just wanted to focus on WhatsApp and I know you\u2019ve had WhatsApp payments in beta in India, you launched that last year. Could you just talk about the \u2013 if there are any particular factors that are causing a delay in that and maybe just takes a long time for a product like that to really gain traction, but is it consumer awareness of it is it regulatory push back is their technical hurdles and what does that tell you about the and maybe nothing, but what does that tell you about the ability to take that WhatsApp monetization or payments functionality embedded with WhatsApp and launched it in other markets. I said, I know you said you\u2019re going to launch in other countries, but what are the lessons from India tell you about the pacing of that? Thank you.", "start": 77, "labels": ["QUESTION"]}, "origin": "manual", "to_name": "text", "from_name": "label-intro"}, {"type": "labels", "value": {"end": 865, "text": "Mark Zuckerberg", "start": 849, "labels": ["REPRESENTATIVE"]}, "origin": "manual", "to_name": "text", "from_name": "label-intro"}, {"type": "labels", "value": {"end": 1672, "text": ": So it\u2019s a regulatory approval question in India at this point and we had a license to roll it out as part of an initial test, the test went better than we even expected it would. I mean for a product that you would expect to need to be widely available to be useful, right, in order to \u2013 for someone to know that they can send money to someone else. Even a limited test the feedback was very positive. So, I\u2019m quite confident that when we can roll this out broadly it\u2019s going to be meaningfully valuable to the user experience. We\u2019re also working beyond India, in a number of other countries and hope to have this rolled out to a large percentage of the people who use WhatsApp within the next year. So that\u2019s the goal, we\u2019re pushing forward on all of these issues and should have more to talk about soon.", "start": 866, "labels": ["ANSWER"]}, "origin": "manual", "to_name": "text", "from_name": "label-intro"}], "was_cancelled": false, "ground_truth": true, "created_at": "2022-02-04T10:25:34.012679Z", "updated_at": "2022-02-04T10:25:34.012684Z", "lead_time": null, "prediction": {}, "result_count": 0, "task": 17739, "parent_prediction": null, "parent_annotation": null}], "data": {"year": 2019, "company": "FB", "my_text": "\nOperator: Your next question comes from Mark Mahaney from RBC.\nMark Mahaney: Thanks. I just wanted to focus on WhatsApp and I know you\u2019ve had WhatsApp payments in beta in India, you launched that last year. Could you just talk about the \u2013 if there are any particular factors that are causing a delay in that and maybe just takes a long time for a product like that to really gain traction, but is it consumer awareness of it is it regulatory push back is their technical hurdles and what does that tell you about the and maybe nothing, but what does that tell you about the ability to take that WhatsApp monetization or payments functionality embedded with WhatsApp and launched it in other markets. I said, I know you said you\u2019re going to launch in other countries, but what are the lessons from India tell you about the pacing of that? Thank you.\nMark Zuckerberg: So it\u2019s a regulatory approval question in India at this point and we had a license to roll it out as part of an initial test, the test went better than we even expected it would. I mean for a product that you would expect to need to be widely available to be useful, right, in order to \u2013 for someone to know that they can send money to someone else. Even a limited test the feedback was very positive. So, I\u2019m quite confident that when we can roll this out broadly it\u2019s going to be meaningfully valuable to the user experience. We\u2019re also working beyond India, in a number of other countries and hope to have this rolled out to a large percentage of the people who use WhatsApp within the next year. So that\u2019s the goal, we\u2019re pushing forward on all of these issues and should have more to talk about soon.", "quarter": 2}}