{"id": 17666, "annotations": [{"id": 17769, "completed_by": 2, "result": [{"type": "labels", "value": {"end": 9, "text": "Operator", "start": 0, "labels": ["OPERATOR"]}, "origin": "manual", "to_name": "text", "from_name": "label-intro"}, {"type": "labels", "value": {"end": 72, "text": ": Your next question comes from the line of Mark May with Citi.", "start": 10, "labels": ["INTRO"]}, "origin": "manual", "to_name": "text", "from_name": "label-intro"}, {"type": "labels", "value": {"end": 84, "text": "Mark A. May", "start": 72, "labels": ["ANALYST"]}, "origin": "manual", "to_name": "text", "from_name": "label-intro"}, {"type": "labels", "value": {"end": 867, "text": ": Thank you. This question's probably aimed at Dave. You commented that you do not expect any significant, maybe some impact from the implementation of GDPR, yet you also voiced some uncertainty there. I guess the question is what gives you confidence in coming out now and saying that you expect no significant impact on the ad business, maybe some? And then maybe more for Mark, there have been some recent reports that imply that even some seemingly simple things that Facebook may not be proactively identifying or addressing have come up and I guess the question is, is it that it's not as simple as it may seem, or is it that these reports aren't accurate, this just has to do with some of the sensitive data like social security information being showing up online? Thank you.", "start": 85, "labels": ["QUESTION"]}, "origin": "manual", "to_name": "text", "from_name": "label-intro"}, {"type": "labels", "value": {"end": 883, "text": "David M. Wehner", "start": 867, "labels": ["REPRESENTATIVE"]}, "origin": "manual", "to_name": "text", "from_name": "label-intro"}, {"type": "labels", "value": {"end": 1960, "text": ": Hey, Mark. It's Dave. So on GDPR, I think fundamentally we believe we can continue to build a great ads business while protecting the privacy of the people who use Facebook. As part of the rollout of GDPR, we're providing a lot of control to people around their ad settings and we're committed, as Sheryl and Mark mentioned, to providing those same controls worldwide. And while we don't expect these changes will significantly impact advertising revenue, there's certainly potential for some impact. Any change of the ability for us and our advertisers to use data can impact our optimization potential at the margin, which could impact our ability to drive price improvements in the long run. So we'll just have to watch how that plays out over time. I think it's important to note that GDPR is affecting the entire online advertising industry. And so what's really most important in winning budgets is our relative performance versus other opportunities presented to marketers. And that's why it will be important to watch kind of how this plays out at the industry level.", "start": 884, "labels": ["ANSWER"]}, "origin": "manual", "to_name": "text", "from_name": "label-intro"}, {"type": "labels", "value": {"end": 1981, "text": "Sheryl Kara Sandberg", "start": 1960, "labels": ["REPRESENTATIVE"]}, "origin": "manual", "to_name": "text", "from_name": "label-intro"}, {"type": "labels", "value": {"end": 2423, "text": ": On the social security information, social security is not an input people put into Facebook and posts containing information like social security numbers or credit cards are not allowed on our site and we remove them as soon as we become aware of it. So we're continually working to improve these efforts and we encourage our community to report anything like this that they see, but that's not data that Facebook is collecting in any way.", "start": 1982, "labels": ["ANSWER"]}, "origin": "manual", "to_name": "text", "from_name": "label-intro"}], "was_cancelled": false, "ground_truth": true, "created_at": "2022-02-04T10:25:34.006908Z", "updated_at": "2022-02-04T10:25:34.006913Z", "lead_time": null, "prediction": {}, "result_count": 0, "task": 17666, "parent_prediction": null, "parent_annotation": null}], "data": {"year": 2018, "company": "FB", "my_text": "\nOperator: Your next question comes from the line of Mark May with Citi.\nMark A. May: Thank you. This question's probably aimed at Dave. You commented that you do not expect any significant, maybe some impact from the implementation of GDPR, yet you also voiced some uncertainty there. I guess the question is what gives you confidence in coming out now and saying that you expect no significant impact on the ad business, maybe some? And then maybe more for Mark, there have been some recent reports that imply that even some seemingly simple things that Facebook may not be proactively identifying or addressing have come up and I guess the question is, is it that it's not as simple as it may seem, or is it that these reports aren't accurate, this just has to do with some of the sensitive data like social security information being showing up online? Thank you.\nDavid M. Wehner: Hey, Mark. It's Dave. So on GDPR, I think fundamentally we believe we can continue to build a great ads business while protecting the privacy of the people who use Facebook. As part of the rollout of GDPR, we're providing a lot of control to people around their ad settings and we're committed, as Sheryl and Mark mentioned, to providing those same controls worldwide. And while we don't expect these changes will significantly impact advertising revenue, there's certainly potential for some impact. Any change of the ability for us and our advertisers to use data can impact our optimization potential at the margin, which could impact our ability to drive price improvements in the long run. So we'll just have to watch how that plays out over time. I think it's important to note that GDPR is affecting the entire online advertising industry. And so what's really most important in winning budgets is our relative performance versus other opportunities presented to marketers. And that's why it will be important to watch kind of how this plays out at the industry level.\nSheryl Kara Sandberg: On the social security information, social security is not an input people put into Facebook and posts containing information like social security numbers or credit cards are not allowed on our site and we remove them as soon as we become aware of it. So we're continually working to improve these efforts and we encourage our community to report anything like this that they see, but that's not data that Facebook is collecting in any way.", "quarter": 1}}