{"id": 17742, "annotations": [{"id": 17845, "completed_by": 2, "result": [{"type": "labels", "value": {"end": 9, "text": "Operator", "start": 0, "labels": ["OPERATOR"]}, "origin": "manual", "to_name": "text", "from_name": "label-intro"}, {"type": "labels", "value": {"end": 68, "text": ": Your next question comes from Colin Sebastian from Baird.", "start": 10, "labels": ["INTRO"]}, "origin": "manual", "to_name": "text", "from_name": "label-intro"}, {"type": "labels", "value": {"end": 84, "text": "Colin Sebastian", "start": 68, "labels": ["ANALYST"]}, "origin": "manual", "to_name": "text", "from_name": "label-intro"}, {"type": "labels", "value": {"end": 490, "text": ": Great, thanks. A couple from me. First off, any update on the higher profile for groups in the Facebook app and any perspective on how that\u2019s impacting engagements. And then Mark, the five-year timeline for the privacy focused vision. I guess, I wonder if we get a better sense for what the key milestones are along the way and why that\u2019s a five-year outlook perhaps versus the shorter period? Thank you.", "start": 85, "labels": ["QUESTION"]}, "origin": "manual", "to_name": "text", "from_name": "label-intro"}, {"type": "labels", "value": {"end": 506, "text": "Mark Zuckerberg", "start": 490, "labels": ["REPRESENTATIVE"]}, "origin": "manual", "to_name": "text", "from_name": "label-intro"}, {"type": "labels", "value": {"end": 1386, "text": ": Yes, I could take both of those. So in the Facebook app overall after helping people connect with friends and family, helping people connected with communities is the next most important social problem that we believe we can help address and that\u2019s just going to be an area of increasing value in the product. That is going well since we started rolling that out after F8, I think Dave may have mentioned this earlier, but in case you didn\u2019t just to emphasize this point I think part of the \u2013 our strong performance over the first half of this year, a meaningful part of our overperformance compared to what we had expected is because of strength and engagement in the Facebook app over that period. So that\u2019s \u2013 it\u2019s generally going well overall and we\u2019re very optimistic about communities in particular going forward is one of the drivers of that. What was the second question?", "start": 507, "labels": ["ANSWER"]}, "origin": "manual", "to_name": "text", "from_name": "label-intro"}, {"type": "labels", "value": {"end": 1398, "text": "Dave Wehner", "start": 1386, "labels": ["REPRESENTATIVE"]}, "origin": "manual", "to_name": "text", "from_name": "label-intro"}, {"type": "labels", "value": {"end": 1414, "text": ": The five-year.", "start": 1399, "labels": ["ANSWER"]}, "origin": "manual", "to_name": "text", "from_name": "label-intro"}, {"type": "labels", "value": {"end": 1430, "text": "Mark Zuckerberg", "start": 1414, "labels": ["REPRESENTATIVE"]}, "origin": "manual", "to_name": "text", "from_name": "label-intro"}, {"type": "labels", "value": {"end": 2858, "text": ": Right, okay. So on that\u2019s on the privacy vision. So for the next year to two a lot of the work that we need to do is just about getting the architecture right. Right so establishing, we have to rewrite the networks on Messenger and on Instagram to be more client and server oriented to be end-to-end encrypted. We\u2019re working on interoperability, that people will be able to choose to use between the services. These are pretty big technical projects. We want to make it so that the infrastructure that these services are built on is the most secure and most reliable and fastest and most widely available of any of the major messaging platforms out there, we think that that\u2019s the foundation to build a successful private platform on. Then we need to do things like what we\u2019re doing with WhatsApp business, which is building up the business ecosystem and that\u2019s just something that our playbook on this but this is a multiyear journey where first we deliver the consumer product experience, then we create organic business experiences and then only as the last step, are we really able to ramp up having business that pay for things that are meaningful for them within that. So it\u2019s not that you\u2019re not going to see progress on that along the way, you\u2019ll certainly see milestones every six months or 12 months. But before this is really the biggest driver of our business, I do think that that\u2019s going to be a number of years.", "start": 1431, "labels": ["ANSWER"]}, "origin": "manual", "to_name": "text", "from_name": "label-intro"}, {"type": "labels", "value": {"end": 2875, "text": "Deborah Crawford", "start": 2858, "labels": ["REPRESENTATIVE"]}, "origin": "manual", "to_name": "text", "from_name": "label-intro"}, {"type": "labels", "value": {"end": 2929, "text": ": Great. Operator, we have time for one last question.", "start": 2876, "labels": ["ANSWER"]}, "origin": "manual", "to_name": "text", "from_name": "label-intro"}], "was_cancelled": false, "ground_truth": true, "created_at": "2022-02-04T10:25:34.012956Z", "updated_at": "2022-02-04T10:25:34.012961Z", "lead_time": null, "prediction": {}, "result_count": 0, "task": 17742, "parent_prediction": null, "parent_annotation": null}], "data": {"year": 2019, "company": "FB", "my_text": "\nOperator: Your next question comes from Colin Sebastian from Baird.\nColin Sebastian: Great, thanks. A couple from me. First off, any update on the higher profile for groups in the Facebook app and any perspective on how that\u2019s impacting engagements. And then Mark, the five-year timeline for the privacy focused vision. I guess, I wonder if we get a better sense for what the key milestones are along the way and why that\u2019s a five-year outlook perhaps versus the shorter period? Thank you.\nMark Zuckerberg: Yes, I could take both of those. So in the Facebook app overall after helping people connect with friends and family, helping people connected with communities is the next most important social problem that we believe we can help address and that\u2019s just going to be an area of increasing value in the product. That is going well since we started rolling that out after F8, I think Dave may have mentioned this earlier, but in case you didn\u2019t just to emphasize this point I think part of the \u2013 our strong performance over the first half of this year, a meaningful part of our overperformance compared to what we had expected is because of strength and engagement in the Facebook app over that period. So that\u2019s \u2013 it\u2019s generally going well overall and we\u2019re very optimistic about communities in particular going forward is one of the drivers of that. What was the second question?\nDave Wehner: The five-year.\nMark Zuckerberg: Right, okay. So on that\u2019s on the privacy vision. So for the next year to two a lot of the work that we need to do is just about getting the architecture right. Right so establishing, we have to rewrite the networks on Messenger and on Instagram to be more client and server oriented to be end-to-end encrypted. We\u2019re working on interoperability, that people will be able to choose to use between the services. These are pretty big technical projects. We want to make it so that the infrastructure that these services are built on is the most secure and most reliable and fastest and most widely available of any of the major messaging platforms out there, we think that that\u2019s the foundation to build a successful private platform on. Then we need to do things like what we\u2019re doing with WhatsApp business, which is building up the business ecosystem and that\u2019s just something that our playbook on this but this is a multiyear journey where first we deliver the consumer product experience, then we create organic business experiences and then only as the last step, are we really able to ramp up having business that pay for things that are meaningful for them within that. So it\u2019s not that you\u2019re not going to see progress on that along the way, you\u2019ll certainly see milestones every six months or 12 months. But before this is really the biggest driver of our business, I do think that that\u2019s going to be a number of years.\nDeborah Crawford: Great. Operator, we have time for one last question.", "quarter": 2}}