{"id": 17730, "annotations": [{"id": 17833, "completed_by": 2, "result": [{"type": "labels", "value": {"end": 9, "text": "Operator", "start": 0, "labels": ["OPERATOR"]}, "origin": "manual", "to_name": "text", "from_name": "label-intro"}, {"type": "labels", "value": {"end": 69, "text": ": The last question comes from Youssef Squali from SunTrust.", "start": 10, "labels": ["INTRO"]}, "origin": "manual", "to_name": "text", "from_name": "label-intro"}, {"type": "labels", "value": {"end": 84, "text": "Youssef Squali", "start": 69, "labels": ["ANALYST"]}, "origin": "manual", "to_name": "text", "from_name": "label-intro"}, {"type": "labels", "value": {"end": 484, "text": ": Great. Thank you very much. I actually just have one question around regulation. Mark, you\u2019ve been obviously pushing for clearer rules of the road for you and for the other companies to play by. What have been the feedback so far from regulators? How long do you think it\u2019ll take to come to some sort of resolution, especially considering that we\u2019re going into this two-year election cycle? Thanks.", "start": 85, "labels": ["QUESTION"]}, "origin": "manual", "to_name": "text", "from_name": "label-intro"}, {"type": "labels", "value": {"end": 500, "text": "Mark Zuckerberg", "start": 484, "labels": ["REPRESENTATIVE"]}, "origin": "manual", "to_name": "text", "from_name": "label-intro"}, {"type": "labels", "value": {"end": 1513, "text": ": Well, one of the things that I\u2019ve been focused on is trying to help develop global frameworks where possible, but the challenge of course, with that is that except in a limited number of cases, regulation typically isn\u2019t global; it\u2019s national. So, I would expect that we\u2019ll see different countries make progress on different timeframes. I had a recent trip, where I was in Berlin and Dublin, talking to a bunch of folks, who are policymakers or academics out there. And certainly, I think people are thinking about all of these issues. And certainly, Europe has led on areas like privacy regulation with GDPR, and is probably further along in thinking about how to think through issues around content regulation and safety as well. I think we\u2019ll see different paces of people doing things in different countries around the world, but a lot of what we hope that we can \u2013 that we can contribute to this discussion is as much as possible have shared frameworks for how the industry should operate around the world.", "start": 501, "labels": ["ANSWER"]}, "origin": "manual", "to_name": "text", "from_name": "label-intro"}, {"type": "labels", "value": {"end": 1530, "text": "Deborah Crawford", "start": 1513, "labels": ["REPRESENTATIVE"]}, "origin": "manual", "to_name": "text", "from_name": "label-intro"}, {"type": "labels", "value": {"end": 1657, "text": ": Great, thank you. And thank you for joining us today, we appreciate your time and we look forward to speaking with you again.", "start": 1531, "labels": ["ANSWER"]}, "origin": "manual", "to_name": "text", "from_name": "label-intro"}], "was_cancelled": false, "ground_truth": true, "created_at": "2022-02-04T10:25:34.011981Z", "updated_at": "2022-02-04T10:25:34.011987Z", "lead_time": null, "prediction": {}, "result_count": 0, "task": 17730, "parent_prediction": null, "parent_annotation": null}], "data": {"year": 2019, "company": "FB", "my_text": "\nOperator: The last question comes from Youssef Squali from SunTrust.\nYoussef Squali: Great. Thank you very much. I actually just have one question around regulation. Mark, you\u2019ve been obviously pushing for clearer rules of the road for you and for the other companies to play by. What have been the feedback so far from regulators? How long do you think it\u2019ll take to come to some sort of resolution, especially considering that we\u2019re going into this two-year election cycle? Thanks.\nMark Zuckerberg: Well, one of the things that I\u2019ve been focused on is trying to help develop global frameworks where possible, but the challenge of course, with that is that except in a limited number of cases, regulation typically isn\u2019t global; it\u2019s national. So, I would expect that we\u2019ll see different countries make progress on different timeframes. I had a recent trip, where I was in Berlin and Dublin, talking to a bunch of folks, who are policymakers or academics out there. And certainly, I think people are thinking about all of these issues. And certainly, Europe has led on areas like privacy regulation with GDPR, and is probably further along in thinking about how to think through issues around content regulation and safety as well. I think we\u2019ll see different paces of people doing things in different countries around the world, but a lot of what we hope that we can \u2013 that we can contribute to this discussion is as much as possible have shared frameworks for how the industry should operate around the world.\nDeborah Crawford: Great, thank you. And thank you for joining us today, we appreciate your time and we look forward to speaking with you again.", "quarter": 1}}