{"id": 17209, "annotations": [{"id": 17312, "completed_by": 2, "result": [{"type": "labels", "value": {"end": 9, "text": "Operator", "start": 0, "labels": ["OPERATOR"]}, "origin": "manual", "to_name": "text", "from_name": "label-intro"}, {"type": "labels", "value": {"end": 99, "text": ": Your next question is from Peter Stabler with Wells Fargo Securities. Your line is open.", "start": 10, "labels": ["INTRO"]}, "origin": "manual", "to_name": "text", "from_name": "label-intro"}, {"type": "labels", "value": {"end": 116, "text": "Peter C. Stabler", "start": 99, "labels": ["ANALYST"]}, "origin": "manual", "to_name": "text", "from_name": "label-intro"}, {"type": "labels", "value": {"end": 648, "text": ": Good afternoon. Thanks. Dave, I just wanted to return to, I think, Justin's question about the drivers behind ad growth. You mentioned gains made in relevance and quality and format. Wondering if you could provide any quantitative color around ad engagement trends, clicks, shares, likes or anything like that? And then secondly, one quickly for Sheryl. In your SMB discussions, wondering if you're ever asked to help facilitate transactions in that space? Or that's an area of small business that you're interested in? Thank you.", "start": 117, "labels": ["QUESTION"]}, "origin": "manual", "to_name": "text", "from_name": "label-intro"}, {"type": "labels", "value": {"end": 664, "text": "David M. Wehner", "start": 648, "labels": ["REPRESENTATIVE"]}, "origin": "manual", "to_name": "text", "from_name": "label-intro"}, {"type": "labels", "value": {"end": 1545, "text": ": Yeah. So, Peter, just on the \u2013 on ads engagement, that's an area that we've obviously been very focused on, and we're really pleased with the results that we're seeing there in terms of driving better engagement per ad, and that's really the focus of a lot of our quality and relevance efforts. How do we find those ads that are going to be more engaging, they're going to get more clicks, that they're going to get more views, that are going to get more installs. We're working on focusing on all of those, on optimizing the relevance of the ads for all of those different potential actions that happen downstream and we're pleased with what we're doing there and the trends that we're seeing there. And, again, that's a big part of what we're trying to do to drive the overall ads growth story, as well as providing a good experience for users with the ads that they're seeing.", "start": 665, "labels": ["ANSWER"]}, "origin": "manual", "to_name": "text", "from_name": "label-intro"}, {"type": "labels", "value": {"end": 1564, "text": "Sheryl K. Sandberg", "start": 1545, "labels": ["REPRESENTATIVE"]}, "origin": "manual", "to_name": "text", "from_name": "label-intro"}, {"type": "labels", "value": {"end": 2230, "text": ": On SMBs, we have a very small test in the U.S. We started last quarter for buy-on Facebook, and that enables people to buy products from merchants with a buy button on Pages, and it is a product that is used and aimed at SMBs. We're also very focused on helping SMBs have a presence, especially a mobile presence. 35% of SMBs in the United States, which is probably ahead of most other countries, don't have a web presence at all, and an even smaller percentage of SMBs have a mobile web presence or any kind of mobile presence that works. And so Pages are a good and free and easy way to have a mobile presence, and that's something we're very focused on growing.", "start": 1565, "labels": ["ANSWER"]}, "origin": "manual", "to_name": "text", "from_name": "label-intro"}, {"type": "labels", "value": {"end": 2247, "text": "Deborah Crawford", "start": 2230, "labels": ["REPRESENTATIVE"]}, "origin": "manual", "to_name": "text", "from_name": "label-intro"}, {"type": "labels", "value": {"end": 2294, "text": ": Operator, we have time for one last question.", "start": 2248, "labels": ["ANSWER"]}, "origin": "manual", "to_name": "text", "from_name": "label-intro"}], "was_cancelled": false, "ground_truth": true, "created_at": "2022-02-04T10:03:51.596300Z", "updated_at": "2022-02-04T10:03:51.596306Z", "lead_time": null, "prediction": {}, "result_count": 0, "task": 17209, "parent_prediction": null, "parent_annotation": null}], "data": {"year": 2015, "company": "FB", "my_text": "\nOperator: Your next question is from Peter Stabler with Wells Fargo Securities. Your line is open.\nPeter C. Stabler: Good afternoon. Thanks. Dave, I just wanted to return to, I think, Justin's question about the drivers behind ad growth. You mentioned gains made in relevance and quality and format. Wondering if you could provide any quantitative color around ad engagement trends, clicks, shares, likes or anything like that? And then secondly, one quickly for Sheryl. In your SMB discussions, wondering if you're ever asked to help facilitate transactions in that space? Or that's an area of small business that you're interested in? Thank you.\nDavid M. Wehner: Yeah. So, Peter, just on the \u2013 on ads engagement, that's an area that we've obviously been very focused on, and we're really pleased with the results that we're seeing there in terms of driving better engagement per ad, and that's really the focus of a lot of our quality and relevance efforts. How do we find those ads that are going to be more engaging, they're going to get more clicks, that they're going to get more views, that are going to get more installs. We're working on focusing on all of those, on optimizing the relevance of the ads for all of those different potential actions that happen downstream and we're pleased with what we're doing there and the trends that we're seeing there. And, again, that's a big part of what we're trying to do to drive the overall ads growth story, as well as providing a good experience for users with the ads that they're seeing.\nSheryl K. Sandberg: On SMBs, we have a very small test in the U.S. We started last quarter for buy-on Facebook, and that enables people to buy products from merchants with a buy button on Pages, and it is a product that is used and aimed at SMBs. We're also very focused on helping SMBs have a presence, especially a mobile presence. 35% of SMBs in the United States, which is probably ahead of most other countries, don't have a web presence at all, and an even smaller percentage of SMBs have a mobile web presence or any kind of mobile presence that works. And so Pages are a good and free and easy way to have a mobile presence, and that's something we're very focused on growing.\nDeborah Crawford: Operator, we have time for one last question.", "quarter": 1}}