{"id": 17735, "annotations": [{"id": 17838, "completed_by": 2, "result": [{"type": "labels", "value": {"end": 9, "text": "Operator", "start": 0, "labels": ["OPERATOR"]}, "origin": "manual", "to_name": "text", "from_name": "label-intro"}, {"type": "labels", "value": {"end": 75, "text": ": Your next question comes from Lloyd Walmsley from Deutsche Bank.", "start": 10, "labels": ["INTRO"]}, "origin": "manual", "to_name": "text", "from_name": "label-intro"}, {"type": "labels", "value": {"end": 90, "text": "Lloyd Walmsley", "start": 75, "labels": ["ANALYST"]}, "origin": "manual", "to_name": "text", "from_name": "label-intro"}, {"type": "labels", "value": {"end": 549, "text": ": Thanks. Two if I can. First, can you just talk to us about early learnings from the test of Instagram checkout and what some of the key hurdles are to kind of scaling that more broadly? And then secondly, on OpEx, it looked like you saw a fairly meaningful step up from Q1 to Q2 despite fairly limited head count growth. So, just wondering if there\u2019s anything you would point to there that might explain why those are diverging a little bit in that quarter?", "start": 91, "labels": ["QUESTION"]}, "origin": "manual", "to_name": "text", "from_name": "label-intro"}, {"type": "labels", "value": {"end": 565, "text": "Sheryl Sandberg", "start": 549, "labels": ["REPRESENTATIVE"]}, "origin": "manual", "to_name": "text", "from_name": "label-intro"}, {"type": "labels", "value": {"end": 2029, "text": ": I\u2019ll talk about checkouts. So checkout is in, we talk a lot on this call about early stage things, this is earlier than that. We are in a very small closed beta with 23 brands, which for Facebook is about small as something could be. On \u2013 obviously, as I said, small, but there is working with the brands, we\u2019re pretty excited by their feedback. We\u2019re not in a rush to scale this quickly. We\u2019re always focused on the consumer experience and we want to make sure we really get this right. I think the way to think about checkout is kind of in a larger picture of what we\u2019re trying to do in terms of commerce and shopping on our services and apps across the board, which is, we obviously have a lot of consumer engagement in our products and that\u2019s great. We obviously have felt some good and robust ad tools that are helping us grow our business quarter-after-quarter. If we can help people close the loop a little more, so they are looking more directly products, that makes our ads more valuable. If we can help people check out and pay for the products and even buy the products, it makes the consumer experience better. It also closes the loop on the data and measurement, we\u2019re going to need going forward. So, we\u2019re excited about these efforts for doing a lot across the board. All of them are in their early stages and we think about this primarily from a consumer and closing the loop point of view more than a monetization in and of itself point of view.", "start": 566, "labels": ["ANSWER"]}, "origin": "manual", "to_name": "text", "from_name": "label-intro"}, {"type": "labels", "value": {"end": 2041, "text": "Dave Wehner", "start": 2029, "labels": ["REPRESENTATIVE"]}, "origin": "manual", "to_name": "text", "from_name": "label-intro"}, {"type": "labels", "value": {"end": 2648, "text": ": And then Lloyd, you were asking about the step-up on the cost side in Q2 versus Q1. A couple of things that I\u2019d point to the cost of revenue was up 49% in Q2, and that\u2019s really the flow-through of depreciation that you\u2019re seeing from the big CapEx build cycle that we\u2019ve been in and that\u2019s starting to flow through in the cost profile of the business. And then if you look at the G&A line, obviously that was impacted by the accrual for the FTC settlement as well as some other legal expenses including the SEC settlement. So, you had some G&A expenses that were higher in the quarter as a result of that.", "start": 2042, "labels": ["ANSWER"]}, "origin": "manual", "to_name": "text", "from_name": "label-intro"}], "was_cancelled": false, "ground_truth": true, "created_at": "2022-02-04T10:25:34.012362Z", "updated_at": "2022-02-04T10:25:34.012367Z", "lead_time": null, "prediction": {}, "result_count": 0, "task": 17735, "parent_prediction": null, "parent_annotation": null}], "data": {"year": 2019, "company": "FB", "my_text": "\nOperator: Your next question comes from Lloyd Walmsley from Deutsche Bank.\nLloyd Walmsley: Thanks. Two if I can. First, can you just talk to us about early learnings from the test of Instagram checkout and what some of the key hurdles are to kind of scaling that more broadly? And then secondly, on OpEx, it looked like you saw a fairly meaningful step up from Q1 to Q2 despite fairly limited head count growth. So, just wondering if there\u2019s anything you would point to there that might explain why those are diverging a little bit in that quarter?\nSheryl Sandberg: I\u2019ll talk about checkouts. So checkout is in, we talk a lot on this call about early stage things, this is earlier than that. We are in a very small closed beta with 23 brands, which for Facebook is about small as something could be. On \u2013 obviously, as I said, small, but there is working with the brands, we\u2019re pretty excited by their feedback. We\u2019re not in a rush to scale this quickly. We\u2019re always focused on the consumer experience and we want to make sure we really get this right. I think the way to think about checkout is kind of in a larger picture of what we\u2019re trying to do in terms of commerce and shopping on our services and apps across the board, which is, we obviously have a lot of consumer engagement in our products and that\u2019s great. We obviously have felt some good and robust ad tools that are helping us grow our business quarter-after-quarter. If we can help people close the loop a little more, so they are looking more directly products, that makes our ads more valuable. If we can help people check out and pay for the products and even buy the products, it makes the consumer experience better. It also closes the loop on the data and measurement, we\u2019re going to need going forward. So, we\u2019re excited about these efforts for doing a lot across the board. All of them are in their early stages and we think about this primarily from a consumer and closing the loop point of view more than a monetization in and of itself point of view.\nDave Wehner: And then Lloyd, you were asking about the step-up on the cost side in Q2 versus Q1. A couple of things that I\u2019d point to the cost of revenue was up 49% in Q2, and that\u2019s really the flow-through of depreciation that you\u2019re seeing from the big CapEx build cycle that we\u2019ve been in and that\u2019s starting to flow through in the cost profile of the business. And then if you look at the G&A line, obviously that was impacted by the accrual for the FTC settlement as well as some other legal expenses including the SEC settlement. So, you had some G&A expenses that were higher in the quarter as a result of that.", "quarter": 2}}