{"id": 17736, "annotations": [{"id": 17839, "completed_by": 2, "result": [{"type": "labels", "value": {"end": 9, "text": "Operator", "start": 0, "labels": ["OPERATOR"]}, "origin": "manual", "to_name": "text", "from_name": "label-intro"}, {"type": "labels", "value": {"end": 76, "text": ": Your next question comes from Heather Bellini from Goldman Sachs.", "start": 10, "labels": ["INTRO"]}, "origin": "manual", "to_name": "text", "from_name": "label-intro"}, {"type": "labels", "value": {"end": 92, "text": "Heather Bellini", "start": 76, "labels": ["ANALYST"]}, "origin": "manual", "to_name": "text", "from_name": "label-intro"}, {"type": "labels", "value": {"end": 974, "text": ": Great, thank you so much. I wanted to follow up on two comments, one watch that Sherlyn was just talking about related to checkout. I\u2019m just wondering if you could share what the feedback has been so far from the brands that are in the closed beta and how this has helped maybe some stats if they have them like how it helped maybe conversion for the brands that are doing it versus maybe the traditional way they were selling on Instagram. So, if you have anything you could share there and then Dave, just back to Ross\u2019 comment related to the deceleration that you\u2019re referencing. I mean in the past, you\u2019ve given us a little bit more specificity, not too much, but you\u2019ve said kind of mid-single digit or low-single digit decel. Just wondering if there is any other color you could provide us here for the back half in 2020 when you\u2019re painting this at a high level? Thank you.", "start": 93, "labels": ["QUESTION"]}, "origin": "manual", "to_name": "text", "from_name": "label-intro"}, {"type": "labels", "value": {"end": 990, "text": "Sheryl Sandberg", "start": 974, "labels": ["REPRESENTATIVE"]}, "origin": "manual", "to_name": "text", "from_name": "label-intro"}, {"type": "labels", "value": {"end": 1298, "text": ": Yes. on the check outs beta, it\u2019s just really small and really early. We definitely hear that it decreases at friction in the shopping experience, but with 23 brands in a product, that\u2019s just too small for us to take any real learnings. We are working with them on iterating the product experience for now.", "start": 991, "labels": ["ANSWER"]}, "origin": "manual", "to_name": "text", "from_name": "label-intro"}, {"type": "labels", "value": {"end": 1310, "text": "Dave Wehner", "start": 1298, "labels": ["REPRESENTATIVE"]}, "origin": "manual", "to_name": "text", "from_name": "label-intro"}, {"type": "labels", "value": {"end": 1633, "text": ": And Heather on the deceleration, we\u2019re simply guiding that we would expect that we would see constant currency revenue deceleration sequentially with that being more pronounced on a constant currency basis in Q4, again, due to the tougher comp for us in Q4 not giving specific quantitative guidance on that at this point.", "start": 1311, "labels": ["ANSWER"]}, "origin": "manual", "to_name": "text", "from_name": "label-intro"}], "was_cancelled": false, "ground_truth": true, "created_at": "2022-02-04T10:25:34.012439Z", "updated_at": "2022-02-04T10:25:34.012444Z", "lead_time": null, "prediction": {}, "result_count": 0, "task": 17736, "parent_prediction": null, "parent_annotation": null}], "data": {"year": 2019, "company": "FB", "my_text": "\nOperator: Your next question comes from Heather Bellini from Goldman Sachs.\nHeather Bellini: Great, thank you so much. I wanted to follow up on two comments, one watch that Sherlyn was just talking about related to checkout. I\u2019m just wondering if you could share what the feedback has been so far from the brands that are in the closed beta and how this has helped maybe some stats if they have them like how it helped maybe conversion for the brands that are doing it versus maybe the traditional way they were selling on Instagram. So, if you have anything you could share there and then Dave, just back to Ross\u2019 comment related to the deceleration that you\u2019re referencing. I mean in the past, you\u2019ve given us a little bit more specificity, not too much, but you\u2019ve said kind of mid-single digit or low-single digit decel. Just wondering if there is any other color you could provide us here for the back half in 2020 when you\u2019re painting this at a high level? Thank you.\nSheryl Sandberg: Yes. on the check outs beta, it\u2019s just really small and really early. We definitely hear that it decreases at friction in the shopping experience, but with 23 brands in a product, that\u2019s just too small for us to take any real learnings. We are working with them on iterating the product experience for now.\nDave Wehner: And Heather on the deceleration, we\u2019re simply guiding that we would expect that we would see constant currency revenue deceleration sequentially with that being more pronounced on a constant currency basis in Q4, again, due to the tougher comp for us in Q4 not giving specific quantitative guidance on that at this point.", "quarter": 2}}