{"id": 17232, "annotations": [{"id": 17335, "completed_by": 2, "result": [{"type": "labels", "value": {"end": 9, "text": "Operator", "start": 0, "labels": ["OPERATOR"]}, "origin": "manual", "to_name": "text", "from_name": "label-intro"}, {"type": "labels", "value": {"end": 93, "text": ": The next question is from John Blackledge with Cowen & Company. Your line is open.", "start": 10, "labels": ["INTRO"]}, "origin": "manual", "to_name": "text", "from_name": "label-intro"}, {"type": "labels", "value": {"end": 109, "text": "John Blackledge", "start": 93, "labels": ["ANALYST"]}, "origin": "manual", "to_name": "text", "from_name": "label-intro"}, {"type": "labels", "value": {"end": 555, "text": ": Great. Thank you. Two questions. So with the explosive video consumption growth and growth in public content being consumed in the News Feed, could engagement perhaps materially increase from current levels over the next couple years? And then on WhatsApp, as it heads towards 1 billion MAUs, and/or greater, could you give us a sense of how you're thinking about monetization of that platform and perhaps timing of the monetization? Thank you.", "start": 110, "labels": ["QUESTION"]}, "origin": "manual", "to_name": "text", "from_name": "label-intro"}, {"type": "labels", "value": {"end": 571, "text": "David M. Wehner", "start": 555, "labels": ["REPRESENTATIVE"]}, "origin": "manual", "to_name": "text", "from_name": "label-intro"}, {"type": "labels", "value": {"end": 1524, "text": ": On engagement, John, I think we're obviously focused across a number of different dimensions to drive engagement. Videos had a big contribution there. So that's certainly been helpful in terms of making News Feed even more engaging and we'll continue to be focusing on a number of initiatives, public content and just sharing with your friends. So there's lots that we are working on on engagement that continue to drive time spent. On WhatsApp, I don't think there's a particular magical number with 1 billion users. The focus really for our messaging products is to continue to drive user growth and continue to build great products that are fast, useful, engaging and fun. And on that front, they're both doing great. Messenger has over 700 million users and WhatsApp obviously has over 900 million users. So the business side is not the main focus right now, but we believe there are going to be opportunities as we further scale those properties.", "start": 572, "labels": ["ANSWER"]}, "origin": "manual", "to_name": "text", "from_name": "label-intro"}], "was_cancelled": false, "ground_truth": true, "created_at": "2022-02-04T10:03:51.598092Z", "updated_at": "2022-02-04T10:03:51.598097Z", "lead_time": null, "prediction": {}, "result_count": 0, "task": 17232, "parent_prediction": null, "parent_annotation": null}], "data": {"year": 2015, "company": "FB", "my_text": "\nOperator: The next question is from John Blackledge with Cowen & Company. Your line is open.\nJohn Blackledge: Great. Thank you. Two questions. So with the explosive video consumption growth and growth in public content being consumed in the News Feed, could engagement perhaps materially increase from current levels over the next couple years? And then on WhatsApp, as it heads towards 1 billion MAUs, and/or greater, could you give us a sense of how you're thinking about monetization of that platform and perhaps timing of the monetization? Thank you.\nDavid M. Wehner: On engagement, John, I think we're obviously focused across a number of different dimensions to drive engagement. Videos had a big contribution there. So that's certainly been helpful in terms of making News Feed even more engaging and we'll continue to be focusing on a number of initiatives, public content and just sharing with your friends. So there's lots that we are working on on engagement that continue to drive time spent. On WhatsApp, I don't think there's a particular magical number with 1 billion users. The focus really for our messaging products is to continue to drive user growth and continue to build great products that are fast, useful, engaging and fun. And on that front, they're both doing great. Messenger has over 700 million users and WhatsApp obviously has over 900 million users. So the business side is not the main focus right now, but we believe there are going to be opportunities as we further scale those properties.", "quarter": 3}}