{"id": 17257, "annotations": [{"id": 17360, "completed_by": 2, "result": [{"type": "labels", "value": {"end": 9, "text": "Operator", "start": 0, "labels": ["OPERATOR"]}, "origin": "manual", "to_name": "text", "from_name": "label-intro"}, {"type": "labels", "value": {"end": 76, "text": ": Your next question is from Mark May with Citi. Your line is open.", "start": 10, "labels": ["INTRO"]}, "origin": "manual", "to_name": "text", "from_name": "label-intro"}, {"type": "labels", "value": {"end": 88, "text": "Mark A. May", "start": 76, "labels": ["ANALYST"]}, "origin": "manual", "to_name": "text", "from_name": "label-intro"}, {"type": "labels", "value": {"end": 987, "text": ": Thanks a lot, first one for Sheryl, I think. I'm wondering if you could update us on the progress you're seeing with FAN [Facebook Audience Network]. You gave some metrics in Q4. It seemed like that advertisers were really adopting that platform and seeing a lot of additional reach. Maybe if you could, tell us how that's going. And then I think a couple more; on the tax rate, we saw it step down quite a bit in Q1, but you're guiding for flat sequentially. Should we think about that as a run rate, or are you still attempting to manage your tax rate down even further than where you saw it in Q1 and where you're expecting for Q2? And then on the OpEx guide, 41% non-GAAP growth in Q1, obviously below your range but you maintained the range. Why is that? Is that just purely a function of the comps as you head into the year, or are there some specific investment plans that you have? Thanks.", "start": 89, "labels": ["QUESTION"]}, "origin": "manual", "to_name": "text", "from_name": "label-intro"}, {"type": "labels", "value": {"end": 1003, "text": "David M. Wehner", "start": 987, "labels": ["REPRESENTATIVE"]}, "origin": "manual", "to_name": "text", "from_name": "label-intro"}, {"type": "labels", "value": {"end": 1743, "text": ": Sure, Mark. I can start with the detailed ones, the tax rate and the OpEx guide. So on the tax rate, the rate came in better than guidance in terms of the tax rate, but it's consistent with the long-term trend that I'd indicated. We do expect that that rate will be approximately the rate that will continue for the rest of the year. So for purposes of 2016 modeling, I would use the Q1 rate. On the OpEx guide, Q1 came in slightly below our annual expense growth guidance, but we do expect that investments in areas like video and Oculus will impact the remainder of the year more substantially, so that's why we're maintaining the annual OpEx growth guidance that we have. And then, Sheryl, did you want to speak about Audience Network?", "start": 1004, "labels": ["ANSWER"]}, "origin": "manual", "to_name": "text", "from_name": "label-intro"}, {"type": "labels", "value": {"end": 1762, "text": "Sheryl K. Sandberg", "start": 1743, "labels": ["REPRESENTATIVE"]}, "origin": "manual", "to_name": "text", "from_name": "label-intro"}, {"type": "labels", "value": {"end": 3117, "text": ": Yes, Audience Network is important to us because we're making a strategic investment in ad tech, helping advertisers and publishers grow, so it's on and off Facebook. We think we're uniquely placed to bring people-based marketing to scale and solve the measurement problem, and the Audience Network is a place we're really focused because we feel like we're delivering value for advertisers and publishers, so we're investing behind the growth we've seen. We've seen a growth of native ads. Eighty-three percent of the overall inventory on the platform is native, and over 50% of our publishers are only using native ads. We have some great examples of Audience Networks really improving people's results. A recent one is eBay Vivanuncios, which is an online real estate destination working in Latin America and Mexico. When they were using a combination of Facebook, Instagram, and the Audience Network, they saw 57% lower cost per install with placement optimization and 59% more volume versus running on Facebook alone, which led to 6% incremental revenue. So compared to November a year before, the number of their app installs increased by 115%. So what we're seeing is the results we're able to deliver on Facebook and Instagram, a lot of our marketing partners want more. And our ability to do that is why we're investing in the Audience Network.", "start": 1763, "labels": ["ANSWER"]}, "origin": "manual", "to_name": "text", "from_name": "label-intro"}], "was_cancelled": false, "ground_truth": true, "created_at": "2022-02-04T10:03:51.600044Z", "updated_at": "2022-02-04T10:03:51.600049Z", "lead_time": null, "prediction": {}, "result_count": 0, "task": 17257, "parent_prediction": null, "parent_annotation": null}], "data": {"year": 2016, "company": "FB", "my_text": "\nOperator: Your next question is from Mark May with Citi. Your line is open.\nMark A. May: Thanks a lot, first one for Sheryl, I think. I'm wondering if you could update us on the progress you're seeing with FAN [Facebook Audience Network]. You gave some metrics in Q4. It seemed like that advertisers were really adopting that platform and seeing a lot of additional reach. Maybe if you could, tell us how that's going. And then I think a couple more; on the tax rate, we saw it step down quite a bit in Q1, but you're guiding for flat sequentially. Should we think about that as a run rate, or are you still attempting to manage your tax rate down even further than where you saw it in Q1 and where you're expecting for Q2? And then on the OpEx guide, 41% non-GAAP growth in Q1, obviously below your range but you maintained the range. Why is that? Is that just purely a function of the comps as you head into the year, or are there some specific investment plans that you have? Thanks.\nDavid M. Wehner: Sure, Mark. I can start with the detailed ones, the tax rate and the OpEx guide. So on the tax rate, the rate came in better than guidance in terms of the tax rate, but it's consistent with the long-term trend that I'd indicated. We do expect that that rate will be approximately the rate that will continue for the rest of the year. So for purposes of 2016 modeling, I would use the Q1 rate. On the OpEx guide, Q1 came in slightly below our annual expense growth guidance, but we do expect that investments in areas like video and Oculus will impact the remainder of the year more substantially, so that's why we're maintaining the annual OpEx growth guidance that we have. And then, Sheryl, did you want to speak about Audience Network?\nSheryl K. Sandberg: Yes, Audience Network is important to us because we're making a strategic investment in ad tech, helping advertisers and publishers grow, so it's on and off Facebook. We think we're uniquely placed to bring people-based marketing to scale and solve the measurement problem, and the Audience Network is a place we're really focused because we feel like we're delivering value for advertisers and publishers, so we're investing behind the growth we've seen. We've seen a growth of native ads. Eighty-three percent of the overall inventory on the platform is native, and over 50% of our publishers are only using native ads. We have some great examples of Audience Networks really improving people's results. A recent one is eBay Vivanuncios, which is an online real estate destination working in Latin America and Mexico. When they were using a combination of Facebook, Instagram, and the Audience Network, they saw 57% lower cost per install with placement optimization and 59% more volume versus running on Facebook alone, which led to 6% incremental revenue. So compared to November a year before, the number of their app installs increased by 115%. So what we're seeing is the results we're able to deliver on Facebook and Instagram, a lot of our marketing partners want more. And our ability to do that is why we're investing in the Audience Network.", "quarter": 1}}