{"id": 17734, "annotations": [{"id": 17837, "completed_by": 2, "result": [{"type": "labels", "value": {"end": 9, "text": "Operator", "start": 0, "labels": ["OPERATOR"]}, "origin": "manual", "to_name": "text", "from_name": "label-intro"}, {"type": "labels", "value": {"end": 67, "text": ": Your next question comes from Doug Anmuth from JPMorgan.", "start": 10, "labels": ["INTRO"]}, "origin": "manual", "to_name": "text", "from_name": "label-intro"}, {"type": "labels", "value": {"end": 79, "text": "Doug Anmuth", "start": 67, "labels": ["ANALYST"]}, "origin": "manual", "to_name": "text", "from_name": "label-intro"}, {"type": "labels", "value": {"end": 583, "text": ": Thanks for taking the question. One for Mark and one for Dave. First Mark, how are you thinking about the opposition that you\u2019ve received so far around Libra? Because it changed your view of the timeframe at all in terms of rolling out the currency. And then second, Dave just, you talked about the higher demands of privacy. Can you just talk about how that could impact expense growth as you think about 2020, where in the past, you\u2019ve talked about more moderate expense growth for next year? Thanks.", "start": 80, "labels": ["QUESTION"]}, "origin": "manual", "to_name": "text", "from_name": "label-intro"}, {"type": "labels", "value": {"end": 599, "text": "Mark Zuckerberg", "start": 583, "labels": ["REPRESENTATIVE"]}, "origin": "manual", "to_name": "text", "from_name": "label-intro"}, {"type": "labels", "value": {"end": 1860, "text": ": Sure. So, on Libra and similar to our approach on some of the important social issues that we face around encryption and content regulation and things like that. We get that these are really important and sensitive spaces. So, our approach has been to try to have a very open dialog about this, right. If Facebook from a few years ago would have probably just showed up and tried to release a product on our own. And now, the approach on all of these fronts is to outline the ideas in the values that we think an eventual service should have. We\u2019ve opened a period of, however, long it takes to address regulators and different experts and constituents questions about this and then figure out what the best way to move forward is and that\u2019s certainly what we\u2019re planning to do with Libra. So, we worked with the 27 other members of the association to publish the white paper to put the idea out there expecting that this is a very important and heavily regulated area and there were going to be a lot of questions. We\u2019re going to have to work through that. So, I think we\u2019re currently in the process of doing that. We are trying to provide a safe and stable and well-regulated product. So that\u2019s always been the strategy and we\u2019ll continue to engage it here.", "start": 600, "labels": ["ANSWER"]}, "origin": "manual", "to_name": "text", "from_name": "label-intro"}, {"type": "labels", "value": {"end": 1872, "text": "Dave Wehner", "start": 1860, "labels": ["REPRESENTATIVE"]}, "origin": "manual", "to_name": "text", "from_name": "label-intro"}, {"type": "labels", "value": {"end": 2511, "text": ": And then Doug, you were asking about the impacts on expense growth. We\u2019re not giving guidance, specifically on the 2020 expense outlook. But the privacy efforts do require significant investments obviously and compliance processes, people and then technical infrastructure and those are factored into the 2019 operating expense outlook. One of the impacts that I\u2019d point to you is it\u2019s also a reallocation of resources around privacy. So that will have an impact on our overall product development as well. So that\u2019s something that I\u2019d factor in both in terms of just the overall impact to the business, not purely just the expense side.", "start": 1873, "labels": ["ANSWER"]}, "origin": "manual", "to_name": "text", "from_name": "label-intro"}], "was_cancelled": false, "ground_truth": true, "created_at": "2022-02-04T10:25:34.012283Z", "updated_at": "2022-02-04T10:25:34.012288Z", "lead_time": null, "prediction": {}, "result_count": 0, "task": 17734, "parent_prediction": null, "parent_annotation": null}], "data": {"year": 2019, "company": "FB", "my_text": "\nOperator: Your next question comes from Doug Anmuth from JPMorgan.\nDoug Anmuth: Thanks for taking the question. One for Mark and one for Dave. First Mark, how are you thinking about the opposition that you\u2019ve received so far around Libra? Because it changed your view of the timeframe at all in terms of rolling out the currency. And then second, Dave just, you talked about the higher demands of privacy. Can you just talk about how that could impact expense growth as you think about 2020, where in the past, you\u2019ve talked about more moderate expense growth for next year? Thanks.\nMark Zuckerberg: Sure. So, on Libra and similar to our approach on some of the important social issues that we face around encryption and content regulation and things like that. We get that these are really important and sensitive spaces. So, our approach has been to try to have a very open dialog about this, right. If Facebook from a few years ago would have probably just showed up and tried to release a product on our own. And now, the approach on all of these fronts is to outline the ideas in the values that we think an eventual service should have. We\u2019ve opened a period of, however, long it takes to address regulators and different experts and constituents questions about this and then figure out what the best way to move forward is and that\u2019s certainly what we\u2019re planning to do with Libra. So, we worked with the 27 other members of the association to publish the white paper to put the idea out there expecting that this is a very important and heavily regulated area and there were going to be a lot of questions. We\u2019re going to have to work through that. So, I think we\u2019re currently in the process of doing that. We are trying to provide a safe and stable and well-regulated product. So that\u2019s always been the strategy and we\u2019ll continue to engage it here.\nDave Wehner: And then Doug, you were asking about the impacts on expense growth. We\u2019re not giving guidance, specifically on the 2020 expense outlook. But the privacy efforts do require significant investments obviously and compliance processes, people and then technical infrastructure and those are factored into the 2019 operating expense outlook. One of the impacts that I\u2019d point to you is it\u2019s also a reallocation of resources around privacy. So that will have an impact on our overall product development as well. So that\u2019s something that I\u2019d factor in both in terms of just the overall impact to the business, not purely just the expense side.", "quarter": 2}}