{"id": 17679, "annotations": [{"id": 17782, "completed_by": 2, "result": [{"type": "labels", "value": {"end": 9, "text": "Operator", "start": 0, "labels": ["OPERATOR"]}, "origin": "manual", "to_name": "text", "from_name": "label-intro"}, {"type": "labels", "value": {"end": 81, "text": ": The last question comes from the line of Youssef Squali with SunTrust.", "start": 10, "labels": ["INTRO"]}, "origin": "manual", "to_name": "text", "from_name": "label-intro"}, {"type": "labels", "value": {"end": 96, "text": "Youssef Squali", "start": 81, "labels": ["ANALYST"]}, "origin": "manual", "to_name": "text", "from_name": "label-intro"}, {"type": "labels", "value": {"end": 703, "text": ": Thank you very much. I guess two quick questions for David. Growth in MAUs in rest of world was up about 11%; I think last year, it was up almost double that, 19% or so. Anything changed there that maybe could explain the slowdown? And I think we saw also a slighter \u2013 slightly lower growth in pricing as well. And then lastly, on the buyback, how much do you still have left on the old authorization to which we need to add the new $9 billion? And how do you look at it? Is it being (01:00:54) opportunistic, or do you have a timeline by which you guys are planning to complete the repurchase? Thank you.", "start": 97, "labels": ["QUESTION"]}, "origin": "manual", "to_name": "text", "from_name": "label-intro"}, {"type": "labels", "value": {"end": 719, "text": "David M. Wehner", "start": 703, "labels": ["REPRESENTATIVE"]}, "origin": "manual", "to_name": "text", "from_name": "label-intro"}, {"type": "labels", "value": {"end": 1581, "text": ": Sure, Youssef. On the growth in MAUs in rest of world, we've had certain slowdowns. There was an internet shutdown in Ethiopia that contributed a little bit to that. So you've got some kind of one-time factors that do come into play there. So I think that's probably what I would point to. Nothing that notable to call out there. In terms of the share repurchase authorization, I would just say that we've just about gotten our way through that. We had about $2 billion left as of the end of the quarter. But we think it's \u2013 we asked the board and the board approved a $9 billion additional authorization. We look at it on two fronts: just offsetting the dilution from the share issuances that we have and then secondarily, to be opportunistic. And we think with the cash flow that we're generating, we have a strong financial position with which to fund that.", "start": 720, "labels": ["ANSWER"]}, "origin": "manual", "to_name": "text", "from_name": "label-intro"}, {"type": "labels", "value": {"end": 1598, "text": "Deborah Crawford", "start": 1581, "labels": ["REPRESENTATIVE"]}, "origin": "manual", "to_name": "text", "from_name": "label-intro"}, {"type": "labels", "value": {"end": 1711, "text": ": Great. Thank you for joining us today. We appreciate your time, and we look forward to speaking with you again.", "start": 1599, "labels": ["ANSWER"]}, "origin": "manual", "to_name": "text", "from_name": "label-intro"}], "was_cancelled": false, "ground_truth": true, "created_at": "2022-02-04T10:25:34.007963Z", "updated_at": "2022-02-04T10:25:34.007968Z", "lead_time": null, "prediction": {}, "result_count": 0, "task": 17679, "parent_prediction": null, "parent_annotation": null}], "data": {"year": 2018, "company": "FB", "my_text": "\nOperator: The last question comes from the line of Youssef Squali with SunTrust.\nYoussef Squali: Thank you very much. I guess two quick questions for David. Growth in MAUs in rest of world was up about 11%; I think last year, it was up almost double that, 19% or so. Anything changed there that maybe could explain the slowdown? And I think we saw also a slighter \u2013 slightly lower growth in pricing as well. And then lastly, on the buyback, how much do you still have left on the old authorization to which we need to add the new $9 billion? And how do you look at it? Is it being (01:00:54) opportunistic, or do you have a timeline by which you guys are planning to complete the repurchase? Thank you.\nDavid M. Wehner: Sure, Youssef. On the growth in MAUs in rest of world, we've had certain slowdowns. There was an internet shutdown in Ethiopia that contributed a little bit to that. So you've got some kind of one-time factors that do come into play there. So I think that's probably what I would point to. Nothing that notable to call out there. In terms of the share repurchase authorization, I would just say that we've just about gotten our way through that. We had about $2 billion left as of the end of the quarter. But we think it's \u2013 we asked the board and the board approved a $9 billion additional authorization. We look at it on two fronts: just offsetting the dilution from the share issuances that we have and then secondarily, to be opportunistic. And we think with the cash flow that we're generating, we have a strong financial position with which to fund that.\nDeborah Crawford: Great. Thank you for joining us today. We appreciate your time, and we look forward to speaking with you again.", "quarter": 1}}