{"id": 17219, "annotations": [{"id": 17322, "completed_by": 2, "result": [{"type": "labels", "value": {"end": 9, "text": "Operator", "start": 0, "labels": ["OPERATOR"]}, "origin": "manual", "to_name": "text", "from_name": "label-intro"}, {"type": "labels", "value": {"end": 468, "text": ": Your next question is from Ben Schachter with Macquarie. Your line is open. Ben Schachter - Macquarie Capital (USA), Inc. Yeah, just a couple of questions. One, given your success with standalone apps, should we expect to see more apps in the future, and could one of those focus specifically on video? And then on Oculus, the monetization for that, should we expect an App Store-like model where you'll be sharing revenue with the content partners? Thanks.", "start": 10, "labels": ["INTRO"]}, "origin": "manual", "to_name": "text", "from_name": "label-intro"}, {"type": "labels", "value": {"end": 491, "text": "Mark Elliot Zuckerberg", "start": 468, "labels": ["REPRESENTATIVE"]}, "origin": "manual", "to_name": "text", "from_name": "label-intro"}, {"type": "labels", "value": {"end": 677, "text": ": We work on a lot of different things. I don't think we'd rule out the things that you just mentioned, but we don't have anything specific to talk about today on either of them I think.", "start": 492, "labels": ["ANSWER"]}, "origin": "manual", "to_name": "text", "from_name": "label-intro"}, {"type": "labels", "value": {"end": 693, "text": "David M. Wehner", "start": 677, "labels": ["REPRESENTATIVE"]}, "origin": "manual", "to_name": "text", "from_name": "label-intro"}, {"type": "labels", "value": {"end": 963, "text": ": Obviously, a big part of our investment strategy is investing in this next generation of apps and the focus there is on growing the communities around Messenger, WhatsApp and, of course, Instagram. That's all going really well and that's a big focus of our investment.", "start": 694, "labels": ["ANSWER"]}, "origin": "manual", "to_name": "text", "from_name": "label-intro"}], "was_cancelled": false, "ground_truth": true, "created_at": "2022-02-04T10:03:51.597103Z", "updated_at": "2022-02-04T10:03:51.597108Z", "lead_time": null, "prediction": {}, "result_count": 0, "task": 17219, "parent_prediction": null, "parent_annotation": null}], "data": {"year": 2015, "company": "FB", "my_text": "\nOperator: Your next question is from Ben Schachter with Macquarie. Your line is open. Ben Schachter - Macquarie Capital (USA), Inc. Yeah, just a couple of questions. One, given your success with standalone apps, should we expect to see more apps in the future, and could one of those focus specifically on video? And then on Oculus, the monetization for that, should we expect an App Store-like model where you'll be sharing revenue with the content partners? Thanks.\nMark Elliot Zuckerberg: We work on a lot of different things. I don't think we'd rule out the things that you just mentioned, but we don't have anything specific to talk about today on either of them I think.\nDavid M. Wehner: Obviously, a big part of our investment strategy is investing in this next generation of apps and the focus there is on growing the communities around Messenger, WhatsApp and, of course, Instagram. That's all going really well and that's a big focus of our investment.", "quarter": 2}}