{"id": 17740, "annotations": [{"id": 17843, "completed_by": 2, "result": [{"type": "labels", "value": {"end": 9, "text": "Operator", "start": 0, "labels": ["OPERATOR"]}, "origin": "manual", "to_name": "text", "from_name": "label-intro"}, {"type": "labels", "value": {"end": 82, "text": ": Your next question comes from Michael Nathanson from Moffett Nathanson.", "start": 10, "labels": ["INTRO"]}, "origin": "manual", "to_name": "text", "from_name": "label-intro"}, {"type": "labels", "value": {"end": 100, "text": "Michael Nathanson", "start": 82, "labels": ["ANALYST"]}, "origin": "manual", "to_name": "text", "from_name": "label-intro"}, {"type": "labels", "value": {"end": 859, "text": ": Thanks. I have two, one for Sheryl and Dave and one for Mark. So Sheryl and Dave, you noted the growth I guess in Europe this time in acceleration. And can you talk a bit about maybe the regional development of Stories and either the embracing the advertising community or the user community by region. And then, for Mark on the answer on currency arguably Crypto is going to take a long time to you to get approval or to build a product. Do you see building a fiat currency wallet for Facebook and Instagram. I know it\u2019s about WhatsApp but how does another title wallet non-crypto wallet develop if it takes a while for the other products to rollout meaning Crypto takes a while for approval. So does non-crypto fiat currency become an opportunity for you?", "start": 101, "labels": ["QUESTION"]}, "origin": "manual", "to_name": "text", "from_name": "label-intro"}, {"type": "labels", "value": {"end": 871, "text": "Dave Wehner", "start": 859, "labels": ["REPRESENTATIVE"]}, "origin": "manual", "to_name": "text", "from_name": "label-intro"}, {"type": "labels", "value": {"end": 1622, "text": ": Hey, Michael, it\u2019s Dave. I guess we\u2019re not really providing detail on region. I would say Stories is today from an impression growth perspective really about Instagram Stories. So it maps where we\u2019ve got good adoption of Instagram globally. So we\u2019re certainly seeing good growth in places where Instagram is strong, including the U.S., so that\u2019s been good to see. And as we continue to work on Facebook Stories, we\u2019ll have more opportunity as well with Facebook and will map to the reasons where Facebook is stronger. So, I think we\u2019re seeing good growth on Instagram. I think that will continue and continue to drive impression growth and then we hope to continue to make progress on Facebook where we\u2019re seeing growth, but it\u2019s off a smaller base.", "start": 872, "labels": ["ANSWER"]}, "origin": "manual", "to_name": "text", "from_name": "label-intro"}, {"type": "labels", "value": {"end": 1638, "text": "Mark Zuckerberg", "start": 1622, "labels": ["REPRESENTATIVE"]}, "origin": "manual", "to_name": "text", "from_name": "label-intro"}, {"type": "labels", "value": {"end": 3396, "text": ": And on payments, I mean, the short answer is, yes. We\u2019re very focused on payments with fiat currencies as well and making it so that when you pay in one service, whether it\u2019s WhatsApp or in Instagram Shopping or in Marketplace your credentials can be shared and there\u2019s a shared payment system across all those things. So that\u2019s a \u2013 certainly a big area for investment. Overall these areas around commerce and payments, I think are one of the most exciting areas of product development for the next several years. I mean the way that we kind of see the products now is we\u2019ve helped people map out and wire up their networks over the last several years, and now in each of these apps we have opportunities to help people get more value from the networks that they\u2019ve created in some of that is going to be on the social side, especially around creating communities and groups and some of it is going to be more on the economic and opportunity side and there we\u2019re doing a whole lot of projects. I know that Libra is the one that has gotten the most attention recently, but it\u2019s really just one of a set of things everything from Instagram, Shopping which is going to help people connect to brands and emerging creators to Facebook marketplace, which is more consumer-to-consumer paying and buying and selling used goods to things like WhatsApp business, which is more about connecting with small businesses and then across the payment landscape, helping people do payments and existing currencies and also trying some newer approaches that can hopefully bring down the cost of doing payments around the world. We\u2019re just very excited about all the \u2013 everything in this area and it\u2019s one of the biggest areas that we\u2019re focused on for the next several years.", "start": 1639, "labels": ["ANSWER"]}, "origin": "manual", "to_name": "text", "from_name": "label-intro"}], "was_cancelled": false, "ground_truth": true, "created_at": "2022-02-04T10:25:34.012762Z", "updated_at": "2022-02-04T10:25:34.012768Z", "lead_time": null, "prediction": {}, "result_count": 0, "task": 17740, "parent_prediction": null, "parent_annotation": null}], "data": {"year": 2019, "company": "FB", "my_text": "\nOperator: Your next question comes from Michael Nathanson from Moffett Nathanson.\nMichael Nathanson: Thanks. I have two, one for Sheryl and Dave and one for Mark. So Sheryl and Dave, you noted the growth I guess in Europe this time in acceleration. And can you talk a bit about maybe the regional development of Stories and either the embracing the advertising community or the user community by region. And then, for Mark on the answer on currency arguably Crypto is going to take a long time to you to get approval or to build a product. Do you see building a fiat currency wallet for Facebook and Instagram. I know it\u2019s about WhatsApp but how does another title wallet non-crypto wallet develop if it takes a while for the other products to rollout meaning Crypto takes a while for approval. So does non-crypto fiat currency become an opportunity for you?\nDave Wehner: Hey, Michael, it\u2019s Dave. I guess we\u2019re not really providing detail on region. I would say Stories is today from an impression growth perspective really about Instagram Stories. So it maps where we\u2019ve got good adoption of Instagram globally. So we\u2019re certainly seeing good growth in places where Instagram is strong, including the U.S., so that\u2019s been good to see. And as we continue to work on Facebook Stories, we\u2019ll have more opportunity as well with Facebook and will map to the reasons where Facebook is stronger. So, I think we\u2019re seeing good growth on Instagram. I think that will continue and continue to drive impression growth and then we hope to continue to make progress on Facebook where we\u2019re seeing growth, but it\u2019s off a smaller base.\nMark Zuckerberg: And on payments, I mean, the short answer is, yes. We\u2019re very focused on payments with fiat currencies as well and making it so that when you pay in one service, whether it\u2019s WhatsApp or in Instagram Shopping or in Marketplace your credentials can be shared and there\u2019s a shared payment system across all those things. So that\u2019s a \u2013 certainly a big area for investment. Overall these areas around commerce and payments, I think are one of the most exciting areas of product development for the next several years. I mean the way that we kind of see the products now is we\u2019ve helped people map out and wire up their networks over the last several years, and now in each of these apps we have opportunities to help people get more value from the networks that they\u2019ve created in some of that is going to be on the social side, especially around creating communities and groups and some of it is going to be more on the economic and opportunity side and there we\u2019re doing a whole lot of projects. I know that Libra is the one that has gotten the most attention recently, but it\u2019s really just one of a set of things everything from Instagram, Shopping which is going to help people connect to brands and emerging creators to Facebook marketplace, which is more consumer-to-consumer paying and buying and selling used goods to things like WhatsApp business, which is more about connecting with small businesses and then across the payment landscape, helping people do payments and existing currencies and also trying some newer approaches that can hopefully bring down the cost of doing payments around the world. We\u2019re just very excited about all the \u2013 everything in this area and it\u2019s one of the biggest areas that we\u2019re focused on for the next several years.", "quarter": 2}}