{"id": 17733, "annotations": [{"id": 17836, "completed_by": 2, "result": [{"type": "labels", "value": {"end": 9, "text": "Operator", "start": 0, "labels": ["OPERATOR"]}, "origin": "manual", "to_name": "text", "from_name": "label-intro"}, {"type": "labels", "value": {"end": 68, "text": ": Your next question comes from Ross Sandler from Barclays.", "start": 10, "labels": ["INTRO"]}, "origin": "manual", "to_name": "text", "from_name": "label-intro"}, {"type": "labels", "value": {"end": 81, "text": "Ross Sandler", "start": 68, "labels": ["ANALYST"]}, "origin": "manual", "to_name": "text", "from_name": "label-intro"}, {"type": "labels", "value": {"end": 624, "text": ": Hey, guys, can we just go back to the deceleration comment. So, we appreciate the color you just gave, Dave. But at the same time, you said that the impression growth in 2Q was driven by Instagram Stories, Instagram Feed and then Facebook Feed. And so if those are kind of the current drivers and we\u2019re likely to continue to see those send in the future, what specifically do you see is slowing down in 4Q in 2020? Is that core Facebook, any additional color on like the surface that might slow down from some of these changes? Thanks a lot.", "start": 82, "labels": ["QUESTION"]}, "origin": "manual", "to_name": "text", "from_name": "label-intro"}, {"type": "labels", "value": {"end": 636, "text": "Dave Wehner", "start": 624, "labels": ["REPRESENTATIVE"]}, "origin": "manual", "to_name": "text", "from_name": "label-intro"}, {"type": "labels", "value": {"end": 1749, "text": ": Sure. Ross, I mean if you remember we\u2019re seeing good impression growth across Instagram Stories, Instagram Feed and Facebook Feed. So, we\u2019re seeing good impression growth across all of those. We are seeing faster growth in impressions coming from Stories and then also coming from geographies that monetize at lower rates on things like Facebook News Feed. So even though we\u2019re seeing good impression growth that\u2019s impression growth it\u2019s flowing through at a lower price point. Then, the way that growth was driven in the prior year. So that\u2019s contributing to some of the deceleration, specifically as we look out into the remainder of 2019. When we get into Q4, we\u2019re going to be similar to how we had good product wins in Q2. We also had several product optimizations in Q4 that contributed a strong performance that quarter. So, we\u2019re going to have a tougher compare on that basis. So, just broadly, I think we expect the revenue deceleration trend that Q2 is not mark a reversal of that, but we expect to kind of return to constant currency revenue growth deceleration as you get into the remainder of 2019.", "start": 637, "labels": ["ANSWER"]}, "origin": "manual", "to_name": "text", "from_name": "label-intro"}], "was_cancelled": false, "ground_truth": true, "created_at": "2022-02-04T10:25:34.012205Z", "updated_at": "2022-02-04T10:25:34.012210Z", "lead_time": null, "prediction": {}, "result_count": 0, "task": 17733, "parent_prediction": null, "parent_annotation": null}], "data": {"year": 2019, "company": "FB", "my_text": "\nOperator: Your next question comes from Ross Sandler from Barclays.\nRoss Sandler: Hey, guys, can we just go back to the deceleration comment. So, we appreciate the color you just gave, Dave. But at the same time, you said that the impression growth in 2Q was driven by Instagram Stories, Instagram Feed and then Facebook Feed. And so if those are kind of the current drivers and we\u2019re likely to continue to see those send in the future, what specifically do you see is slowing down in 4Q in 2020? Is that core Facebook, any additional color on like the surface that might slow down from some of these changes? Thanks a lot.\nDave Wehner: Sure. Ross, I mean if you remember we\u2019re seeing good impression growth across Instagram Stories, Instagram Feed and Facebook Feed. So, we\u2019re seeing good impression growth across all of those. We are seeing faster growth in impressions coming from Stories and then also coming from geographies that monetize at lower rates on things like Facebook News Feed. So even though we\u2019re seeing good impression growth that\u2019s impression growth it\u2019s flowing through at a lower price point. Then, the way that growth was driven in the prior year. So that\u2019s contributing to some of the deceleration, specifically as we look out into the remainder of 2019. When we get into Q4, we\u2019re going to be similar to how we had good product wins in Q2. We also had several product optimizations in Q4 that contributed a strong performance that quarter. So, we\u2019re going to have a tougher compare on that basis. So, just broadly, I think we expect the revenue deceleration trend that Q2 is not mark a reversal of that, but we expect to kind of return to constant currency revenue growth deceleration as you get into the remainder of 2019.", "quarter": 2}}