{"id": 17687, "annotations": [{"id": 17790, "completed_by": 2, "result": [{"type": "labels", "value": {"end": 9, "text": "Operator", "start": 0, "labels": ["OPERATOR"]}, "origin": "manual", "to_name": "text", "from_name": "label-intro"}, {"type": "labels", "value": {"end": 100, "text": ": Your next question comes from the line of Justin Post from Bank of America/Merrill Lynch.", "start": 10, "labels": ["INTRO"]}, "origin": "manual", "to_name": "text", "from_name": "label-intro"}, {"type": "labels", "value": {"end": 112, "text": "Justin Post", "start": 100, "labels": ["ANALYST"]}, "origin": "manual", "to_name": "text", "from_name": "label-intro"}, {"type": "labels", "value": {"end": 514, "text": ": Great. Thank you. The guidance for the deceleration might raise some questions just on Facebook engagement. So just wondering how you're seeing activity within just core Facebook right now? Is it growing at a healthy rate? And then, secondly, you have had a couple of months now with GDPR. Just wondering how you're thinking about how that will impact your ad targeting over the next year. Thank you.", "start": 113, "labels": ["QUESTION"]}, "origin": "manual", "to_name": "text", "from_name": "label-intro"}, {"type": "labels", "value": {"end": 530, "text": "David M. Wehner", "start": 514, "labels": ["REPRESENTATIVE"]}, "origin": "manual", "to_name": "text", "from_name": "label-intro"}, {"type": "labels", "value": {"end": 835, "text": ": Sure, Justin. I'll take that. So we're continuing to see good growth in the Facebook ecosystem with 11% DAU growth. And obviously, we've got broader family growth as well. In terms of, I guess, going to the GDPR question, we've talked about \u2013 oh, sorry. Sheryl, were you going to take the GDPR question?", "start": 531, "labels": ["ANSWER"]}, "origin": "manual", "to_name": "text", "from_name": "label-intro"}, {"type": "labels", "value": {"end": 856, "text": "Sheryl Kara Sandberg", "start": 835, "labels": ["REPRESENTATIVE"]}, "origin": "manual", "to_name": "text", "from_name": "label-intro"}, {"type": "labels", "value": {"end": 1766, "text": ": Yeah, I can talk about GDPR. GDPR has not had a revenue impact, but we also recognize it wasn't fully rolled out this quarter. It was very encouraging for us to see that the vast majority of people affirmed that they want us to use information, including from the websites they visit, to make their ads more relevant. But, as we look further out, we recognize that there's still risk, and we're going to watch closely. Advertisers are still adapting to the changes, so it's early to know the longer-term impact. And things like GDPR and other privacy changes that may happen from us or may happen with regulation could make ads more relevant. One thing that we know that's not going to change is that advertisers are always looking for the highest ROI opportunity. And what's most important in winning budget is our relative performance in the industry, and we believe we'll continue to do very well on that.", "start": 857, "labels": ["ANSWER"]}, "origin": "manual", "to_name": "text", "from_name": "label-intro"}], "was_cancelled": false, "ground_truth": true, "created_at": "2022-02-04T10:25:34.008592Z", "updated_at": "2022-02-04T10:25:34.008597Z", "lead_time": null, "prediction": {}, "result_count": 0, "task": 17687, "parent_prediction": null, "parent_annotation": null}], "data": {"year": 2018, "company": "FB", "my_text": "\nOperator: Your next question comes from the line of Justin Post from Bank of America/Merrill Lynch.\nJustin Post: Great. Thank you. The guidance for the deceleration might raise some questions just on Facebook engagement. So just wondering how you're seeing activity within just core Facebook right now? Is it growing at a healthy rate? And then, secondly, you have had a couple of months now with GDPR. Just wondering how you're thinking about how that will impact your ad targeting over the next year. Thank you.\nDavid M. Wehner: Sure, Justin. I'll take that. So we're continuing to see good growth in the Facebook ecosystem with 11% DAU growth. And obviously, we've got broader family growth as well. In terms of, I guess, going to the GDPR question, we've talked about \u2013 oh, sorry. Sheryl, were you going to take the GDPR question?\nSheryl Kara Sandberg: Yeah, I can talk about GDPR. GDPR has not had a revenue impact, but we also recognize it wasn't fully rolled out this quarter. It was very encouraging for us to see that the vast majority of people affirmed that they want us to use information, including from the websites they visit, to make their ads more relevant. But, as we look further out, we recognize that there's still risk, and we're going to watch closely. Advertisers are still adapting to the changes, so it's early to know the longer-term impact. And things like GDPR and other privacy changes that may happen from us or may happen with regulation could make ads more relevant. One thing that we know that's not going to change is that advertisers are always looking for the highest ROI opportunity. And what's most important in winning budget is our relative performance in the industry, and we believe we'll continue to do very well on that.", "quarter": 2}}