{"id": 17731, "annotations": [{"id": 17834, "completed_by": 2, "result": [{"type": "labels", "value": {"end": 9, "text": "Operator", "start": 0, "labels": ["OPERATOR"]}, "origin": "manual", "to_name": "text", "from_name": "label-intro"}, {"type": "labels", "value": {"end": 87, "text": ":  Your first question comes from the line of Brian Nowak from Morgan Stanley.", "start": 10, "labels": ["INTRO"]}, "origin": "manual", "to_name": "text", "from_name": "label-intro"}, {"type": "labels", "value": {"end": 99, "text": "Brian Nowak", "start": 87, "labels": ["ANALYST"]}, "origin": "manual", "to_name": "text", "from_name": "label-intro"}, {"type": "labels", "value": {"end": 605, "text": ": Thanks for taking my question. I have two, the first one on the core Facebook app. I was wondering if you could tell us a little bit more about the impact on engagement as well as monetization from the redesign. Dave, I think you mentioned some optimization and product win. So, what are you seeing on the core app, I guess, now a big weight on engagement and monetization. And then can you talk to us a little bit more about some of the ad targeting headwinds that you foresee in 4Q and in 2020? Thanks.", "start": 100, "labels": ["QUESTION"]}, "origin": "manual", "to_name": "text", "from_name": "label-intro"}, {"type": "labels", "value": {"end": 617, "text": "Dave Wehner", "start": 605, "labels": ["REPRESENTATIVE"]}, "origin": "manual", "to_name": "text", "from_name": "label-intro"}, {"type": "labels", "value": {"end": 1736, "text": ": Sure, Brian, it\u2019s Dave. I think on the Facebook app, I just say the DAU trend paints the picture broadly for Facebook. We\u2019re seeing stability in the developed markets and growth in the developing markets. And so, we\u2019re continuing to see solid performance on Facebook, and we\u2019re pleased with the engagement levels that we\u2019re seeing overall on the Facebook app. So, I think the first half has been solid from that perspective. And then the second question was on the ad targeting related headwinds. So, we think of those in really three components. The first is regulatory as you think about things like GDPR and other impacts and how those will be rolling out globally. The second is platform changes as it relates to operating systems and a more of a focus on privacy from the operating systems and the impact that that can have on measurements and also on targeting. And then the third is our own product changes as we put privacy more front and center. So really, it\u2019s the compounding of those three issues that are creating headwinds that we think are going to impact us, as we get later in the year and into 2020.", "start": 618, "labels": ["ANSWER"]}, "origin": "manual", "to_name": "text", "from_name": "label-intro"}], "was_cancelled": false, "ground_truth": true, "created_at": "2022-02-04T10:25:34.012051Z", "updated_at": "2022-02-04T10:25:34.012056Z", "lead_time": null, "prediction": {}, "result_count": 0, "task": 17731, "parent_prediction": null, "parent_annotation": null}], "data": {"year": 2019, "company": "FB", "my_text": "\nOperator:  Your first question comes from the line of Brian Nowak from Morgan Stanley.\nBrian Nowak: Thanks for taking my question. I have two, the first one on the core Facebook app. I was wondering if you could tell us a little bit more about the impact on engagement as well as monetization from the redesign. Dave, I think you mentioned some optimization and product win. So, what are you seeing on the core app, I guess, now a big weight on engagement and monetization. And then can you talk to us a little bit more about some of the ad targeting headwinds that you foresee in 4Q and in 2020? Thanks.\nDave Wehner: Sure, Brian, it\u2019s Dave. I think on the Facebook app, I just say the DAU trend paints the picture broadly for Facebook. We\u2019re seeing stability in the developed markets and growth in the developing markets. And so, we\u2019re continuing to see solid performance on Facebook, and we\u2019re pleased with the engagement levels that we\u2019re seeing overall on the Facebook app. So, I think the first half has been solid from that perspective. And then the second question was on the ad targeting related headwinds. So, we think of those in really three components. The first is regulatory as you think about things like GDPR and other impacts and how those will be rolling out globally. The second is platform changes as it relates to operating systems and a more of a focus on privacy from the operating systems and the impact that that can have on measurements and also on targeting. And then the third is our own product changes as we put privacy more front and center. So really, it\u2019s the compounding of those three issues that are creating headwinds that we think are going to impact us, as we get later in the year and into 2020.", "quarter": 2}}