{"id": 17271, "annotations": [{"id": 17374, "completed_by": 2, "result": [{"type": "labels", "value": {"end": 9, "text": "Operator", "start": 0, "labels": ["OPERATOR"]}, "origin": "manual", "to_name": "text", "from_name": "label-intro"}, {"type": "labels", "value": {"end": 88, "text": ": The next question is from John Blackledge with Cowen & Co. Your line is open.", "start": 10, "labels": ["INTRO"]}, "origin": "manual", "to_name": "text", "from_name": "label-intro"}, {"type": "labels", "value": {"end": 104, "text": "John Blackledge", "start": 88, "labels": ["ANALYST"]}, "origin": "manual", "to_name": "text", "from_name": "label-intro"}, {"type": "labels", "value": {"end": 474, "text": ": Great. Thanks. For Instant Articles, I think it went live globally for all publishers around the time of F8 in April. Just wondering if you can provide an update on the progress and how you see Instant Articles evolving over the next couple of years? And then maybe Dave, on the 49% year-over-year impression growth, how much of that was driven by ad loads? Thank you.", "start": 105, "labels": ["QUESTION"]}, "origin": "manual", "to_name": "text", "from_name": "label-intro"}, {"type": "labels", "value": {"end": 497, "text": "Mark Elliot Zuckerberg", "start": 474, "labels": ["REPRESENTATIVE"]}, "origin": "manual", "to_name": "text", "from_name": "label-intro"}, {"type": "labels", "value": {"end": 1206, "text": ": If I can take Instant Articles quickly. I think it's going well. It's a good user experience. People like it. The hypothesis when we rolled it out was that if we removed the latency, which is often 10 seconds to 15 seconds of opening up a web view from News Feed that more people would read news. I think the initial data suggests that that's probably true. So that's good. We're getting more partners on. And over the long-term, I think one of the big things that we need to do is see if we can not only make this good for engagement for our partners, but also a really positive business driver for them too. So that's something that I'm excited about, and we'll hopefully have more news on that coming up.", "start": 498, "labels": ["ANSWER"]}, "origin": "manual", "to_name": "text", "from_name": "label-intro"}, {"type": "labels", "value": {"end": 1222, "text": "David M. Wehner", "start": 1206, "labels": ["REPRESENTATIVE"]}, "origin": "manual", "to_name": "text", "from_name": "label-intro"}, {"type": "labels", "value": {"end": 1824, "text": ": So, on the 49% year-over-year growth in impression, we're not providing a specific break down there. I would say that it's primarily driven by growth in Facebook mobile News Feed. We've talked about the drivers of supply being growth in DAU, growth in time spent per DAU and ad load, and obviously, we've given stats around rough stats around \u2013 we've given specific stats around DAU. We've talked about time spent per DAU being up double-digit. So I think you can make some assumptions around that. So that's probably the way to triangulate on that. I think we have time for one more question, Chris.", "start": 1223, "labels": ["ANSWER"]}, "origin": "manual", "to_name": "text", "from_name": "label-intro"}], "was_cancelled": false, "ground_truth": true, "created_at": "2022-02-04T10:03:51.601200Z", "updated_at": "2022-02-04T10:03:51.601205Z", "lead_time": null, "prediction": {}, "result_count": 0, "task": 17271, "parent_prediction": null, "parent_annotation": null}], "data": {"year": 2016, "company": "FB", "my_text": "\nOperator: The next question is from John Blackledge with Cowen & Co. Your line is open.\nJohn Blackledge: Great. Thanks. For Instant Articles, I think it went live globally for all publishers around the time of F8 in April. Just wondering if you can provide an update on the progress and how you see Instant Articles evolving over the next couple of years? And then maybe Dave, on the 49% year-over-year impression growth, how much of that was driven by ad loads? Thank you.\nMark Elliot Zuckerberg: If I can take Instant Articles quickly. I think it's going well. It's a good user experience. People like it. The hypothesis when we rolled it out was that if we removed the latency, which is often 10 seconds to 15 seconds of opening up a web view from News Feed that more people would read news. I think the initial data suggests that that's probably true. So that's good. We're getting more partners on. And over the long-term, I think one of the big things that we need to do is see if we can not only make this good for engagement for our partners, but also a really positive business driver for them too. So that's something that I'm excited about, and we'll hopefully have more news on that coming up.\nDavid M. Wehner: So, on the 49% year-over-year growth in impression, we're not providing a specific break down there. I would say that it's primarily driven by growth in Facebook mobile News Feed. We've talked about the drivers of supply being growth in DAU, growth in time spent per DAU and ad load, and obviously, we've given stats around rough stats around \u2013 we've given specific stats around DAU. We've talked about time spent per DAU being up double-digit. So I think you can make some assumptions around that. So that's probably the way to triangulate on that. I think we have time for one more question, Chris.", "quarter": 2}}