{"id": 17694, "annotations": [{"id": 17797, "completed_by": 2, "result": [{"type": "labels", "value": {"end": 9, "text": "Operator", "start": 0, "labels": ["OPERATOR"]}, "origin": "manual", "to_name": "text", "from_name": "label-intro"}, {"type": "labels", "value": {"end": 80, "text": ": Your next question comes from the line of Brent Thill from Jefferies.", "start": 10, "labels": ["INTRO"]}, "origin": "manual", "to_name": "text", "from_name": "label-intro"}, {"type": "labels", "value": {"end": 92, "text": "Brent Thill", "start": 80, "labels": ["ANALYST"]}, "origin": "manual", "to_name": "text", "from_name": "label-intro"}, {"type": "labels", "value": {"end": 679, "text": ": Thanks. Dave, I want to go back to the magnitude of the deceleration. I think many investors are having a hard time reconciling that type of deceleration considering how good the advertiser feedback is on your platform. And I realize you've outlined FX and Stories and the other factors, but is there something that you're hearing now from advertisers that is giving you more confidence that they're seeing something different about what we're all hearing right now? It just seems like the magnitude is beyond anything we've seen, especially across a number of tech names we all cover.", "start": 93, "labels": ["QUESTION"]}, "origin": "manual", "to_name": "text", "from_name": "label-intro"}, {"type": "labels", "value": {"end": 695, "text": "David M. Wehner", "start": 679, "labels": ["REPRESENTATIVE"]}, "origin": "manual", "to_name": "text", "from_name": "label-intro"}, {"type": "labels", "value": {"end": 1656, "text": ": Yeah. Brent, I'll take that. And if Sheryl wants to add color, she should step in as well. This is consistent \u2013 we consistently have seen over last eight quarters constant currency deceleration. So, there's a continuation of this trend. I don't think there's anything beyond that in the factors that I outlined. I would note we've been benefiting from continued growth across Instagram. Instagram ad load in feed is at the same level as Facebook, so that would be \u2013 that's certainly been helpful in our recent quarters. So I think when you look at the factors going forward, I would say we've got the currency impact, we've got some of the impacts around privacy and the like, but we continue to get good advertiser feedback on ROI. We continue to believe we're delivering great ROI for advertisers. So I don't think there's anything from the advertiser perspective that's necessarily playing out differently than expectations. Sheryl can add any color there.", "start": 696, "labels": ["ANSWER"]}, "origin": "manual", "to_name": "text", "from_name": "label-intro"}, {"type": "labels", "value": {"end": 1677, "text": "Sheryl Kara Sandberg", "start": 1656, "labels": ["REPRESENTATIVE"]}, "origin": "manual", "to_name": "text", "from_name": "label-intro"}, {"type": "labels", "value": {"end": 2378, "text": ": Yeah, I'd add there. Even at decreasing growth rates, we are still growing and predicting growth at very healthy rates, and that's based on returning for advertisers. We're very focused on helping advertisers meet their ultimate goals, looking at their ROI, looking at the return they get on ringing the cash register, whether that cash register rings online or offline. And we hear from them and we continue to see in our results that we continue to deliver strong results. So we have a lot of opportunity ahead of us. We're going to continue investing in that opportunity. And what we're hearing from advertisers all over the world is that they want to continue to grow and invest with us as well.", "start": 1678, "labels": ["ANSWER"]}, "origin": "manual", "to_name": "text", "from_name": "label-intro"}, {"type": "labels", "value": {"end": 2395, "text": "Deborah Crawford", "start": 2378, "labels": ["REPRESENTATIVE"]}, "origin": "manual", "to_name": "text", "from_name": "label-intro"}, {"type": "labels", "value": {"end": 2442, "text": ": Operator, we have time for one last question.", "start": 2396, "labels": ["ANSWER"]}, "origin": "manual", "to_name": "text", "from_name": "label-intro"}], "was_cancelled": false, "ground_truth": true, "created_at": "2022-02-04T10:25:34.009073Z", "updated_at": "2022-02-04T10:25:34.009078Z", "lead_time": null, "prediction": {}, "result_count": 0, "task": 17694, "parent_prediction": null, "parent_annotation": null}], "data": {"year": 2018, "company": "FB", "my_text": "\nOperator: Your next question comes from the line of Brent Thill from Jefferies.\nBrent Thill: Thanks. Dave, I want to go back to the magnitude of the deceleration. I think many investors are having a hard time reconciling that type of deceleration considering how good the advertiser feedback is on your platform. And I realize you've outlined FX and Stories and the other factors, but is there something that you're hearing now from advertisers that is giving you more confidence that they're seeing something different about what we're all hearing right now? It just seems like the magnitude is beyond anything we've seen, especially across a number of tech names we all cover.\nDavid M. Wehner: Yeah. Brent, I'll take that. And if Sheryl wants to add color, she should step in as well. This is consistent \u2013 we consistently have seen over last eight quarters constant currency deceleration. So, there's a continuation of this trend. I don't think there's anything beyond that in the factors that I outlined. I would note we've been benefiting from continued growth across Instagram. Instagram ad load in feed is at the same level as Facebook, so that would be \u2013 that's certainly been helpful in our recent quarters. So I think when you look at the factors going forward, I would say we've got the currency impact, we've got some of the impacts around privacy and the like, but we continue to get good advertiser feedback on ROI. We continue to believe we're delivering great ROI for advertisers. So I don't think there's anything from the advertiser perspective that's necessarily playing out differently than expectations. Sheryl can add any color there.\nSheryl Kara Sandberg: Yeah, I'd add there. Even at decreasing growth rates, we are still growing and predicting growth at very healthy rates, and that's based on returning for advertisers. We're very focused on helping advertisers meet their ultimate goals, looking at their ROI, looking at the return they get on ringing the cash register, whether that cash register rings online or offline. And we hear from them and we continue to see in our results that we continue to deliver strong results. So we have a lot of opportunity ahead of us. We're going to continue investing in that opportunity. And what we're hearing from advertisers all over the world is that they want to continue to grow and invest with us as well.\nDeborah Crawford: Operator, we have time for one last question.", "quarter": 2}}