{"id": 17627, "annotations": [{"id": 17730, "completed_by": 2, "result": [{"type": "labels", "value": {"end": 9, "text": "Operator", "start": 0, "labels": ["OPERATOR"]}, "origin": "manual", "to_name": "text", "from_name": "label-intro"}, {"type": "labels", "value": {"end": 80, "text": ": Your next question comes from the line of Ross Sandler from Barclays.", "start": 10, "labels": ["INTRO"]}, "origin": "manual", "to_name": "text", "from_name": "label-intro"}, {"type": "labels", "value": {"end": 93, "text": "Ross Sandler", "start": 80, "labels": ["ANALYST"]}, "origin": "manual", "to_name": "text", "from_name": "label-intro"}, {"type": "labels", "value": {"end": 680, "text": ": Great, guys, a couple questions on the messaging apps. I think two years ago at F8, you talked about WhatsApp user base about really north of 1 billion sending out 50 billion messages a day, and Messenger was about 1 billion and 20 billion messages a day, so implying kind of like 2.5 times the engagement on WhatsApp compared to Messenger. Is that accurate? And where does that stand today? And then both of these messaging apps started in different geographies around the world. So, how does that impact your thinking around monetization ideas between Messenger and WhatsApp? Thanks.", "start": 94, "labels": ["QUESTION"]}, "origin": "manual", "to_name": "text", "from_name": "label-intro"}, {"type": "labels", "value": {"end": 696, "text": "David M. Wehner", "start": 680, "labels": ["REPRESENTATIVE"]}, "origin": "manual", "to_name": "text", "from_name": "label-intro"}, {"type": "labels", "value": {"end": 1756, "text": ": Yeah. I don't think we're sharing detailed stats on engagement by messaging platform. They're obviously both critical platforms. Both have over 1.2 million monthly actives. And WhatsApp has demonstrated significant engagement with crossing 1 billion daily actives. So, I think that indicates the engagement that you have on that platform. There are different geographies where the messaging platforms are stronger. And depending on that, that shifts our priorities in different ways. But overall, from a monetization perspective, I think the strategy there is clear. We're focused on growing the user base, first and foremost. And then secondly, it's about building organic connections between businesses and consumers. And then third, it's about how do we build monetization around those relationships. And I think there, we're further along with Messenger than we are with WhatsApp. And so, I think you see us rolling out the global beta there with ads. So, I think we'll watch and learn from that. And as we learn things, we can apply them in other areas.", "start": 697, "labels": ["ANSWER"]}, "origin": "manual", "to_name": "text", "from_name": "label-intro"}], "was_cancelled": false, "ground_truth": true, "created_at": "2022-02-04T10:25:34.003918Z", "updated_at": "2022-02-04T10:25:34.003923Z", "lead_time": null, "prediction": {}, "result_count": 0, "task": 17627, "parent_prediction": null, "parent_annotation": null}], "data": {"year": 2017, "company": "FB", "my_text": "\nOperator: Your next question comes from the line of Ross Sandler from Barclays.\nRoss Sandler: Great, guys, a couple questions on the messaging apps. I think two years ago at F8, you talked about WhatsApp user base about really north of 1 billion sending out 50 billion messages a day, and Messenger was about 1 billion and 20 billion messages a day, so implying kind of like 2.5 times the engagement on WhatsApp compared to Messenger. Is that accurate? And where does that stand today? And then both of these messaging apps started in different geographies around the world. So, how does that impact your thinking around monetization ideas between Messenger and WhatsApp? Thanks.\nDavid M. Wehner: Yeah. I don't think we're sharing detailed stats on engagement by messaging platform. They're obviously both critical platforms. Both have over 1.2 million monthly actives. And WhatsApp has demonstrated significant engagement with crossing 1 billion daily actives. So, I think that indicates the engagement that you have on that platform. There are different geographies where the messaging platforms are stronger. And depending on that, that shifts our priorities in different ways. But overall, from a monetization perspective, I think the strategy there is clear. We're focused on growing the user base, first and foremost. And then secondly, it's about building organic connections between businesses and consumers. And then third, it's about how do we build monetization around those relationships. And I think there, we're further along with Messenger than we are with WhatsApp. And so, I think you see us rolling out the global beta there with ads. So, I think we'll watch and learn from that. And as we learn things, we can apply them in other areas.", "quarter": 2}}