{"id": 17633, "annotations": [{"id": 17736, "completed_by": 2, "result": [{"type": "labels", "value": {"end": 9, "text": "Operator", "start": 0, "labels": ["OPERATOR"]}, "origin": "manual", "to_name": "text", "from_name": "label-intro"}, {"type": "labels", "value": {"end": 72, "text": ": Your next question comes from the line of Mark May from Citi.", "start": 10, "labels": ["INTRO"]}, "origin": "manual", "to_name": "text", "from_name": "label-intro"}, {"type": "labels", "value": {"end": 84, "text": "Mark A. May", "start": 72, "labels": ["ANALYST"]}, "origin": "manual", "to_name": "text", "from_name": "label-intro"}, {"type": "labels", "value": {"end": 731, "text": ": Thanks for taking my questions. Sheryl, in your prepared remarks about a case study, you discussed the benefits of shorter video ads. But I was hoping you could provide an update on the mid-roll Ad Breaks that you've now been testing for a few months and maybe what kind of progress that you're seeing in terms of completion rates. Are you at a point where Ad Breaks can start to roll out more broadly? And then, Dave, you mentioned that a greater focus on video could impact growth in ad impressions. But would you also assume that a greater focus on video ads could also drive improved ad pricing and yield on your available inventory? Thanks.", "start": 85, "labels": ["QUESTION"]}, "origin": "manual", "to_name": "text", "from_name": "label-intro"}, {"type": "labels", "value": {"end": 752, "text": "Sheryl Kara Sandberg", "start": 731, "labels": ["REPRESENTATIVE"]}, "origin": "manual", "to_name": "text", "from_name": "label-intro"}, {"type": "labels", "value": {"end": 1565, "text": ": On Ad Breaks, we're currently really just testing the ability to put a short Ad Break in uploaded videos. We do it if a video is longer than 90 seconds or live videos are longer than 4 minutes. We're just in the process right now of expanding to more publishers in the United States, so it's really early. In terms of the metrics we're looking for, it's a great question. And obviously, we care that people view the ads, but the most important thing is tying those ads impressions, even if they're short views, all the way through to that same purchase data that we keep talking about. And so as we work on rolling out more Ad Breaks, and we are rolling out slowly, we're really focused on finding ways to help marketers measure the right things, and that's a very important focus for the company going forward.", "start": 753, "labels": ["ANSWER"]}, "origin": "manual", "to_name": "text", "from_name": "label-intro"}, {"type": "labels", "value": {"end": 1581, "text": "David M. Wehner", "start": 1565, "labels": ["REPRESENTATIVE"]}, "origin": "manual", "to_name": "text", "from_name": "label-intro"}, {"type": "labels", "value": {"end": 2881, "text": ": Now, Mark, you were asking about video and its impact on pricing growth. I would probably step back and look at it from an overall system perspective. And so starting with the supply side, there's a variety of factors that will impact impression growth, and I mentioned slower ad growth and then increasing video watch time as being two of them. And given there's an auction that drives the pricing in how we run the business, there's always an interplay between supply growth and pricing growth. And so what we're really focused on is driving better ROI for our advertisers. And Sheryl alluded to it in her earlier commentary about if we get better at converting our impressions into things that are valuable for advertisers and we get more efficient in doing that, we'll be rewarded with better pricing and higher demand at better pricing as a result of that hard work. That doesn't necessarily specifically pertain just to video. It really is across the board. So if we're effective at continuing to do that, then that should benefit pricing growth. And if we can grow demand faster than we grow supply, then we're going to see that play through in price. And that's really the goal of a lot of the hard work that the ads team does to make our products better and more effective for advertisers.", "start": 1582, "labels": ["ANSWER"]}, "origin": "manual", "to_name": "text", "from_name": "label-intro"}], "was_cancelled": false, "ground_truth": true, "created_at": "2022-02-04T10:25:34.004360Z", "updated_at": "2022-02-04T10:25:34.004365Z", "lead_time": null, "prediction": {}, "result_count": 0, "task": 17633, "parent_prediction": null, "parent_annotation": null}], "data": {"year": 2017, "company": "FB", "my_text": "\nOperator: Your next question comes from the line of Mark May from Citi.\nMark A. May: Thanks for taking my questions. Sheryl, in your prepared remarks about a case study, you discussed the benefits of shorter video ads. But I was hoping you could provide an update on the mid-roll Ad Breaks that you've now been testing for a few months and maybe what kind of progress that you're seeing in terms of completion rates. Are you at a point where Ad Breaks can start to roll out more broadly? And then, Dave, you mentioned that a greater focus on video could impact growth in ad impressions. But would you also assume that a greater focus on video ads could also drive improved ad pricing and yield on your available inventory? Thanks.\nSheryl Kara Sandberg: On Ad Breaks, we're currently really just testing the ability to put a short Ad Break in uploaded videos. We do it if a video is longer than 90 seconds or live videos are longer than 4 minutes. We're just in the process right now of expanding to more publishers in the United States, so it's really early. In terms of the metrics we're looking for, it's a great question. And obviously, we care that people view the ads, but the most important thing is tying those ads impressions, even if they're short views, all the way through to that same purchase data that we keep talking about. And so as we work on rolling out more Ad Breaks, and we are rolling out slowly, we're really focused on finding ways to help marketers measure the right things, and that's a very important focus for the company going forward.\nDavid M. Wehner: Now, Mark, you were asking about video and its impact on pricing growth. I would probably step back and look at it from an overall system perspective. And so starting with the supply side, there's a variety of factors that will impact impression growth, and I mentioned slower ad growth and then increasing video watch time as being two of them. And given there's an auction that drives the pricing in how we run the business, there's always an interplay between supply growth and pricing growth. And so what we're really focused on is driving better ROI for our advertisers. And Sheryl alluded to it in her earlier commentary about if we get better at converting our impressions into things that are valuable for advertisers and we get more efficient in doing that, we'll be rewarded with better pricing and higher demand at better pricing as a result of that hard work. That doesn't necessarily specifically pertain just to video. It really is across the board. So if we're effective at continuing to do that, then that should benefit pricing growth. And if we can grow demand faster than we grow supply, then we're going to see that play through in price. And that's really the goal of a lot of the hard work that the ads team does to make our products better and more effective for advertisers.", "quarter": 2}}