{"id": 17682, "annotations": [{"id": 17785, "completed_by": 2, "result": [{"type": "labels", "value": {"end": 9, "text": "Operator", "start": 0, "labels": ["OPERATOR"]}, "origin": "manual", "to_name": "text", "from_name": "label-intro"}, {"type": "labels", "value": {"end": 147, "text": ": Your next question comes from the line of Ross Sandler from Barclays. Your next question is from the line of Ross Sandler from Barclays.", "start": 10, "labels": ["INTRO"]}, "origin": "manual", "to_name": "text", "from_name": "label-intro"}, {"type": "labels", "value": {"end": 160, "text": "Ross Sandler", "start": 147, "labels": ["ANALYST"]}, "origin": "manual", "to_name": "text", "from_name": "label-intro"}, {"type": "labels", "value": {"end": 182, "text": ": Hi. Can you hear me?", "start": 161, "labels": ["QUESTION"]}, "origin": "manual", "to_name": "text", "from_name": "label-intro"}, {"type": "labels", "value": {"end": 203, "text": "Sheryl Kara Sandberg", "start": 182, "labels": ["REPRESENTATIVE"]}, "origin": "manual", "to_name": "text", "from_name": "label-intro"}, {"type": "labels", "value": {"end": 209, "text": ": Yes.", "start": 204, "labels": ["ANSWER"]}, "origin": "manual", "to_name": "text", "from_name": "label-intro"}, {"type": "labels", "value": {"end": 222, "text": "Ross Sandler", "start": 209, "labels": ["ANALYST"]}, "origin": "manual", "to_name": "text", "from_name": "label-intro"}, {"type": "labels", "value": {"end": 245, "text": ": Can you guys hear me?", "start": 223, "labels": ["QUESTION"]}, "origin": "manual", "to_name": "text", "from_name": "label-intro"}, {"type": "labels", "value": {"end": 261, "text": "David M. Wehner", "start": 245, "labels": ["REPRESENTATIVE"]}, "origin": "manual", "to_name": "text", "from_name": "label-intro"}, {"type": "labels", "value": {"end": 267, "text": ": Yes.", "start": 262, "labels": ["ANSWER"]}, "origin": "manual", "to_name": "text", "from_name": "label-intro"}, {"type": "labels", "value": {"end": 288, "text": "Sheryl Kara Sandberg", "start": 267, "labels": ["REPRESENTATIVE"]}, "origin": "manual", "to_name": "text", "from_name": "label-intro"}, {"type": "labels", "value": {"end": 294, "text": ": Yes.", "start": 289, "labels": ["ANSWER"]}, "origin": "manual", "to_name": "text", "from_name": "label-intro"}, {"type": "labels", "value": {"end": 307, "text": "Ross Sandler", "start": 294, "labels": ["ANALYST"]}, "origin": "manual", "to_name": "text", "from_name": "label-intro"}, {"type": "labels", "value": {"end": 711, "text": ": Okay. Sorry. Dave, I think you said that the quarter-on-quarter growth rates are going to be high-single digits lower than the prior-year quarter-on-quarter growth rates versus 3Q and 4Q. That would imply around a 20% year-on-year growth rate exiting fourth quarter. So just want to clarify, is that what you actually said? And if so, what's driving this fairly dramatic deceleration in revenue growth?", "start": 308, "labels": ["QUESTION"]}, "origin": "manual", "to_name": "text", "from_name": "label-intro"}, {"type": "labels", "value": {"end": 727, "text": "David M. Wehner", "start": 711, "labels": ["REPRESENTATIVE"]}, "origin": "manual", "to_name": "text", "from_name": "label-intro"}, {"type": "labels", "value": {"end": 1662, "text": ": Ross, so, yes, so we grew at 42% in the current quarter and we would expect decel in the high-single digits for the next couple quarters. In terms of what is driving the deceleration, it's a combination of factors, and I think I outlined those in my commentary. First of all, there's the currency, which is going from being a tailwind to being a modest headwind, we expect. Secondly, we're going to be focusing on growing engaging new experiences like Stories and promoting those. And that's going to have a negative impact on revenue growth. And then, finally, we're giving people who use the services more choice around privacy, and that's coming both in terms of impacts that could be ongoing from things like GDPR as well as other product options that we're providing that could have an impact on revenue growth. So it's a combination of all those factors that is leading to the deceleration of revenue growth in the second half.", "start": 728, "labels": ["ANSWER"]}, "origin": "manual", "to_name": "text", "from_name": "label-intro"}], "was_cancelled": false, "ground_truth": true, "created_at": "2022-02-04T10:25:34.008224Z", "updated_at": "2022-02-04T10:25:34.008230Z", "lead_time": null, "prediction": {}, "result_count": 0, "task": 17682, "parent_prediction": null, "parent_annotation": null}], "data": {"year": 2018, "company": "FB", "my_text": "\nOperator: Your next question comes from the line of Ross Sandler from Barclays. Your next question is from the line of Ross Sandler from Barclays.\nRoss Sandler: Hi. Can you hear me?\nSheryl Kara Sandberg: Yes.\nRoss Sandler: Can you guys hear me?\nDavid M. Wehner: Yes.\nSheryl Kara Sandberg: Yes.\nRoss Sandler: Okay. Sorry. Dave, I think you said that the quarter-on-quarter growth rates are going to be high-single digits lower than the prior-year quarter-on-quarter growth rates versus 3Q and 4Q. That would imply around a 20% year-on-year growth rate exiting fourth quarter. So just want to clarify, is that what you actually said? And if so, what's driving this fairly dramatic deceleration in revenue growth?\nDavid M. Wehner: Ross, so, yes, so we grew at 42% in the current quarter and we would expect decel in the high-single digits for the next couple quarters. In terms of what is driving the deceleration, it's a combination of factors, and I think I outlined those in my commentary. First of all, there's the currency, which is going from being a tailwind to being a modest headwind, we expect. Secondly, we're going to be focusing on growing engaging new experiences like Stories and promoting those. And that's going to have a negative impact on revenue growth. And then, finally, we're giving people who use the services more choice around privacy, and that's coming both in terms of impacts that could be ongoing from things like GDPR as well as other product options that we're providing that could have an impact on revenue growth. So it's a combination of all those factors that is leading to the deceleration of revenue growth in the second half.", "quarter": 2}}