{"id": 17743, "annotations": [{"id": 17846, "completed_by": 2, "result": [{"type": "labels", "value": {"end": 9, "text": "Operator", "start": 0, "labels": ["OPERATOR"]}, "origin": "manual", "to_name": "text", "from_name": "label-intro"}, {"type": "labels", "value": {"end": 68, "text": ": Your last question comes from Brent Thill from Jefferies.", "start": 10, "labels": ["INTRO"]}, "origin": "manual", "to_name": "text", "from_name": "label-intro"}, {"type": "labels", "value": {"end": 80, "text": "Brent Thill", "start": 68, "labels": ["ANALYST"]}, "origin": "manual", "to_name": "text", "from_name": "label-intro"}, {"type": "labels", "value": {"end": 541, "text": ": Thanks, Dave. I think a lot of us are having a hard time reconcile that the tougher comp in Q4. It was your easiest comp and you just accelerated your constant currency growth in the quarter. So I guess, just, is there any change in terms of the visibility or the contracts that you\u2019re putting together that lead you to that, any other color. I think there is a number of questions, just trying to understand why you have such strong conviction in that decel?", "start": 81, "labels": ["QUESTION"]}, "origin": "manual", "to_name": "text", "from_name": "label-intro"}, {"type": "labels", "value": {"end": 553, "text": "Dave Wehner", "start": 541, "labels": ["REPRESENTATIVE"]}, "origin": "manual", "to_name": "text", "from_name": "label-intro"}, {"type": "labels", "value": {"end": 1368, "text": ": Hey, Brent. So in terms of the outlook. Remember, we don\u2019t have contracted revenue. We are constantly working from an auction perspective. So our forecasts are based on supply and demand and how we see the different product launches playing into that different optimizations that we make. So there\u2019s a lot of granularity that goes into thinking about how revenue will progress that ultimately it\u2019s going to depend on the supply and demand characteristics in that given quarter when we do that and we see that we expect constant currency deceleration. And when we get to Q4 we\u2019re going to be lapping some particularly successful optimizations that we had in Q4 and that\u2019s going to contribute to more of a decel in Q4 than we think we\u2019ll see in Q3. So that\u2019s the reason I\u2019m characterizing the guidance the way I am.", "start": 554, "labels": ["ANSWER"]}, "origin": "manual", "to_name": "text", "from_name": "label-intro"}, {"type": "labels", "value": {"end": 1385, "text": "Deborah Crawford", "start": 1368, "labels": ["REPRESENTATIVE"]}, "origin": "manual", "to_name": "text", "from_name": "label-intro"}, {"type": "labels", "value": {"end": 1497, "text": ": Great. Thank you for joining us today. We appreciate your time and we look forward to speaking with you again.", "start": 1386, "labels": ["ANSWER"]}, "origin": "manual", "to_name": "text", "from_name": "label-intro"}], "was_cancelled": false, "ground_truth": true, "created_at": "2022-02-04T10:25:34.013037Z", "updated_at": "2022-02-04T10:25:34.013042Z", "lead_time": null, "prediction": {}, "result_count": 0, "task": 17743, "parent_prediction": null, "parent_annotation": null}], "data": {"year": 2019, "company": "FB", "my_text": "\nOperator: Your last question comes from Brent Thill from Jefferies.\nBrent Thill: Thanks, Dave. I think a lot of us are having a hard time reconcile that the tougher comp in Q4. It was your easiest comp and you just accelerated your constant currency growth in the quarter. So I guess, just, is there any change in terms of the visibility or the contracts that you\u2019re putting together that lead you to that, any other color. I think there is a number of questions, just trying to understand why you have such strong conviction in that decel?\nDave Wehner: Hey, Brent. So in terms of the outlook. Remember, we don\u2019t have contracted revenue. We are constantly working from an auction perspective. So our forecasts are based on supply and demand and how we see the different product launches playing into that different optimizations that we make. So there\u2019s a lot of granularity that goes into thinking about how revenue will progress that ultimately it\u2019s going to depend on the supply and demand characteristics in that given quarter when we do that and we see that we expect constant currency deceleration. And when we get to Q4 we\u2019re going to be lapping some particularly successful optimizations that we had in Q4 and that\u2019s going to contribute to more of a decel in Q4 than we think we\u2019ll see in Q3. So that\u2019s the reason I\u2019m characterizing the guidance the way I am.\nDeborah Crawford: Great. Thank you for joining us today. We appreciate your time and we look forward to speaking with you again.", "quarter": 2}}