{"id": 17695, "annotations": [{"id": 17798, "completed_by": 2, "result": [{"type": "labels", "value": {"end": 9, "text": "Operator", "start": 0, "labels": ["OPERATOR"]}, "origin": "manual", "to_name": "text", "from_name": "label-intro"}, {"type": "labels", "value": {"end": 89, "text": ": The last question comes from the line of Colin Sebastian from Robert W. Baird.", "start": 10, "labels": ["INTRO"]}, "origin": "manual", "to_name": "text", "from_name": "label-intro"}, {"type": "labels", "value": {"end": 110, "text": "Colin Alan Sebastian", "start": 89, "labels": ["ANALYST"]}, "origin": "manual", "to_name": "text", "from_name": "label-intro"}, {"type": "labels", "value": {"end": 892, "text": ": Great. Thanks. Just a couple of follow ups for me. First off, Dave, maybe I missed this, but what timeframe are you referring to in terms of getting down to the mid-30s operating margin? And does that outlook assume any meaningful contribution from any of the new areas of innovation that you highlighted on the call? Just trying to figure out how much of that might be more conservatism. And then, on the near-term trends and the midterm elections in the U.S., given the amount of scrutiny that will exist in your platform, how should we think about your level of preparation on one hand to manage content? And then, on the other hand, is this part of the potential impact on monetization revenue growth in the back half of the year that you're taking into consideration? Thanks.", "start": 111, "labels": ["QUESTION"]}, "origin": "manual", "to_name": "text", "from_name": "label-intro"}, {"type": "labels", "value": {"end": 908, "text": "David M. Wehner", "start": 892, "labels": ["REPRESENTATIVE"]}, "origin": "manual", "to_name": "text", "from_name": "label-intro"}, {"type": "labels", "value": {"end": 1923, "text": ": Sure, Collin. Let me take a crack at that. So, in terms of the guidance, I've given guidance. This is several years, so more than two but less than many. So it's over a timeframe more than two years is our expectation. And then in terms of does that have any meaningful contribution from areas of innovation, we talked about some of the areas that we're investing in. Obviously, on the safety and security side, those are costs that are layering in that we think are the right thing to do for the business but don't necessarily have a revenue impact. So it certainly takes those into account. It also takes into account the ongoing investments we're making in the longer-term innovation work, which I don't think will necessarily have any meaningful revenue relative to the size of the business in those time frames. We're also investing in things like video, Watch and the like, which have the potential to condition tribute on the revenue side, but still relatively small in perspective of the overall business.", "start": 909, "labels": ["ANSWER"]}, "origin": "manual", "to_name": "text", "from_name": "label-intro"}, {"type": "labels", "value": {"end": 1946, "text": "Mark Elliot Zuckerberg", "start": 1923, "labels": ["REPRESENTATIVE"]}, "origin": "manual", "to_name": "text", "from_name": "label-intro"}, {"type": "labels", "value": {"end": 4037, "text": ": All right. And I can take the question on the midterm elections. So, yes, the short answer is that we're much more confident that we're going to get this right for the elections in the 2018, which include the U.S. midterms, but also the elections in Brazil and upcoming elections in early-2019 in India and the EU. And the reason why we're confident that we can get this right is because there have been several elections since the 2016 ones that have had much better results, including the French presidential election, the German elections, the Alabama special election, and the Mexican election about a month ago. And in each of these \u2013 going back to 2016, we were \u2013 we have a very big security team that was focused on security around even the 2016 election and we found hacking and phishing attacks that the Russian government was trying to do, and we notified the right people about those. But 2016 was really the first time that we saw this kind of coordinated information operation. And since then, we've built the playbook out that has included building AI tools to identify thousands of fake accounts and groups and pages that violate the policies. It's included growing the security and content review teams to 20,000 people to be able to handle the volume of work that we need to do. And it includes a lot of the transparency work around advertising in general, but also the political and issue ads archive and verifying all advertisers who are trying to run political and issue ads. There are a number of other things that we're doing too, including creating an external program for independent academics to study how the impact of social media and how foreign governments try to interfere in elections. And that will have a longer-term impact as well. But the short answer here is we've been very focused on this. 2018 is a big year. And because of the successful results that we've seen in a number of elections recently, we feel like our road map and our level of preparation is much higher now than it has been. And we feel relatively confident going into these elections.", "start": 1947, "labels": ["ANSWER"]}, "origin": "manual", "to_name": "text", "from_name": "label-intro"}, {"type": "labels", "value": {"end": 4054, "text": "Deborah Crawford", "start": 4037, "labels": ["REPRESENTATIVE"]}, "origin": "manual", "to_name": "text", "from_name": "label-intro"}, {"type": "labels", "value": {"end": 4178, "text": ": Great. Thank you. Thank you for joining us today. We appreciate your time, and we look forward to speaking with you again.", "start": 4055, "labels": ["ANSWER"]}, "origin": "manual", "to_name": "text", "from_name": "label-intro"}], "was_cancelled": false, "ground_truth": true, "created_at": "2022-02-04T10:25:34.009162Z", "updated_at": "2022-02-04T10:25:34.009167Z", "lead_time": null, "prediction": {}, "result_count": 0, "task": 17695, "parent_prediction": null, "parent_annotation": null}], "data": {"year": 2018, "company": "FB", "my_text": "\nOperator: The last question comes from the line of Colin Sebastian from Robert W. Baird.\nColin Alan Sebastian: Great. Thanks. Just a couple of follow ups for me. First off, Dave, maybe I missed this, but what timeframe are you referring to in terms of getting down to the mid-30s operating margin? And does that outlook assume any meaningful contribution from any of the new areas of innovation that you highlighted on the call? Just trying to figure out how much of that might be more conservatism. And then, on the near-term trends and the midterm elections in the U.S., given the amount of scrutiny that will exist in your platform, how should we think about your level of preparation on one hand to manage content? And then, on the other hand, is this part of the potential impact on monetization revenue growth in the back half of the year that you're taking into consideration? Thanks.\nDavid M. Wehner: Sure, Collin. Let me take a crack at that. So, in terms of the guidance, I've given guidance. This is several years, so more than two but less than many. So it's over a timeframe more than two years is our expectation. And then in terms of does that have any meaningful contribution from areas of innovation, we talked about some of the areas that we're investing in. Obviously, on the safety and security side, those are costs that are layering in that we think are the right thing to do for the business but don't necessarily have a revenue impact. So it certainly takes those into account. It also takes into account the ongoing investments we're making in the longer-term innovation work, which I don't think will necessarily have any meaningful revenue relative to the size of the business in those time frames. We're also investing in things like video, Watch and the like, which have the potential to condition tribute on the revenue side, but still relatively small in perspective of the overall business.\nMark Elliot Zuckerberg: All right. And I can take the question on the midterm elections. So, yes, the short answer is that we're much more confident that we're going to get this right for the elections in the 2018, which include the U.S. midterms, but also the elections in Brazil and upcoming elections in early-2019 in India and the EU. And the reason why we're confident that we can get this right is because there have been several elections since the 2016 ones that have had much better results, including the French presidential election, the German elections, the Alabama special election, and the Mexican election about a month ago. And in each of these \u2013 going back to 2016, we were \u2013 we have a very big security team that was focused on security around even the 2016 election and we found hacking and phishing attacks that the Russian government was trying to do, and we notified the right people about those. But 2016 was really the first time that we saw this kind of coordinated information operation. And since then, we've built the playbook out that has included building AI tools to identify thousands of fake accounts and groups and pages that violate the policies. It's included growing the security and content review teams to 20,000 people to be able to handle the volume of work that we need to do. And it includes a lot of the transparency work around advertising in general, but also the political and issue ads archive and verifying all advertisers who are trying to run political and issue ads. There are a number of other things that we're doing too, including creating an external program for independent academics to study how the impact of social media and how foreign governments try to interfere in elections. And that will have a longer-term impact as well. But the short answer here is we've been very focused on this. 2018 is a big year. And because of the successful results that we've seen in a number of elections recently, we feel like our road map and our level of preparation is much higher now than it has been. And we feel relatively confident going into these elections.\nDeborah Crawford: Great. Thank you. Thank you for joining us today. We appreciate your time, and we look forward to speaking with you again.", "quarter": 2}}