{"id": 17741, "annotations": [{"id": 17844, "completed_by": 2, "result": [{"type": "labels", "value": {"end": 9, "text": "Operator", "start": 0, "labels": ["OPERATOR"]}, "origin": "manual", "to_name": "text", "from_name": "label-intro"}, {"type": "labels", "value": {"end": 70, "text": ": Your next question comes from Ben Schachter from Macquarie.", "start": 10, "labels": ["INTRO"]}, "origin": "manual", "to_name": "text", "from_name": "label-intro"}, {"type": "labels", "value": {"end": 84, "text": "Ben Schachter", "start": 70, "labels": ["ANALYST"]}, "origin": "manual", "to_name": "text", "from_name": "label-intro"}, {"type": "labels", "value": {"end": 551, "text": ": Mark in 1Q, you mentioned specifically that GDPR had an impact on the business. I was just wondering if you can give an update on that? And then longer term on Facebook, you focused a few times now on buying and selling goods there. Just wondering if you can comment on how you think of services versus goods for example monetizing recommending a house painter versus selling a widget. And also can you talk about the timing of how marketplace might evolve? Thanks.", "start": 85, "labels": ["QUESTION"]}, "origin": "manual", "to_name": "text", "from_name": "label-intro"}, {"type": "labels", "value": {"end": 567, "text": "Mark Zuckerberg", "start": 551, "labels": ["REPRESENTATIVE"]}, "origin": "manual", "to_name": "text", "from_name": "label-intro"}, {"type": "labels", "value": {"end": 655, "text": ": Yes, I don\u2019t know, Dave if you want to talk about the GDPR impact. And then I can end.", "start": 568, "labels": ["ANSWER"]}, "origin": "manual", "to_name": "text", "from_name": "label-intro"}, {"type": "labels", "value": {"end": 667, "text": "Dave Wehner", "start": 655, "labels": ["REPRESENTATIVE"]}, "origin": "manual", "to_name": "text", "from_name": "label-intro"}, {"type": "labels", "value": {"end": 1060, "text": ": Yes, Ben. So, just in terms of GDPR I kind of address that earlier, we do see that having an impact in Europe that we did see a reacceleration in growth in Europe, as we have lapped the initial implementation of GDPR. So that\u2019s promising, but we continue to see Europe growing just a bit slower than the rest of the regions. But overall, not a whole lot of additional color to provide there.", "start": 668, "labels": ["ANSWER"]}, "origin": "manual", "to_name": "text", "from_name": "label-intro"}, {"type": "labels", "value": {"end": 1076, "text": "Mark Zuckerberg", "start": 1060, "labels": ["REPRESENTATIVE"]}, "origin": "manual", "to_name": "text", "from_name": "label-intro"}, {"type": "labels", "value": {"end": 2085, "text": ": Yes. And in Marketplace, we definitely are going to focus on some of the areas that you talked about including jobs is already a pretty meaningful focus where a lot of people do find jobs and business is less jobs through Facebook. I don\u2019t want to, I don\u2019t know what our last public status here. So I\u2019m not going to attempt to site something but it\u2019s meaningful. And the business model around this is probably not going to be charging for listings but advertising. And in order to promote things both in and what we\u2019re doing on Instagram with shopping and in Facebook Marketplace and in the general approach to payments is providing as affordably as possible to improve the user experience and complete transactions which will of course make the tools more valuable for businesses overall and should make the ad prices go up. And that should be the primary thing that we\u2019re focused on. Someone just handed me a piece of paper, which says that we have helped a million people find jobs. So there is the stat.", "start": 1077, "labels": ["ANSWER"]}, "origin": "manual", "to_name": "text", "from_name": "label-intro"}], "was_cancelled": false, "ground_truth": true, "created_at": "2022-02-04T10:25:34.012854Z", "updated_at": "2022-02-04T10:25:34.012860Z", "lead_time": null, "prediction": {}, "result_count": 0, "task": 17741, "parent_prediction": null, "parent_annotation": null}], "data": {"year": 2019, "company": "FB", "my_text": "\nOperator: Your next question comes from Ben Schachter from Macquarie.\nBen Schachter: Mark in 1Q, you mentioned specifically that GDPR had an impact on the business. I was just wondering if you can give an update on that? And then longer term on Facebook, you focused a few times now on buying and selling goods there. Just wondering if you can comment on how you think of services versus goods for example monetizing recommending a house painter versus selling a widget. And also can you talk about the timing of how marketplace might evolve? Thanks.\nMark Zuckerberg: Yes, I don\u2019t know, Dave if you want to talk about the GDPR impact. And then I can end.\nDave Wehner: Yes, Ben. So, just in terms of GDPR I kind of address that earlier, we do see that having an impact in Europe that we did see a reacceleration in growth in Europe, as we have lapped the initial implementation of GDPR. So that\u2019s promising, but we continue to see Europe growing just a bit slower than the rest of the regions. But overall, not a whole lot of additional color to provide there.\nMark Zuckerberg: Yes. And in Marketplace, we definitely are going to focus on some of the areas that you talked about including jobs is already a pretty meaningful focus where a lot of people do find jobs and business is less jobs through Facebook. I don\u2019t want to, I don\u2019t know what our last public status here. So I\u2019m not going to attempt to site something but it\u2019s meaningful. And the business model around this is probably not going to be charging for listings but advertising. And in order to promote things both in and what we\u2019re doing on Instagram with shopping and in Facebook Marketplace and in the general approach to payments is providing as affordably as possible to improve the user experience and complete transactions which will of course make the tools more valuable for businesses overall and should make the ad prices go up. And that should be the primary thing that we\u2019re focused on. Someone just handed me a piece of paper, which says that we have helped a million people find jobs. So there is the stat.", "quarter": 2}}