{"id": 17230, "annotations": [{"id": 17333, "completed_by": 2, "result": [{"type": "labels", "value": {"end": 9, "text": "Operator", "start": 0, "labels": ["OPERATOR"]}, "origin": "manual", "to_name": "text", "from_name": "label-intro"}, {"type": "labels", "value": {"end": 103, "text": ": The next question is from Justin Post with Bank of America Merrill Lynch. Your line is open.", "start": 10, "labels": ["INTRO"]}, "origin": "manual", "to_name": "text", "from_name": "label-intro"}, {"type": "labels", "value": {"end": 115, "text": "Justin Post", "start": 103, "labels": ["ANALYST"]}, "origin": "manual", "to_name": "text", "from_name": "label-intro"}, {"type": "labels", "value": {"end": 526, "text": ": First, Mark, could you talk a little bit about how much activity you see around Events on Facebook and maybe your views on whether Facebook could benefit from political activity or advertising? And then, Sheryl, could you talk a little bit about where ad loads are today? Is there still room there? And also just what your feedback you're getting on advertiser ROIs, is there still more room there? Thank you.", "start": 116, "labels": ["QUESTION"]}, "origin": "manual", "to_name": "text", "from_name": "label-intro"}, {"type": "labels", "value": {"end": 542, "text": "David M. Wehner", "start": 526, "labels": ["REPRESENTATIVE"]}, "origin": "manual", "to_name": "text", "from_name": "label-intro"}, {"type": "labels", "value": {"end": 1204, "text": ": Yeah, sure. I'll start with the question on ad load. It's Dave and then Sheryl can follow up on the political question. So, yeah, so, Justin, over time ad load has been one of the factors driving year-over-year growth. It's just worth noting that it is up significantly from where we were two years ago. Looking forward, we continue to feel like there are good opportunities to grow the business. I talked about the three factors that contributed to growth this quarter: ad demand, users and engagement and ad load. And we see all of those continuing to be factors for growth going forward. And then, Sheryl, did you want to take the question on the political?", "start": 543, "labels": ["ANSWER"]}, "origin": "manual", "to_name": "text", "from_name": "label-intro"}, {"type": "labels", "value": {"end": 1223, "text": "Sheryl K. Sandberg", "start": 1204, "labels": ["REPRESENTATIVE"]}, "origin": "manual", "to_name": "text", "from_name": "label-intro"}, {"type": "labels", "value": {"end": 2433, "text": ": Yeah. And I'll take Events, too. Just as Mark said with Groups, Events are growing quickly on Facebook. We don't break out by product, but we're pleased with the growth. On the elections and political activity and political advertising, we're excited about the elections because we think we give politicians and people a really compelling way to interact. If you wanted to feel like you were interacting with someone running for office before, you had to go to a town hall meeting. And increasingly, that's happening on Facebook. So between January 1 and October 7 of this year, over 68 million people on Facebook in the U.S. made over 1 billion interactions about the campaign alone, and every candidate and every member of Congress is on Facebook now. In terms of the revenue impact, no one vertical drives our business. We have a very large and diversified business. But we think we offer something pretty compelling, which is the reach of Facebook with very unique targeting. So on Facebook, you can target an ad by district, by interest. Ben Carson ran 240 different ads targeted at different audiences, and so we're starting to see candidates use our platform to communicate, to advertise and to share.", "start": 1224, "labels": ["ANSWER"]}, "origin": "manual", "to_name": "text", "from_name": "label-intro"}], "was_cancelled": false, "ground_truth": true, "created_at": "2022-02-04T10:03:51.597946Z", "updated_at": "2022-02-04T10:03:51.597952Z", "lead_time": null, "prediction": {}, "result_count": 0, "task": 17230, "parent_prediction": null, "parent_annotation": null}], "data": {"year": 2015, "company": "FB", "my_text": "\nOperator: The next question is from Justin Post with Bank of America Merrill Lynch. Your line is open.\nJustin Post: First, Mark, could you talk a little bit about how much activity you see around Events on Facebook and maybe your views on whether Facebook could benefit from political activity or advertising? And then, Sheryl, could you talk a little bit about where ad loads are today? Is there still room there? And also just what your feedback you're getting on advertiser ROIs, is there still more room there? Thank you.\nDavid M. Wehner: Yeah, sure. I'll start with the question on ad load. It's Dave and then Sheryl can follow up on the political question. So, yeah, so, Justin, over time ad load has been one of the factors driving year-over-year growth. It's just worth noting that it is up significantly from where we were two years ago. Looking forward, we continue to feel like there are good opportunities to grow the business. I talked about the three factors that contributed to growth this quarter: ad demand, users and engagement and ad load. And we see all of those continuing to be factors for growth going forward. And then, Sheryl, did you want to take the question on the political?\nSheryl K. Sandberg: Yeah. And I'll take Events, too. Just as Mark said with Groups, Events are growing quickly on Facebook. We don't break out by product, but we're pleased with the growth. On the elections and political activity and political advertising, we're excited about the elections because we think we give politicians and people a really compelling way to interact. If you wanted to feel like you were interacting with someone running for office before, you had to go to a town hall meeting. And increasingly, that's happening on Facebook. So between January 1 and October 7 of this year, over 68 million people on Facebook in the U.S. made over 1 billion interactions about the campaign alone, and every candidate and every member of Congress is on Facebook now. In terms of the revenue impact, no one vertical drives our business. We have a very large and diversified business. But we think we offer something pretty compelling, which is the reach of Facebook with very unique targeting. So on Facebook, you can target an ad by district, by interest. Ben Carson ran 240 different ads targeted at different audiences, and so we're starting to see candidates use our platform to communicate, to advertise and to share.", "quarter": 3}}