{"id": 17265, "annotations": [{"id": 17368, "completed_by": 2, "result": [{"type": "labels", "value": {"end": 9, "text": "Operator", "start": 0, "labels": ["OPERATOR"]}, "origin": "manual", "to_name": "text", "from_name": "label-intro"}, {"type": "labels", "value": {"end": 87, "text": ": The next question is from Anthony DiClemente with Nomura. Your line is open.", "start": 10, "labels": ["INTRO"]}, "origin": "manual", "to_name": "text", "from_name": "label-intro"}, {"type": "labels", "value": {"end": 106, "text": "Anthony DiClemente", "start": 87, "labels": ["ANALYST"]}, "origin": "manual", "to_name": "text", "from_name": "label-intro"}, {"type": "labels", "value": {"end": 920, "text": ": Great. Thank you for taking my questions. I have one for Mark and one for Sheryl. Mark, you mentioned search in your prepared remarks, two billion searches a day on Facebook. I also noticed you said you're making it easier for users to connect to businesses. How far away are you from commercial search on Facebook being viable? Why can't you do that today? And how big of an opportunity could commercial search be? And then, Sheryl, you mentioned the expansion of the Facebook Audience Network. Can you talk more about the revenue opportunity of bringing Facebook's targeting tools to other video publishers? How fast is Audience Network monetization growing? Is it accelerating, for example, and how do you see the revenue opportunity of expanding the Audience Network across the mobile web as well? Thank you.", "start": 107, "labels": ["QUESTION"]}, "origin": "manual", "to_name": "text", "from_name": "label-intro"}, {"type": "labels", "value": {"end": 943, "text": "Mark Elliot Zuckerberg", "start": 920, "labels": ["REPRESENTATIVE"]}, "origin": "manual", "to_name": "text", "from_name": "label-intro"}, {"type": "labels", "value": {"end": 2165, "text": ": I can take search. So when we talk about our strategy, I often talk about how when we develop new products we think about it in three phases. First, building a consumer use case; then, second, making it so that people can organically interact with businesses; and then third, on top of that, once there's a large volume of people interacting with businesses. Give businesses tools to reach more people and pay, and that's ultimately the business opportunity. So, I'd say, we're around the second phase of that in search now. You know, we have a pretty big navigational use case where people look up people and pages and groups that they want to get to and look at in search. One of the big growing use case is that we're investing a lot in is looking up the content in the ecosystem, and that is an area that we're very excited about, which helps people find more content. But certainly there's a reasonable amount of behavior in there which is looking for things that, over time, could be monetizable or commercial intent. And at some point we will probably want to work on that, but we're still in the phase of just making it easier for people to find all the content they want and connect with businesses organically.", "start": 944, "labels": ["ANSWER"]}, "origin": "manual", "to_name": "text", "from_name": "label-intro"}, {"type": "labels", "value": {"end": 2184, "text": "Sheryl K. Sandberg", "start": 2165, "labels": ["REPRESENTATIVE"]}, "origin": "manual", "to_name": "text", "from_name": "label-intro"}, {"type": "labels", "value": {"end": 3554, "text": ": On the Audience Network, we continue to invest in ad tech, and the Audience Network is a key part of our focus there. We don't break out revenue by our different platforms. But the opportunity to take not just video ads, but other ad formats we have, bring them to the rest of the web and other apps with our ability to target and measure, we think is a big one. And what we're starting to see is that people are using Facebook, Instagram and Audience Network to drive their objective in a cohesive way. So to share an example, Garmin launched the Fenix 3 Sapphire watch, and they did it with videos ads on Facebook that worked without sound. They targeted outdoor enthusiasts then retargeted people who viewed the Instagram videos with Carousel ads on Facebook that highlighted the product features. Then they extended those ads on Audience Network to maximize reach, and they used the Facebook Pixels to measure the incremental sales, and got to a 9.7 times return on ad sales. So that's a really good example of how you can take targeting and the ability to target across Audience Network, Facebook and Instagram and drive people all the way down the funnel. And we think more and more people will do that, particularly as we do a better job of combining the interfaces. So, for example, you can buy now in one interface on Facebook, Instagram and Audience Network.", "start": 2185, "labels": ["ANSWER"]}, "origin": "manual", "to_name": "text", "from_name": "label-intro"}, {"type": "labels", "value": {"end": 3570, "text": "David M. Wehner", "start": 3554, "labels": ["REPRESENTATIVE"]}, "origin": "manual", "to_name": "text", "from_name": "label-intro"}, {"type": "labels", "value": {"end": 3833, "text": ": And then, Anthony, just one thing to add on top of that, just the \u2013 we recognize the majority of our third-party advertising revenues of the Audience Network on a net rather than gross basis. So that will also minimize the impact that will have on the top line.", "start": 3571, "labels": ["ANSWER"]}, "origin": "manual", "to_name": "text", "from_name": "label-intro"}], "was_cancelled": false, "ground_truth": true, "created_at": "2022-02-04T10:03:51.600675Z", "updated_at": "2022-02-04T10:03:51.600680Z", "lead_time": null, "prediction": {}, "result_count": 0, "task": 17265, "parent_prediction": null, "parent_annotation": null}], "data": {"year": 2016, "company": "FB", "my_text": "\nOperator: The next question is from Anthony DiClemente with Nomura. Your line is open.\nAnthony DiClemente: Great. Thank you for taking my questions. I have one for Mark and one for Sheryl. Mark, you mentioned search in your prepared remarks, two billion searches a day on Facebook. I also noticed you said you're making it easier for users to connect to businesses. How far away are you from commercial search on Facebook being viable? Why can't you do that today? And how big of an opportunity could commercial search be? And then, Sheryl, you mentioned the expansion of the Facebook Audience Network. Can you talk more about the revenue opportunity of bringing Facebook's targeting tools to other video publishers? How fast is Audience Network monetization growing? Is it accelerating, for example, and how do you see the revenue opportunity of expanding the Audience Network across the mobile web as well? Thank you.\nMark Elliot Zuckerberg: I can take search. So when we talk about our strategy, I often talk about how when we develop new products we think about it in three phases. First, building a consumer use case; then, second, making it so that people can organically interact with businesses; and then third, on top of that, once there's a large volume of people interacting with businesses. Give businesses tools to reach more people and pay, and that's ultimately the business opportunity. So, I'd say, we're around the second phase of that in search now. You know, we have a pretty big navigational use case where people look up people and pages and groups that they want to get to and look at in search. One of the big growing use case is that we're investing a lot in is looking up the content in the ecosystem, and that is an area that we're very excited about, which helps people find more content. But certainly there's a reasonable amount of behavior in there which is looking for things that, over time, could be monetizable or commercial intent. And at some point we will probably want to work on that, but we're still in the phase of just making it easier for people to find all the content they want and connect with businesses organically.\nSheryl K. Sandberg: On the Audience Network, we continue to invest in ad tech, and the Audience Network is a key part of our focus there. We don't break out revenue by our different platforms. But the opportunity to take not just video ads, but other ad formats we have, bring them to the rest of the web and other apps with our ability to target and measure, we think is a big one. And what we're starting to see is that people are using Facebook, Instagram and Audience Network to drive their objective in a cohesive way. So to share an example, Garmin launched the Fenix 3 Sapphire watch, and they did it with videos ads on Facebook that worked without sound. They targeted outdoor enthusiasts then retargeted people who viewed the Instagram videos with Carousel ads on Facebook that highlighted the product features. Then they extended those ads on Audience Network to maximize reach, and they used the Facebook Pixels to measure the incremental sales, and got to a 9.7 times return on ad sales. So that's a really good example of how you can take targeting and the ability to target across Audience Network, Facebook and Instagram and drive people all the way down the funnel. And we think more and more people will do that, particularly as we do a better job of combining the interfaces. So, for example, you can buy now in one interface on Facebook, Instagram and Audience Network.\nDavid M. Wehner: And then, Anthony, just one thing to add on top of that, just the \u2013 we recognize the majority of our third-party advertising revenues of the Audience Network on a net rather than gross basis. So that will also minimize the impact that will have on the top line.", "quarter": 2}}