{"id": 17253, "annotations": [{"id": 17356, "completed_by": 2, "result": [{"type": "labels", "value": {"end": 9, "text": "Operator", "start": 0, "labels": ["OPERATOR"]}, "origin": "manual", "to_name": "text", "from_name": "label-intro"}, {"type": "labels", "value": {"end": 94, "text": ": Your next question is from John Blackledge with Cowen & Company. Your line is open.", "start": 10, "labels": ["INTRO"]}, "origin": "manual", "to_name": "text", "from_name": "label-intro"}, {"type": "labels", "value": {"end": 110, "text": "John Blackledge", "start": 94, "labels": ["ANALYST"]}, "origin": "manual", "to_name": "text", "from_name": "label-intro"}, {"type": "labels", "value": {"end": 500, "text": ": Great, thank you, two questions. So Facebook just opened up Instant Articles globally to all publishers. I'm just wondering what you see as a publisher's benefit in joining Instant Articles. And how we should think about the monetization impact in 2016? And then second question, the ad revenue in APAC was much better than we thought, just any more color on the drivers there. Thank you.", "start": 111, "labels": ["QUESTION"]}, "origin": "manual", "to_name": "text", "from_name": "label-intro"}, {"type": "labels", "value": {"end": 523, "text": "Mark Elliot Zuckerberg", "start": 500, "labels": ["REPRESENTATIVE"]}, "origin": "manual", "to_name": "text", "from_name": "label-intro"}, {"type": "labels", "value": {"end": 1409, "text": ": So Instant Articles is all about the quality of the consumer experience. Right now for links that are not Instant Articles, it can be one of the slowest parts of the Facebook app. You're browsing through a News Feed, you tap on a link, if you're not on a good connection, the content isn't cached, it can take 10 or 20 seconds in some cases for that content to load. And people in our community, they don't know the difference about whether that content is coming from Facebook or a different place. They hold us accountable for making their experience quick, and we want to do everything we can to do that. So Instant Articles makes it so that any publisher around the world now can deliver a really great native experience instantly with no latency in loading it. And we're just seeing that people like to engage with that a lot more. So that's where we're most excited about there.", "start": 524, "labels": ["ANSWER"]}, "origin": "manual", "to_name": "text", "from_name": "label-intro"}, {"type": "labels", "value": {"end": 1428, "text": "Sheryl K. Sandberg", "start": 1409, "labels": ["REPRESENTATIVE"]}, "origin": "manual", "to_name": "text", "from_name": "label-intro"}, {"type": "labels", "value": {"end": 2651, "text": ": The APAC question, it has been growing really well for several quarters now, and we're seeing a lot of great adoption as people learn to use the products. One part of the business that I think has been really strong and is worth noting is we're working with marketers in China to help with their export business. So Air China is a good example. They're a popular airline in China, but they don't really have \u2013 they're not really as well-known overseas. And before working with us, they really only invested in traditional media. They had a goal of promoting their new flight routes, including one from Mumbai to Beijing, and their new aircraft. So they launched a campaign with us in 15 countries globally. They used reach and frequency and Carousel and video ad targeting. And for example, they would target in the U.S. age 18 and above frequent international travelers living in cities where they had routes or Indian expats living in the U.S. to promote new routes to Mumbai. They reached 30 million people globally, more than 95% on mobile. And here's the best part, they had a 73% sales lift in the United States. So our APAC business is robust, and I think the global nature of our business is part of driving that.", "start": 1429, "labels": ["ANSWER"]}, "origin": "manual", "to_name": "text", "from_name": "label-intro"}], "was_cancelled": false, "ground_truth": true, "created_at": "2022-02-04T10:03:51.599744Z", "updated_at": "2022-02-04T10:03:51.599749Z", "lead_time": null, "prediction": {}, "result_count": 0, "task": 17253, "parent_prediction": null, "parent_annotation": null}], "data": {"year": 2016, "company": "FB", "my_text": "\nOperator: Your next question is from John Blackledge with Cowen & Company. Your line is open.\nJohn Blackledge: Great, thank you, two questions. So Facebook just opened up Instant Articles globally to all publishers. I'm just wondering what you see as a publisher's benefit in joining Instant Articles. And how we should think about the monetization impact in 2016? And then second question, the ad revenue in APAC was much better than we thought, just any more color on the drivers there. Thank you.\nMark Elliot Zuckerberg: So Instant Articles is all about the quality of the consumer experience. Right now for links that are not Instant Articles, it can be one of the slowest parts of the Facebook app. You're browsing through a News Feed, you tap on a link, if you're not on a good connection, the content isn't cached, it can take 10 or 20 seconds in some cases for that content to load. And people in our community, they don't know the difference about whether that content is coming from Facebook or a different place. They hold us accountable for making their experience quick, and we want to do everything we can to do that. So Instant Articles makes it so that any publisher around the world now can deliver a really great native experience instantly with no latency in loading it. And we're just seeing that people like to engage with that a lot more. So that's where we're most excited about there.\nSheryl K. Sandberg: The APAC question, it has been growing really well for several quarters now, and we're seeing a lot of great adoption as people learn to use the products. One part of the business that I think has been really strong and is worth noting is we're working with marketers in China to help with their export business. So Air China is a good example. They're a popular airline in China, but they don't really have \u2013 they're not really as well-known overseas. And before working with us, they really only invested in traditional media. They had a goal of promoting their new flight routes, including one from Mumbai to Beijing, and their new aircraft. So they launched a campaign with us in 15 countries globally. They used reach and frequency and Carousel and video ad targeting. And for example, they would target in the U.S. age 18 and above frequent international travelers living in cities where they had routes or Indian expats living in the U.S. to promote new routes to Mumbai. They reached 30 million people globally, more than 95% on mobile. And here's the best part, they had a 73% sales lift in the United States. So our APAC business is robust, and I think the global nature of our business is part of driving that.", "quarter": 1}}