{"id": 17723, "annotations": [{"id": 17826, "completed_by": 2, "result": [{"type": "labels", "value": {"end": 9, "text": "Operator", "start": 0, "labels": ["OPERATOR"]}, "origin": "manual", "to_name": "text", "from_name": "label-intro"}, {"type": "labels", "value": {"end": 74, "text": ": Your next question comes from Anthony DiClemente from Evercore.", "start": 10, "labels": ["INTRO"]}, "origin": "manual", "to_name": "text", "from_name": "label-intro"}, {"type": "labels", "value": {"end": 93, "text": "Anthony DiClemente", "start": 74, "labels": ["ANALYST"]}, "origin": "manual", "to_name": "text", "from_name": "label-intro"}, {"type": "labels", "value": {"end": 838, "text": ": Thank you for taking my questions. Maybe one for Sheryl and one for Dave. Sheryl, just on checkout, Instagram checkout, maybe talk specifically about the improvements that reduced friction can provide to marketers in terms of ROI on their ads, in terms of the benefits that are created from the reduced friction of buying a product without leaving the app? And then maybe for Dave, just noticed that the daily active users on Facebook in the U.S. and Canada were stable sequentially. So anything around that in terms of what does your revenue outlook kind of assume in terms of will there be continued stability there? Any color around what you're seeing in terms of its time spent or engagement on Facebook would be really helpful. Thank you.", "start": 94, "labels": ["QUESTION"]}, "origin": "manual", "to_name": "text", "from_name": "label-intro"}, {"type": "labels", "value": {"end": 854, "text": "Sheryl Sandberg", "start": 838, "labels": ["REPRESENTATIVE"]}, "origin": "manual", "to_name": "text", "from_name": "label-intro"}, {"type": "labels", "value": {"end": 1806, "text": ": So in shopping in general, we do see a lot of interest in our apps and shopping. Instagram specifically where we launched checkout, 130 million Instagram accounts are tapping to reveal products or learn more about products in posts every month. So I think there is a real opportunity. We're excited about checkout but I really want to stress how early this is. This is a small closed beta with 23 brands and for us that's obviously a very small number. And it's not primarily a monetization product as your question assumes. Really, the benefit here is enabling a better experience for people, that when they're interested in a product they can learn more and checkout right there. Obviously, if people learn about things through our ads and then close the loop all the way to purchase, it's very strong for proving ROI, it also helps as a measure that return as well. We're excited about this kind of thing but this is as early as anything could be.", "start": 855, "labels": ["ANSWER"]}, "origin": "manual", "to_name": "text", "from_name": "label-intro"}, {"type": "labels", "value": {"end": 1818, "text": "Dave Wehner", "start": 1806, "labels": ["REPRESENTATIVE"]}, "origin": "manual", "to_name": "text", "from_name": "label-intro"}, {"type": "labels", "value": {"end": 2681, "text": ": Yes, Anthony, on the DAU in the U.S. and Canada, yes, true, that was stable so in terms of the number of DAU quarter-over-quarter. And I think that broadly paints the right picture in terms of engagement as well. We're not providing a specific time spent update but I think it paints the picture well on the DAU front. In terms of the strength that we're seeing in the U.S. and Canada on the revenue front, obviously, Instagram is playing a big, big role there and the growth of impressions from Stories is factoring into it. And at the same time we're seeing continued pricing growth on feed, and that's true for both Facebook and Instagram. And there, we're relying on continuing to improve targeting. And so you've got \u2013 the risk there is of course the headwinds that we talked about on the ad targeting front and how that will play into U.S. growth as well.", "start": 1819, "labels": ["ANSWER"]}, "origin": "manual", "to_name": "text", "from_name": "label-intro"}], "was_cancelled": false, "ground_truth": true, "created_at": "2022-02-04T10:25:34.011448Z", "updated_at": "2022-02-04T10:25:34.011454Z", "lead_time": null, "prediction": {}, "result_count": 0, "task": 17723, "parent_prediction": null, "parent_annotation": null}], "data": {"year": 2019, "company": "FB", "my_text": "\nOperator: Your next question comes from Anthony DiClemente from Evercore.\nAnthony DiClemente: Thank you for taking my questions. Maybe one for Sheryl and one for Dave. Sheryl, just on checkout, Instagram checkout, maybe talk specifically about the improvements that reduced friction can provide to marketers in terms of ROI on their ads, in terms of the benefits that are created from the reduced friction of buying a product without leaving the app? And then maybe for Dave, just noticed that the daily active users on Facebook in the U.S. and Canada were stable sequentially. So anything around that in terms of what does your revenue outlook kind of assume in terms of will there be continued stability there? Any color around what you're seeing in terms of its time spent or engagement on Facebook would be really helpful. Thank you.\nSheryl Sandberg: So in shopping in general, we do see a lot of interest in our apps and shopping. Instagram specifically where we launched checkout, 130 million Instagram accounts are tapping to reveal products or learn more about products in posts every month. So I think there is a real opportunity. We're excited about checkout but I really want to stress how early this is. This is a small closed beta with 23 brands and for us that's obviously a very small number. And it's not primarily a monetization product as your question assumes. Really, the benefit here is enabling a better experience for people, that when they're interested in a product they can learn more and checkout right there. Obviously, if people learn about things through our ads and then close the loop all the way to purchase, it's very strong for proving ROI, it also helps as a measure that return as well. We're excited about this kind of thing but this is as early as anything could be.\nDave Wehner: Yes, Anthony, on the DAU in the U.S. and Canada, yes, true, that was stable so in terms of the number of DAU quarter-over-quarter. And I think that broadly paints the right picture in terms of engagement as well. We're not providing a specific time spent update but I think it paints the picture well on the DAU front. In terms of the strength that we're seeing in the U.S. and Canada on the revenue front, obviously, Instagram is playing a big, big role there and the growth of impressions from Stories is factoring into it. And at the same time we're seeing continued pricing growth on feed, and that's true for both Facebook and Instagram. And there, we're relying on continuing to improve targeting. And so you've got \u2013 the risk there is of course the headwinds that we talked about on the ad targeting front and how that will play into U.S. growth as well.", "quarter": 1}}