{"id": 17727, "annotations": [{"id": 17830, "completed_by": 2, "result": [{"type": "labels", "value": {"end": 9, "text": "Operator", "start": 0, "labels": ["OPERATOR"]}, "origin": "manual", "to_name": "text", "from_name": "label-intro"}, {"type": "labels", "value": {"end": 81, "text": ": Your next question comes from Michael Nathanson from MoffettNathanson.", "start": 10, "labels": ["INTRO"]}, "origin": "manual", "to_name": "text", "from_name": "label-intro"}, {"type": "labels", "value": {"end": 99, "text": "Michael Nathanson", "start": 81, "labels": ["ANALYST"]}, "origin": "manual", "to_name": "text", "from_name": "label-intro"}, {"type": "labels", "value": {"end": 542, "text": ": Thanks. I have one for Mark and one for Dave. Mark, I appreciate your call about regulating the Internet. You've been outspoken on that. I just wonder if you have any views on the EU copyright directive which YouTube has been critical of or the Australia law about violent material? And if those laws become more global, do you think the company is prepared operationally to protect the platform from those types of challenges by regulators?", "start": 100, "labels": ["QUESTION"]}, "origin": "manual", "to_name": "text", "from_name": "label-intro"}, {"type": "labels", "value": {"end": 558, "text": "Sheryl Sandberg", "start": 542, "labels": ["REPRESENTATIVE"]}, "origin": "manual", "to_name": "text", "from_name": "label-intro"}, {"type": "labels", "value": {"end": 874, "text": ": So we're working with policymakers to ensure that people can share and express themselves while still protecting copyright. In terms of the experience in Europe, some of the provisions could impact the user experience in Europe but we're going to continue to work with policymakers to try to get the balance right.", "start": 559, "labels": ["ANSWER"]}, "origin": "manual", "to_name": "text", "from_name": "label-intro"}], "was_cancelled": false, "ground_truth": true, "created_at": "2022-02-04T10:25:34.011746Z", "updated_at": "2022-02-04T10:25:34.011751Z", "lead_time": null, "prediction": {}, "result_count": 0, "task": 17727, "parent_prediction": null, "parent_annotation": null}], "data": {"year": 2019, "company": "FB", "my_text": "\nOperator: Your next question comes from Michael Nathanson from MoffettNathanson.\nMichael Nathanson: Thanks. I have one for Mark and one for Dave. Mark, I appreciate your call about regulating the Internet. You've been outspoken on that. I just wonder if you have any views on the EU copyright directive which YouTube has been critical of or the Australia law about violent material? And if those laws become more global, do you think the company is prepared operationally to protect the platform from those types of challenges by regulators?\nSheryl Sandberg: So we're working with policymakers to ensure that people can share and express themselves while still protecting copyright. In terms of the experience in Europe, some of the provisions could impact the user experience in Europe but we're going to continue to work with policymakers to try to get the balance right.", "quarter": 1}}